#ifndef BENDER_48X48_H
#define BENDER_48X48_H

#include "stdint.h"
// 画布尺寸: 48x48
// 字体大小: 48

// 字符: '1' (0x0031)
const uint8_t bender_48_char_0031[288] = {
    0x00, 0x00, 0x00, 0x00, 0x00, 0x00,
    0x00, 0x00, 0x00, 0x00, 0x00, 0x00,
    0x00, 0x00, 0x00, 0x00, 0x00, 0x00,
    0x00, 0x00, 0x00, 0x00, 0x00, 0x00,
    0x00, 0x00, 0x00, 0x00, 0x00, 0x00,
    0x00, 0x00, 0x00, 0x00, 0x00, 0x00,
    0x00, 0x00, 0x00, 0x00, 0x00, 0x00,
    0x00, 0x00, 0x03, 0xC0, 0x00, 0x00,
    0x00, 0x00, 0x07, 0xC0, 0x00, 0x00,
    0x00, 0x00, 0x0F, 0xC0, 0x00, 0x00,
    0x00, 0x00, 0x1F, 0xC0, 0x00, 0x00,
    0x00, 0x00, 0x3F, 0xC0, 0x00, 0x00,
    0x00, 0x00, 0x7D, 0xC0, 0x00, 0x00,
    0x00, 0x00, 0xF9, 0xC0, 0x00, 0x00,
    0x00, 0x00, 0x71, 0xC0, 0x00, 0x00,
    0x00, 0x00, 0x21, 0xC0, 0x00, 0x00,
    0x00, 0x00, 0x01, 0xC0, 0x00, 0x00,
    0x00, 0x00, 0x01, 0xC0, 0x00, 0x00,
    0x00, 0x00, 0x01, 0xC0, 0x00, 0x00,
    0x00, 0x00, 0x01, 0xC0, 0x00, 0x00,
    0x00, 0x00, 0x01, 0xC0, 0x00, 0x00,
    0x00, 0x00, 0x01, 0xC0, 0x00, 0x00,
    0x00, 0x00, 0x01, 0xC0, 0x00, 0x00,
    0x00, 0x00, 0x01, 0xC0, 0x00, 0x00,
    0x00, 0x00, 0x01, 0xC0, 0x00, 0x00,
    0x00, 0x00, 0x01, 0xC0, 0x00, 0x00,
    0x00, 0x00, 0x01, 0xC0, 0x00, 0x00,
    0x00, 0x00, 0x01, 0xC0, 0x00, 0x00,
    0x00, 0x00, 0x01, 0xC0, 0x00, 0x00,
    0x00, 0x00, 0x01, 0xC0, 0x00, 0x00,
    0x00, 0x00, 0x01, 0xC0, 0x00, 0x00,
    0x00, 0x00, 0x01, 0xC0, 0x00, 0x00,
    0x00, 0x00, 0x01, 0xC0, 0x00, 0x00,
    0x00, 0x00, 0x01, 0xC0, 0x00, 0x00,
    0x00, 0x00, 0x01, 0xC0, 0x00, 0x00,
    0x00, 0x00, 0x01, 0xC0, 0x00, 0x00,
    0x00, 0x00, 0x01, 0xC0, 0x00, 0x00,
    0x00, 0x00, 0x01, 0xC0, 0x00, 0x00,
    0x00, 0x00, 0x7F, 0xFE, 0x00, 0x00,
    0x00, 0x00, 0x7F, 0xFE, 0x00, 0x00,
    0x00, 0x00, 0x7F, 0xFE, 0x00, 0x00,
    0x00, 0x00, 0x00, 0x00, 0x00, 0x00,
    0x00, 0x00, 0x00, 0x00, 0x00, 0x00,
    0x00, 0x00, 0x00, 0x00, 0x00, 0x00,
    0x00, 0x00, 0x00, 0x00, 0x00, 0x00,
    0x00, 0x00, 0x00, 0x00, 0x00, 0x00,
    0x00, 0x00, 0x00, 0x00, 0x00, 0x00,
    0x00, 0x00, 0x00, 0x00, 0x00, 0x00,
};

// 字符: '2' (0x0032)
const uint8_t bender_48_char_0032[288] = {
    0x00, 0x00, 0x00, 0x00, 0x00, 0x00,
    0x00, 0x00, 0x00, 0x00, 0x00, 0x00,
    0x00, 0x00, 0x00, 0x00, 0x00, 0x00,
    0x00, 0x00, 0x00, 0x00, 0x00, 0x00,
    0x00, 0x00, 0x00, 0x00, 0x00, 0x00,
    0x00, 0x00, 0x00, 0x00, 0x00, 0x00,
    0x00, 0x00, 0x00, 0x00, 0x00, 0x00,
    0x00, 0x01, 0xFF, 0xFE, 0x00, 0x00,
    0x00, 0x0F, 0xFF, 0xFF, 0x00, 0x00,
    0x00, 0x0F, 0xFF, 0xFF, 0x80, 0x00,
    0x00, 0x07, 0x00, 0x07, 0xC0, 0x00,
    0x00, 0x00, 0x00, 0x03, 0xE0, 0x00,
    0x00, 0x00, 0x00, 0x01, 0xE0, 0x00,
    0x00, 0x00, 0x00, 0x00, 0xE0, 0x00,
    0x00, 0x00, 0x00, 0x00, 0xE0, 0x00,
    0x00, 0x00, 0x00, 0x00, 0xE0, 0x00,
    0x00, 0x00, 0x00, 0x00, 0xE0, 0x00,
    0x00, 0x00, 0x00, 0x00, 0xE0, 0x00,
    0x00, 0x00, 0x00, 0x00, 0xE0, 0x00,
    0x00, 0x00, 0x00, 0x00, 0xE0, 0x00,
    0x00, 0x00, 0x00, 0x01, 0xE0, 0x00,
    0x00, 0x00, 0x00, 0x03, 0xE0, 0x00,
    0x00, 0x00, 0x00, 0x07, 0xC0, 0x00,
    0x00, 0x00, 0x00, 0x0F, 0x80, 0x00,
    0x00, 0x00, 0x00, 0x3F, 0x00, 0x00,
    0x00, 0x00, 0x00, 0x7E, 0x00, 0x00,
    0x00, 0x00, 0x01, 0xF8, 0x00, 0x00,
    0x00, 0x00, 0x03, 0xF0, 0x00, 0x00,
    0x00, 0x00, 0x0F, 0xC0, 0x00, 0x00,
    0x00, 0x00, 0x1F, 0x80, 0x00, 0x00,
    0x00, 0x00, 0x7E, 0x00, 0x00, 0x00,
    0x00, 0x00, 0xFC, 0x00, 0x00, 0x00,
    0x00, 0x03, 0xF0, 0x00, 0x00, 0x00,
    0x00, 0x07, 0xE0, 0x00, 0x00, 0x00,
    0x00, 0x0F, 0x80, 0x00, 0x00, 0x00,
    0x00, 0x0F, 0x00, 0x00, 0x00, 0x00,
    0x00, 0x0E, 0x00, 0x00, 0x00, 0x00,
    0x00, 0x0E, 0x00, 0x00, 0x00, 0x00,
    0x00, 0x0F, 0xFF, 0xFF, 0xE0, 0x00,
    0x00, 0x0F, 0xFF, 0xFF, 0xE0, 0x00,
    0x00, 0x0F, 0xFF, 0xFF, 0xE0, 0x00,
    0x00, 0x00, 0x00, 0x00, 0x00, 0x00,
    0x00, 0x00, 0x00, 0x00, 0x00, 0x00,
    0x00, 0x00, 0x00, 0x00, 0x00, 0x00,
    0x00, 0x00, 0x00, 0x00, 0x00, 0x00,
    0x00, 0x00, 0x00, 0x00, 0x00, 0x00,
    0x00, 0x00, 0x00, 0x00, 0x00, 0x00,
    0x00, 0x00, 0x00, 0x00, 0x00, 0x00,
};

// 字符: '3' (0x0033)
const uint8_t bender_48_char_0033[288] = {
    0x00, 0x00, 0x00, 0x00, 0x00, 0x00,
    0x00, 0x00, 0x00, 0x00, 0x00, 0x00,
    0x00, 0x00, 0x00, 0x00, 0x00, 0x00,
    0x00, 0x00, 0x00, 0x00, 0x00, 0x00,
    0x00, 0x00, 0x00, 0x00, 0x00, 0x00,
    0x00, 0x00, 0x00, 0x00, 0x00, 0x00,
    0x00, 0x00, 0x00, 0x00, 0x00, 0x00,
    0x00, 0x0F, 0xFF, 0xFF, 0xE0, 0x00,
    0x00, 0x0F, 0xFF, 0xFF, 0xE0, 0x00,
    0x00, 0x0F, 0xFF, 0xFF, 0xE0, 0x00,
    0x00, 0x00, 0x00, 0x03, 0xC0, 0x00,
    0x00, 0x00, 0x00, 0x07, 0x80, 0x00,
    0x00, 0x00, 0x00, 0x0F, 0x00, 0x00,
    0x00, 0x00, 0x00, 0x3E, 0x00, 0x00,
    0x00, 0x00, 0x00, 0x7C, 0x00, 0x00,
    0x00, 0x00, 0x00, 0xF8, 0x00, 0x00,
    0x00, 0x00, 0x01, 0xF0, 0x00, 0x00,
    0x00, 0x00, 0x03, 0xE0, 0x00, 0x00,
    0x00, 0x00, 0x07, 0x80, 0x00, 0x00,
    0x00, 0x00, 0x0F, 0x00, 0x00, 0x00,
    0x00, 0x00, 0x1E, 0x00, 0x00, 0x00,
    0x00, 0x00, 0x3F, 0xFC, 0x00, 0x00,
    0x00, 0x00, 0x3F, 0xFE, 0x00, 0x00,
    0x00, 0x00, 0x3F, 0xFF, 0x00, 0x00,
    0x00, 0x00, 0x00, 0x07, 0x80, 0x00,
    0x00, 0x00, 0x00, 0x03, 0xC0, 0x00,
    0x00, 0x00, 0x00, 0x01, 0xE0, 0x00,
    0x00, 0x00, 0x00, 0x00, 0xE0, 0x00,
    0x00, 0x00, 0x00, 0x00, 0xE0, 0x00,
    0x00, 0x00, 0x00, 0x00, 0xE0, 0x00,
    0x00, 0x00, 0x00, 0x00, 0xE0, 0x00,
    0x00, 0x00, 0x00, 0x00, 0xE0, 0x00,
    0x00, 0x00, 0x00, 0x00, 0xE0, 0x00,
    0x00, 0x00, 0x00, 0x00, 0xE0, 0x00,
    0x00, 0x00, 0x00, 0x00, 0xE0, 0x00,
    0x00, 0x00, 0x00, 0x01, 0xE0, 0x00,
    0x00, 0x08, 0x00, 0x03, 0xC0, 0x00,
    0x00, 0x0F, 0x00, 0x07, 0x80, 0x00,
    0x00, 0x0F, 0xFF, 0xFF, 0x00, 0x00,
    0x00, 0x0F, 0xFF, 0xFE, 0x00, 0x00,
    0x00, 0x01, 0xFF, 0xFC, 0x00, 0x00,
    0x00, 0x00, 0x00, 0x00, 0x00, 0x00,
    0x00, 0x00, 0x00, 0x00, 0x00, 0x00,
    0x00, 0x00, 0x00, 0x00, 0x00, 0x00,
    0x00, 0x00, 0x00, 0x00, 0x00, 0x00,
    0x00, 0x00, 0x00, 0x00, 0x00, 0x00,
    0x00, 0x00, 0x00, 0x00, 0x00, 0x00,
    0x00, 0x00, 0x00, 0x00, 0x00, 0x00,
};

// 字符: '4' (0x0034)
const uint8_t bender_48_char_0034[288] = {
    0x00, 0x00, 0x00, 0x00, 0x00, 0x00,
    0x00, 0x00, 0x00, 0x00, 0x00, 0x00,
    0x00, 0x00, 0x00, 0x00, 0x00, 0x00,
    0x00, 0x00, 0x00, 0x00, 0x00, 0x00,
    0x00, 0x00, 0x00, 0x00, 0x00, 0x00,
    0x00, 0x00, 0x00, 0x00, 0x00, 0x00,
    0x00, 0x00, 0x00, 0x00, 0x00, 0x00,
    0x00, 0x00, 0x00, 0x07, 0x80, 0x00,
    0x00, 0x00, 0x00, 0x0F, 0x80, 0x00,
    0x00, 0x00, 0x00, 0x1F, 0x80, 0x00,
    0x00, 0x00, 0x00, 0x3F, 0x80, 0x00,
    0x00, 0x00, 0x00, 0x3F, 0x80, 0x00,
    0x00, 0x00, 0x00, 0x7B, 0x80, 0x00,
    0x00, 0x00, 0x00, 0xF3, 0x80, 0x00,
    0x00, 0x00, 0x01, 0xE3, 0x80, 0x00,
    0x00, 0x00, 0x03, 0xC3, 0x80, 0x00,
    0x00, 0x00, 0x07, 0xC3, 0x80, 0x00,
    0x00, 0x00, 0x0F, 0x83, 0x80, 0x00,
    0x00, 0x00, 0x1F, 0x03, 0x80, 0x00,
    0x00, 0x00, 0x1E, 0x03, 0x80, 0x00,
    0x00, 0x00, 0x3C, 0x03, 0x80, 0x00,
    0x00, 0x00, 0x78, 0x03, 0x80, 0x00,
    0x00, 0x00, 0xF0, 0x03, 0x80, 0x00,
    0x00, 0x01, 0xE0, 0x03, 0x80, 0x00,
    0x00, 0x03, 0xE0, 0x03, 0x80, 0x00,
    0x00, 0x07, 0xC0, 0x03, 0x80, 0x00,
    0x00, 0x0F, 0x80, 0x03, 0x80, 0x00,
    0x00, 0x0F, 0x00, 0x03, 0x80, 0x00,
    0x00, 0x1E, 0x00, 0x03, 0x80, 0x00,
    0x00, 0x3C, 0x00, 0x03, 0x80, 0x00,
    0x00, 0x3F, 0xFF, 0xFF, 0xF0, 0x00,
    0x00, 0x3F, 0xFF, 0xFF, 0xF0, 0x00,
    0x00, 0x3F, 0xFF, 0xFF, 0xF0, 0x00,
    0x00, 0x00, 0x00, 0x03, 0x80, 0x00,
    0x00, 0x00, 0x00, 0x03, 0x80, 0x00,
    0x00, 0x00, 0x00, 0x03, 0x80, 0x00,
    0x00, 0x00, 0x00, 0x03, 0x80, 0x00,
    0x00, 0x00, 0x00, 0x03, 0x80, 0x00,
    0x00, 0x00, 0x00, 0x03, 0x80, 0x00,
    0x00, 0x00, 0x00, 0x03, 0x80, 0x00,
    0x00, 0x00, 0x00, 0x03, 0x80, 0x00,
    0x00, 0x00, 0x00, 0x00, 0x00, 0x00,
    0x00, 0x00, 0x00, 0x00, 0x00, 0x00,
    0x00, 0x00, 0x00, 0x00, 0x00, 0x00,
    0x00, 0x00, 0x00, 0x00, 0x00, 0x00,
    0x00, 0x00, 0x00, 0x00, 0x00, 0x00,
    0x00, 0x00, 0x00, 0x00, 0x00, 0x00,
    0x00, 0x00, 0x00, 0x00, 0x00, 0x00,
};

// 字符: '5' (0x0035)
const uint8_t bender_48_char_0035[288] = {
    0x00, 0x00, 0x00, 0x00, 0x00, 0x00,
    0x00, 0x00, 0x00, 0x00, 0x00, 0x00,
    0x00, 0x00, 0x00, 0x00, 0x00, 0x00,
    0x00, 0x00, 0x00, 0x00, 0x00, 0x00,
    0x00, 0x00, 0x00, 0x00, 0x00, 0x00,
    0x00, 0x00, 0x00, 0x00, 0x00, 0x00,
    0x00, 0x00, 0x00, 0x00, 0x00, 0x00,
    0x00, 0x07, 0xFF, 0xFF, 0xE0, 0x00,
    0x00, 0x07, 0xFF, 0xFF, 0xE0, 0x00,
    0x00, 0x07, 0xFF, 0xFF, 0xE0, 0x00,
    0x00, 0x07, 0x00, 0x00, 0x00, 0x00,
    0x00, 0x07, 0x00, 0x00, 0x00, 0x00,
    0x00, 0x07, 0x00, 0x00, 0x00, 0x00,
    0x00, 0x07, 0x00, 0x00, 0x00, 0x00,
    0x00, 0x07, 0x00, 0x00, 0x00, 0x00,
    0x00, 0x07, 0x00, 0x00, 0x00, 0x00,
    0x00, 0x07, 0x00, 0x00, 0x00, 0x00,
    0x00, 0x07, 0x00, 0x00, 0x00, 0x00,
    0x00, 0x07, 0x00, 0x00, 0x00, 0x00,
    0x00, 0x07, 0x00, 0x00, 0x00, 0x00,
    0x00, 0x07, 0x00, 0x00, 0x00, 0x00,
    0x00, 0x07, 0xFF, 0xFE, 0x00, 0x00,
    0x00, 0x07, 0xFF, 0xFF, 0x00, 0x00,
    0x00, 0x07, 0xFF, 0xFF, 0x80, 0x00,
    0x00, 0x00, 0x00, 0x07, 0xC0, 0x00,
    0x00, 0x00, 0x00, 0x03, 0xE0, 0x00,
    0x00, 0x00, 0x00, 0x01, 0xE0, 0x00,
    0x00, 0x00, 0x00, 0x00, 0xE0, 0x00,
    0x00, 0x00, 0x00, 0x00, 0xE0, 0x00,
    0x00, 0x00, 0x00, 0x00, 0xE0, 0x00,
    0x00, 0x00, 0x00, 0x00, 0xE0, 0x00,
    0x00, 0x00, 0x00, 0x00, 0xE0, 0x00,
    0x00, 0x00, 0x00, 0x00, 0xE0, 0x00,
    0x00, 0x00, 0x00, 0x00, 0xE0, 0x00,
    0x00, 0x00, 0x00, 0x00, 0xE0, 0x00,
    0x00, 0x00, 0x00, 0x01, 0xE0, 0x00,
    0x00, 0x04, 0x00, 0x03, 0xE0, 0x00,
    0x00, 0x07, 0x00, 0x07, 0xC0, 0x00,
    0x00, 0x07, 0xFF, 0xFF, 0x80, 0x00,
    0x00, 0x07, 0xFF, 0xFE, 0x00, 0x00,
    0x00, 0x00, 0xFF, 0xFC, 0x00, 0x00,
    0x00, 0x00, 0x00, 0x00, 0x00, 0x00,
    0x00, 0x00, 0x00, 0x00, 0x00, 0x00,
    0x00, 0x00, 0x00, 0x00, 0x00, 0x00,
    0x00, 0x00, 0x00, 0x00, 0x00, 0x00,
    0x00, 0x00, 0x00, 0x00, 0x00, 0x00,
    0x00, 0x00, 0x00, 0x00, 0x00, 0x00,
    0x00, 0x00, 0x00, 0x00, 0x00, 0x00,
};

// 字符: '6' (0x0036)
const uint8_t bender_48_char_0036[288] = {
    0x00, 0x00, 0x00, 0x00, 0x00, 0x00,
    0x00, 0x00, 0x00, 0x00, 0x00, 0x00,
    0x00, 0x00, 0x00, 0x00, 0x00, 0x00,
    0x00, 0x00, 0x00, 0x00, 0x00, 0x00,
    0x00, 0x00, 0x00, 0x00, 0x00, 0x00,
    0x00, 0x00, 0x00, 0x00, 0x00, 0x00,
    0x00, 0x00, 0x00, 0x00, 0x00, 0x00,
    0x00, 0x00, 0x7F, 0xFF, 0x80, 0x00,
    0x00, 0x00, 0xFF, 0xFF, 0xF0, 0x00,
    0x00, 0x01, 0xFF, 0xFF, 0xF0, 0x00,
    0x00, 0x03, 0xE0, 0x00, 0xE0, 0x00,
    0x00, 0x07, 0xC0, 0x00, 0x00, 0x00,
    0x00, 0x07, 0x80, 0x00, 0x00, 0x00,
    0x00, 0x07, 0x00, 0x00, 0x00, 0x00,
    0x00, 0x07, 0x00, 0x00, 0x00, 0x00,
    0x00, 0x07, 0x00, 0x00, 0x00, 0x00,
    0x00, 0x07, 0x00, 0x00, 0x00, 0x00,
    0x00, 0x07, 0x00, 0x00, 0x00, 0x00,
    0x00, 0x07, 0x00, 0x00, 0x00, 0x00,
    0x00, 0x07, 0x00, 0x00, 0x00, 0x00,
    0x00, 0x07, 0x00, 0x00, 0x00, 0x00,
    0x00, 0x07, 0xFF, 0xFF, 0x00, 0x00,
    0x00, 0x07, 0xFF, 0xFF, 0x80, 0x00,
    0x00, 0x07, 0xFF, 0xFF, 0xC0, 0x00,
    0x00, 0x07, 0x00, 0x03, 0xE0, 0x00,
    0x00, 0x07, 0x00, 0x01, 0xF0, 0x00,
    0x00, 0x07, 0x00, 0x00, 0xF0, 0x00,
    0x00, 0x07, 0x00, 0x00, 0x70, 0x00,
    0x00, 0x07, 0x00, 0x00, 0x70, 0x00,
    0x00, 0x07, 0x00, 0x00, 0x70, 0x00,
    0x00, 0x07, 0x00, 0x00, 0x70, 0x00,
    0x00, 0x07, 0x00, 0x00, 0x70, 0x00,
    0x00, 0x07, 0x00, 0x00, 0x70, 0x00,
    0x00, 0x07, 0x00, 0x00, 0x70, 0x00,
    0x00, 0x07, 0x00, 0x00, 0x70, 0x00,
    0x00, 0x07, 0x80, 0x00, 0xF0, 0x00,
    0x00, 0x07, 0xC0, 0x01, 0xF0, 0x00,
    0x00, 0x03, 0xE0, 0x03, 0xE0, 0x00,
    0x00, 0x01, 0xFF, 0xFF, 0xC0, 0x00,
    0x00, 0x00, 0xFF, 0xFF, 0x80, 0x00,
    0x00, 0x00, 0x7F, 0xFF, 0x00, 0x00,
    0x00, 0x00, 0x00, 0x00, 0x00, 0x00,
    0x00, 0x00, 0x00, 0x00, 0x00, 0x00,
    0x00, 0x00, 0x00, 0x00, 0x00, 0x00,
    0x00, 0x00, 0x00, 0x00, 0x00, 0x00,
    0x00, 0x00, 0x00, 0x00, 0x00, 0x00,
    0x00, 0x00, 0x00, 0x00, 0x00, 0x00,
    0x00, 0x00, 0x00, 0x00, 0x00, 0x00,
};

// 字符: '7' (0x0037)
const uint8_t bender_48_char_0037[288] = {
    0x00, 0x00, 0x00, 0x00, 0x00, 0x00,
    0x00, 0x00, 0x00, 0x00, 0x00, 0x00,
    0x00, 0x00, 0x00, 0x00, 0x00, 0x00,
    0x00, 0x00, 0x00, 0x00, 0x00, 0x00,
    0x00, 0x00, 0x00, 0x00, 0x00, 0x00,
    0x00, 0x00, 0x00, 0x00, 0x00, 0x00,
    0x00, 0x00, 0x00, 0x00, 0x00, 0x00,
    0x00, 0x0F, 0xFF, 0xFF, 0xE0, 0x00,
    0x00, 0x0F, 0xFF, 0xFF, 0xE0, 0x00,
    0x00, 0x0F, 0xFF, 0xFF, 0xE0, 0x00,
    0x00, 0x00, 0x00, 0x00, 0xE0, 0x00,
    0x00, 0x00, 0x00, 0x00, 0xE0, 0x00,
    0x00, 0x00, 0x00, 0x00, 0xE0, 0x00,
    0x00, 0x00, 0x00, 0x01, 0xE0, 0x00,
    0x00, 0x00, 0x00, 0x01, 0xC0, 0x00,
    0x00, 0x00, 0x00, 0x03, 0xC0, 0x00,
    0x00, 0x00, 0x00, 0x03, 0x80, 0x00,
    0x00, 0x00, 0x00, 0x07, 0x80, 0x00,
    0x00, 0x00, 0x00, 0x0F, 0x00, 0x00,
    0x00, 0x00, 0x00, 0x0F, 0x00, 0x00,
    0x00, 0x00, 0x00, 0x1E, 0x00, 0x00,
    0x00, 0x00, 0x00, 0x1C, 0x00, 0x00,
    0x00, 0x00, 0x00, 0x3C, 0x00, 0x00,
    0x00, 0x00, 0x00, 0x38, 0x00, 0x00,
    0x00, 0x00, 0x00, 0x78, 0x00, 0x00,
    0x00, 0x00, 0x00, 0xF0, 0x00, 0x00,
    0x00, 0x00, 0x00, 0xE0, 0x00, 0x00,
    0x00, 0x00, 0x01, 0xE0, 0x00, 0x00,
    0x00, 0x00, 0x01, 0xC0, 0x00, 0x00,
    0x00, 0x00, 0x03, 0xC0, 0x00, 0x00,
    0x00, 0x00, 0x03, 0x80, 0x00, 0x00,
    0x00, 0x00, 0x07, 0x80, 0x00, 0x00,
    0x00, 0x00, 0x07, 0x00, 0x00, 0x00,
    0x00, 0x00, 0x07, 0x00, 0x00, 0x00,
    0x00, 0x00, 0x07, 0x00, 0x00, 0x00,
    0x00, 0x00, 0x07, 0x00, 0x00, 0x00,
    0x00, 0x00, 0x07, 0x00, 0x00, 0x00,
    0x00, 0x00, 0x07, 0x00, 0x00, 0x00,
    0x00, 0x00, 0x07, 0x00, 0x00, 0x00,
    0x00, 0x00, 0x07, 0x00, 0x00, 0x00,
    0x00, 0x00, 0x07, 0x00, 0x00, 0x00,
    0x00, 0x00, 0x00, 0x00, 0x00, 0x00,
    0x00, 0x00, 0x00, 0x00, 0x00, 0x00,
    0x00, 0x00, 0x00, 0x00, 0x00, 0x00,
    0x00, 0x00, 0x00, 0x00, 0x00, 0x00,
    0x00, 0x00, 0x00, 0x00, 0x00, 0x00,
    0x00, 0x00, 0x00, 0x00, 0x00, 0x00,
    0x00, 0x00, 0x00, 0x00, 0x00, 0x00,
};

// 字符: '8' (0x0038)
const uint8_t bender_48_char_0038[288] = {
    0x00, 0x00, 0x00, 0x00, 0x00, 0x00,
    0x00, 0x00, 0x00, 0x00, 0x00, 0x00,
    0x00, 0x00, 0x00, 0x00, 0x00, 0x00,
    0x00, 0x00, 0x00, 0x00, 0x00, 0x00,
    0x00, 0x00, 0x00, 0x00, 0x00, 0x00,
    0x00, 0x00, 0x00, 0x00, 0x00, 0x00,
    0x00, 0x00, 0x00, 0x00, 0x00, 0x00,
    0x00, 0x00, 0x7F, 0xFE, 0x00, 0x00,
    0x00, 0x00, 0xFF, 0xFF, 0x00, 0x00,
    0x00, 0x01, 0xFF, 0xFF, 0x00, 0x00,
    0x00, 0x03, 0xC0, 0x07, 0x80, 0x00,
    0x00, 0x07, 0x80, 0x03, 0xC0, 0x00,
    0x00, 0x0F, 0x00, 0x01, 0xE0, 0x00,
    0x00, 0x0E, 0x00, 0x00, 0xE0, 0x00,
    0x00, 0x0E, 0x00, 0x00, 0xE0, 0x00,
    0x00, 0x0E, 0x00, 0x00, 0xE0, 0x00,
    0x00, 0x0E, 0x00, 0x00, 0xE0, 0x00,
    0x00, 0x0E, 0x00, 0x00, 0xE0, 0x00,
    0x00, 0x0E, 0x00, 0x00, 0xE0, 0x00,
    0x00, 0x0F, 0x00, 0x01, 0xE0, 0x00,
    0x00, 0x0F, 0x80, 0x03, 0xE0, 0x00,
    0x00, 0x07, 0xC0, 0x07, 0xC0, 0x00,
    0x00, 0x03, 0xFF, 0xFF, 0x80, 0x00,
    0x00, 0x01, 0xFF, 0xFF, 0x00, 0x00,
    0x00, 0x03, 0xFF, 0xFF, 0x80, 0x00,
    0x00, 0x07, 0xC0, 0x07, 0xC0, 0x00,
    0x00, 0x0F, 0x80, 0x03, 0xE0, 0x00,
    0x00, 0x0F, 0x00, 0x01, 0xE0, 0x00,
    0x00, 0x0E, 0x00, 0x00, 0xE0, 0x00,
    0x00, 0x0E, 0x00, 0x00, 0xE0, 0x00,
    0x00, 0x0E, 0x00, 0x00, 0xE0, 0x00,
    0x00, 0x0E, 0x00, 0x00, 0xE0, 0x00,
    0x00, 0x0E, 0x00, 0x00, 0xE0, 0x00,
    0x00, 0x0E, 0x00, 0x00, 0xE0, 0x00,
    0x00, 0x0E, 0x00, 0x00, 0xE0, 0x00,
    0x00, 0x0F, 0x00, 0x01, 0xE0, 0x00,
    0x00, 0x0F, 0x80, 0x03, 0xE0, 0x00,
    0x00, 0x07, 0xC0, 0x07, 0xC0, 0x00,
    0x00, 0x03, 0xFF, 0xFF, 0x80, 0x00,
    0x00, 0x01, 0xFF, 0xFF, 0x00, 0x00,
    0x00, 0x00, 0xFF, 0xFE, 0x00, 0x00,
    0x00, 0x00, 0x00, 0x00, 0x00, 0x00,
    0x00, 0x00, 0x00, 0x00, 0x00, 0x00,
    0x00, 0x00, 0x00, 0x00, 0x00, 0x00,
    0x00, 0x00, 0x00, 0x00, 0x00, 0x00,
    0x00, 0x00, 0x00, 0x00, 0x00, 0x00,
    0x00, 0x00, 0x00, 0x00, 0x00, 0x00,
    0x00, 0x00, 0x00, 0x00, 0x00, 0x00,
};

// 字符: '9' (0x0039)
const uint8_t bender_48_char_0039[288] = {
    0x00, 0x00, 0x00, 0x00, 0x00, 0x00,
    0x00, 0x00, 0x00, 0x00, 0x00, 0x00,
    0x00, 0x00, 0x00, 0x00, 0x00, 0x00,
    0x00, 0x00, 0x00, 0x00, 0x00, 0x00,
    0x00, 0x00, 0x00, 0x00, 0x00, 0x00,
    0x00, 0x00, 0x00, 0x00, 0x00, 0x00,
    0x00, 0x00, 0x00, 0x00, 0x00, 0x00,
    0x00, 0x00, 0xFF, 0xFE, 0x00, 0x00,
    0x00, 0x01, 0xFF, 0xFF, 0x00, 0x00,
    0x00, 0x03, 0xFF, 0xFF, 0x80, 0x00,
    0x00, 0x07, 0xC0, 0x07, 0xC0, 0x00,
    0x00, 0x0F, 0x80, 0x03, 0xE0, 0x00,
    0x00, 0x0F, 0x00, 0x01, 0xE0, 0x00,
    0x00, 0x0E, 0x00, 0x00, 0xE0, 0x00,
    0x00, 0x0E, 0x00, 0x00, 0xE0, 0x00,
    0x00, 0x0E, 0x00, 0x00, 0xE0, 0x00,
    0x00, 0x0E, 0x00, 0x00, 0xE0, 0x00,
    0x00, 0x0E, 0x00, 0x00, 0xE0, 0x00,
    0x00, 0x0E, 0x00, 0x00, 0xE0, 0x00,
    0x00, 0x0E, 0x00, 0x00, 0xE0, 0x00,
    0x00, 0x0E, 0x00, 0x00, 0xE0, 0x00,
    0x00, 0x0E, 0x00, 0x00, 0xE0, 0x00,
    0x00, 0x0F, 0x00, 0x00, 0xE0, 0x00,
    0x00, 0x0F, 0x80, 0x00, 0xE0, 0x00,
    0x00, 0x07, 0xC0, 0x00, 0xE0, 0x00,
    0x00, 0x03, 0xFF, 0xFF, 0xE0, 0x00,
    0x00, 0x01, 0xFF, 0xFF, 0xE0, 0x00,
    0x00, 0x00, 0xFF, 0xFF, 0xE0, 0x00,
    0x00, 0x00, 0x00, 0x00, 0xE0, 0x00,
    0x00, 0x00, 0x00, 0x00, 0xE0, 0x00,
    0x00, 0x00, 0x00, 0x00, 0xE0, 0x00,
    0x00, 0x00, 0x00, 0x00, 0xE0, 0x00,
    0x00, 0x00, 0x00, 0x00, 0xE0, 0x00,
    0x00, 0x00, 0x00, 0x00, 0xE0, 0x00,
    0x00, 0x00, 0x00, 0x00, 0xE0, 0x00,
    0x00, 0x00, 0x00, 0x01, 0xE0, 0x00,
    0x00, 0x00, 0x00, 0x03, 0xE0, 0x00,
    0x00, 0x07, 0x00, 0x07, 0xC0, 0x00,
    0x00, 0x0F, 0xFF, 0xFF, 0x80, 0x00,
    0x00, 0x0F, 0xFF, 0xFF, 0x00, 0x00,
    0x00, 0x01, 0xFF, 0xFE, 0x00, 0x00,
    0x00, 0x00, 0x00, 0x00, 0x00, 0x00,
    0x00, 0x00, 0x00, 0x00, 0x00, 0x00,
    0x00, 0x00, 0x00, 0x00, 0x00, 0x00,
    0x00, 0x00, 0x00, 0x00, 0x00, 0x00,
    0x00, 0x00, 0x00, 0x00, 0x00, 0x00,
    0x00, 0x00, 0x00, 0x00, 0x00, 0x00,
    0x00, 0x00, 0x00, 0x00, 0x00, 0x00,
};

// 字符: '0' (0x0030)
const uint8_t bender_48_char_0030[288] = {
    0x00, 0x00, 0x00, 0x00, 0x00, 0x00,
    0x00, 0x00, 0x00, 0x00, 0x00, 0x00,
    0x00, 0x00, 0x00, 0x00, 0x00, 0x00,
    0x00, 0x00, 0x00, 0x00, 0x00, 0x00,
    0x00, 0x00, 0x00, 0x00, 0x00, 0x00,
    0x00, 0x00, 0x00, 0x00, 0x00, 0x00,
    0x00, 0x00, 0x00, 0x00, 0x00, 0x00,
    0x00, 0x00, 0xFF, 0xFE, 0x00, 0x00,
    0x00, 0x01, 0xFF, 0xFF, 0x00, 0x00,
    0x00, 0x03, 0xFF, 0xFF, 0x80, 0x00,
    0x00, 0x07, 0xC0, 0x07, 0xC0, 0x00,
    0x00, 0x0F, 0x80, 0x07, 0xE0, 0x00,
    0x00, 0x0F, 0x00, 0x07, 0xE0, 0x00,
    0x00, 0x0E, 0x00, 0x0F, 0xE0, 0x00,
    0x00, 0x0E, 0x00, 0x1E, 0xE0, 0x00,
    0x00, 0x0E, 0x00, 0x1E, 0xE0, 0x00,
    0x00, 0x0E, 0x00, 0x3C, 0xE0, 0x00,
    0x00, 0x0E, 0x00, 0x38, 0xE0, 0x00,
    0x00, 0x0E, 0x00, 0x78, 0xE0, 0x00,
    0x00, 0x0E, 0x00, 0xF0, 0xE0, 0x00,
    0x00, 0x0E, 0x00, 0xE0, 0xE0, 0x00,
    0x00, 0x0E, 0x01, 0xE0, 0xE0, 0x00,
    0x00, 0x0E, 0x01, 0xC0, 0xE0, 0x00,
    0x00, 0x0E, 0x03, 0xC0, 0xE0, 0x00,
    0x00, 0x0E, 0x07, 0x80, 0xE0, 0x00,
    0x00, 0x0E, 0x07, 0x00, 0xE0, 0x00,
    0x00, 0x0E, 0x0F, 0x00, 0xE0, 0x00,
    0x00, 0x0E, 0x0E, 0x00, 0xE0, 0x00,
    0x00, 0x0E, 0x1E, 0x00, 0xE0, 0x00,
    0x00, 0x0E, 0x3C, 0x00, 0xE0, 0x00,
    0x00, 0x0E, 0x38, 0x00, 0xE0, 0x00,
    0x00, 0x0E, 0x78, 0x00, 0xE0, 0x00,
    0x00, 0x0E, 0xF0, 0x00, 0xE0, 0x00,
    0x00, 0x0E, 0xF0, 0x00, 0xE0, 0x00,
    0x00, 0x0F, 0xE0, 0x00, 0xE0, 0x00,
    0x00, 0x0F, 0xC0, 0x01, 0xE0, 0x00,
    0x00, 0x0F, 0xC0, 0x03, 0xE0, 0x00,
    0x00, 0x07, 0xC0, 0x07, 0xC0, 0x00,
    0x00, 0x03, 0xFF, 0xFF, 0x80, 0x00,
    0x00, 0x01, 0xFF, 0xFF, 0x00, 0x00,
    0x00, 0x00, 0xFF, 0xFE, 0x00, 0x00,
    0x00, 0x00, 0x00, 0x00, 0x00, 0x00,
    0x00, 0x00, 0x00, 0x00, 0x00, 0x00,
    0x00, 0x00, 0x00, 0x00, 0x00, 0x00,
    0x00, 0x00, 0x00, 0x00, 0x00, 0x00,
    0x00, 0x00, 0x00, 0x00, 0x00, 0x00,
    0x00, 0x00, 0x00, 0x00, 0x00, 0x00,
    0x00, 0x00, 0x00, 0x00, 0x00, 0x00,
};

// 字符: 'q' (0x0071)
const uint8_t bender_48_char_0071[288] = {
    0x00, 0x00, 0x00, 0x00, 0x00, 0x00,
    0x00, 0x00, 0x00, 0x00, 0x00, 0x00,
    0x00, 0x00, 0x00, 0x00, 0x00, 0x00,
    0x00, 0x00, 0x00, 0x00, 0x00, 0x00,
    0x00, 0x00, 0x00, 0x00, 0x00, 0x00,
    0x00, 0x00, 0x00, 0x00, 0x00, 0x00,
    0x00, 0x00, 0x00, 0x00, 0x00, 0x00,
    0x00, 0x00, 0x7F, 0xFE, 0x00, 0x00,
    0x00, 0x00, 0xFF, 0xFF, 0x00, 0x00,
    0x00, 0x01, 0xFF, 0xFF, 0x80, 0x00,
    0x00, 0x03, 0xE0, 0x07, 0xC0, 0x00,
    0x00, 0x03, 0xC0, 0x03, 0xC0, 0x00,
    0x00, 0x03, 0x80, 0x01, 0xC0, 0x00,
    0x00, 0x03, 0x80, 0x01, 0xC0, 0x00,
    0x00, 0x03, 0x80, 0x01, 0xC0, 0x00,
    0x00, 0x03, 0x80, 0x01, 0xC0, 0x00,
    0x00, 0x03, 0x80, 0x01, 0xC0, 0x00,
    0x00, 0x03, 0x80, 0x01, 0xC0, 0x00,
    0x00, 0x03, 0x80, 0x01, 0xC0, 0x00,
    0x00, 0x03, 0x80, 0x01, 0xC0, 0x00,
    0x00, 0x03, 0x80, 0x01, 0xC0, 0x00,
    0x00, 0x03, 0x80, 0x01, 0xC0, 0x00,
    0x00, 0x03, 0x80, 0x01, 0xC0, 0x00,
    0x00, 0x03, 0x80, 0x01, 0xC0, 0x00,
    0x00, 0x03, 0x80, 0x01, 0xC0, 0x00,
    0x00, 0x03, 0x80, 0x01, 0xC0, 0x00,
    0x00, 0x03, 0x80, 0x01, 0xC0, 0x00,
    0x00, 0x03, 0x80, 0x03, 0xC0, 0x00,
    0x00, 0x03, 0xC0, 0x07, 0xC0, 0x00,
    0x00, 0x03, 0xE0, 0x0F, 0xC0, 0x00,
    0x00, 0x01, 0xFF, 0xFF, 0xC0, 0x00,
    0x00, 0x00, 0xFF, 0xFF, 0xC0, 0x00,
    0x00, 0x00, 0x7F, 0xFD, 0xC0, 0x00,
    0x00, 0x00, 0x00, 0x01, 0xC0, 0x00,
    0x00, 0x00, 0x00, 0x01, 0xC0, 0x00,
    0x00, 0x00, 0x00, 0x01, 0xC0, 0x00,
    0x00, 0x00, 0x00, 0x01, 0xC0, 0x00,
    0x00, 0x00, 0x00, 0x01, 0xE0, 0x00,
    0x00, 0x00, 0x00, 0x00, 0xE0, 0x00,
    0x00, 0x00, 0x00, 0x00, 0xE0, 0x00,
    0x00, 0x00, 0x00, 0x00, 0xC0, 0x00,
    0x00, 0x00, 0x00, 0x00, 0x00, 0x00,
    0x00, 0x00, 0x00, 0x00, 0x00, 0x00,
    0x00, 0x00, 0x00, 0x00, 0x00, 0x00,
    0x00, 0x00, 0x00, 0x00, 0x00, 0x00,
    0x00, 0x00, 0x00, 0x00, 0x00, 0x00,
    0x00, 0x00, 0x00, 0x00, 0x00, 0x00,
    0x00, 0x00, 0x00, 0x00, 0x00, 0x00,
};

// 字符: 'w' (0x0077)
const uint8_t bender_48_char_0077[288] = {
    0x00, 0x00, 0x00, 0x00, 0x00, 0x00,
    0x00, 0x00, 0x00, 0x00, 0x00, 0x00,
    0x00, 0x00, 0x00, 0x00, 0x00, 0x00,
    0x00, 0x00, 0x00, 0x00, 0x00, 0x00,
    0x00, 0x00, 0x00, 0x00, 0x00, 0x00,
    0x00, 0x00, 0x00, 0x00, 0x00, 0x00,
    0x00, 0x00, 0x00, 0x00, 0x00, 0x00,
    0x00, 0x00, 0x00, 0x00, 0x00, 0x00,
    0x00, 0x00, 0x00, 0x00, 0x00, 0x00,
    0x00, 0x00, 0x00, 0x00, 0x00, 0x00,
    0x00, 0x00, 0x00, 0x00, 0x00, 0x00,
    0x00, 0xC0, 0x00, 0x00, 0x06, 0x00,
    0x01, 0xC0, 0x00, 0x00, 0x07, 0x00,
    0x01, 0xC0, 0x07, 0x80, 0x07, 0x00,
    0x01, 0xE0, 0x07, 0xC0, 0x0F, 0x00,
    0x00, 0xE0, 0x07, 0xC0, 0x0E, 0x00,
    0x00, 0xE0, 0x07, 0xC0, 0x0E, 0x00,
    0x00, 0xE0, 0x0F, 0xE0, 0x0E, 0x00,
    0x00, 0xF0, 0x0E, 0xE0, 0x1C, 0x00,
    0x00, 0x70, 0x0E, 0xE0, 0x1C, 0x00,
    0x00, 0x70, 0x1E, 0xF0, 0x1C, 0x00,
    0x00, 0x78, 0x1C, 0x70, 0x3C, 0x00,
    0x00, 0x38, 0x1C, 0x70, 0x38, 0x00,
    0x00, 0x38, 0x3C, 0x78, 0x38, 0x00,
    0x00, 0x3C, 0x38, 0x38, 0x78, 0x00,
    0x00, 0x1C, 0x38, 0x38, 0x70, 0x00,
    0x00, 0x1C, 0x78, 0x3C, 0x70, 0x00,
    0x00, 0x1C, 0x70, 0x1C, 0x70, 0x00,
    0x00, 0x1E, 0x70, 0x1C, 0xF0, 0x00,
    0x00, 0x0E, 0xF0, 0x1E, 0xE0, 0x00,
    0x00, 0x0E, 0xE0, 0x0E, 0xE0, 0x00,
    0x00, 0x0F, 0xE0, 0x0F, 0xE0, 0x00,
    0x00, 0x07, 0xE0, 0x0F, 0xC0, 0x00,
    0x00, 0x07, 0xC0, 0x07, 0xC0, 0x00,
    0x00, 0x07, 0xC0, 0x07, 0xC0, 0x00,
    0x00, 0x07, 0xC0, 0x07, 0x80, 0x00,
    0x00, 0x03, 0x80, 0x03, 0x80, 0x00,
    0x00, 0x00, 0x00, 0x00, 0x00, 0x00,
    0x00, 0x00, 0x00, 0x00, 0x00, 0x00,
    0x00, 0x00, 0x00, 0x00, 0x00, 0x00,
    0x00, 0x00, 0x00, 0x00, 0x00, 0x00,
    0x00, 0x00, 0x00, 0x00, 0x00, 0x00,
    0x00, 0x00, 0x00, 0x00, 0x00, 0x00,
    0x00, 0x00, 0x00, 0x00, 0x00, 0x00,
    0x00, 0x00, 0x00, 0x00, 0x00, 0x00,
    0x00, 0x00, 0x00, 0x00, 0x00, 0x00,
    0x00, 0x00, 0x00, 0x00, 0x00, 0x00,
    0x00, 0x00, 0x00, 0x00, 0x00, 0x00,
};

// 字符: 'e' (0x0065)
const uint8_t bender_48_char_0065[288] = {
    0x00, 0x00, 0x00, 0x00, 0x00, 0x00,
    0x00, 0x00, 0x00, 0x00, 0x00, 0x00,
    0x00, 0x00, 0x00, 0x00, 0x00, 0x00,
    0x00, 0x00, 0x00, 0x00, 0x00, 0x00,
    0x00, 0x00, 0x00, 0x00, 0x00, 0x00,
    0x00, 0x00, 0x00, 0x00, 0x00, 0x00,
    0x00, 0x00, 0x00, 0x00, 0x00, 0x00,
    0x00, 0x00, 0x00, 0x00, 0x00, 0x00,
    0x00, 0x00, 0x00, 0x00, 0x00, 0x00,
    0x00, 0x00, 0x00, 0x00, 0x00, 0x00,
    0x00, 0x00, 0x00, 0x00, 0x00, 0x00,
    0x00, 0x00, 0x7F, 0xFE, 0x00, 0x00,
    0x00, 0x00, 0xFF, 0xFF, 0x00, 0x00,
    0x00, 0x01, 0xFF, 0xFF, 0x80, 0x00,
    0x00, 0x03, 0xE0, 0x07, 0xC0, 0x00,
    0x00, 0x03, 0xC0, 0x03, 0xC0, 0x00,
    0x00, 0x03, 0x80, 0x01, 0xC0, 0x00,
    0x00, 0x03, 0x80, 0x01, 0xC0, 0x00,
    0x00, 0x03, 0x80, 0x01, 0xC0, 0x00,
    0x00, 0x03, 0x80, 0x01, 0xC0, 0x00,
    0x00, 0x03, 0x80, 0x01, 0xC0, 0x00,
    0x00, 0x03, 0x80, 0x03, 0xC0, 0x00,
    0x00, 0x03, 0x80, 0x07, 0xC0, 0x00,
    0x00, 0x03, 0xFF, 0xFF, 0x80, 0x00,
    0x00, 0x03, 0xFF, 0xFF, 0x00, 0x00,
    0x00, 0x03, 0xFF, 0xFE, 0x00, 0x00,
    0x00, 0x03, 0x80, 0x00, 0x00, 0x00,
    0x00, 0x03, 0x80, 0x00, 0x00, 0x00,
    0x00, 0x03, 0x80, 0x00, 0x00, 0x00,
    0x00, 0x03, 0x80, 0x00, 0x00, 0x00,
    0x00, 0x03, 0x80, 0x00, 0x00, 0x00,
    0x00, 0x03, 0x80, 0x00, 0x00, 0x00,
    0x00, 0x03, 0xC0, 0x00, 0x00, 0x00,
    0x00, 0x03, 0xE0, 0x03, 0xC0, 0x00,
    0x00, 0x01, 0xFF, 0xFF, 0xC0, 0x00,
    0x00, 0x00, 0xFF, 0xFF, 0xC0, 0x00,
    0x00, 0x00, 0x7F, 0xFE, 0x00, 0x00,
    0x00, 0x00, 0x00, 0x00, 0x00, 0x00,
    0x00, 0x00, 0x00, 0x00, 0x00, 0x00,
    0x00, 0x00, 0x00, 0x00, 0x00, 0x00,
    0x00, 0x00, 0x00, 0x00, 0x00, 0x00,
    0x00, 0x00, 0x00, 0x00, 0x00, 0x00,
    0x00, 0x00, 0x00, 0x00, 0x00, 0x00,
    0x00, 0x00, 0x00, 0x00, 0x00, 0x00,
    0x00, 0x00, 0x00, 0x00, 0x00, 0x00,
    0x00, 0x00, 0x00, 0x00, 0x00, 0x00,
    0x00, 0x00, 0x00, 0x00, 0x00, 0x00,
    0x00, 0x00, 0x00, 0x00, 0x00, 0x00,
};

// 字符: 'r' (0x0072)
const uint8_t bender_48_char_0072[288] = {
    0x00, 0x00, 0x00, 0x00, 0x00, 0x00,
    0x00, 0x00, 0x00, 0x00, 0x00, 0x00,
    0x00, 0x00, 0x00, 0x00, 0x00, 0x00,
    0x00, 0x00, 0x00, 0x00, 0x00, 0x00,
    0x00, 0x00, 0x00, 0x00, 0x00, 0x00,
    0x00, 0x00, 0x00, 0x00, 0x00, 0x00,
    0x00, 0x00, 0x00, 0x00, 0x00, 0x00,
    0x00, 0x00, 0x00, 0x00, 0x00, 0x00,
    0x00, 0x00, 0x00, 0x00, 0x00, 0x00,
    0x00, 0x00, 0x00, 0x00, 0x00, 0x00,
    0x00, 0x00, 0x00, 0x00, 0x00, 0x00,
    0x00, 0x01, 0xCF, 0xFC, 0x00, 0x00,
    0x00, 0x01, 0xDF, 0xFE, 0x00, 0x00,
    0x00, 0x01, 0xFF, 0xFF, 0x00, 0x00,
    0x00, 0x01, 0xFC, 0x0F, 0x80, 0x00,
    0x00, 0x01, 0xF8, 0x07, 0xC0, 0x00,
    0x00, 0x00, 0xF0, 0x03, 0x80, 0x00,
    0x00, 0x00, 0xE0, 0x01, 0x00, 0x00,
    0x00, 0x00, 0xE0, 0x00, 0x00, 0x00,
    0x00, 0x00, 0xE0, 0x00, 0x00, 0x00,
    0x00, 0x00, 0xE0, 0x00, 0x00, 0x00,
    0x00, 0x00, 0xE0, 0x00, 0x00, 0x00,
    0x00, 0x00, 0xE0, 0x00, 0x00, 0x00,
    0x00, 0x00, 0xE0, 0x00, 0x00, 0x00,
    0x00, 0x00, 0xE0, 0x00, 0x00, 0x00,
    0x00, 0x00, 0xE0, 0x00, 0x00, 0x00,
    0x00, 0x00, 0xE0, 0x00, 0x00, 0x00,
    0x00, 0x00, 0xE0, 0x00, 0x00, 0x00,
    0x00, 0x00, 0xE0, 0x00, 0x00, 0x00,
    0x00, 0x00, 0xE0, 0x00, 0x00, 0x00,
    0x00, 0x00, 0xE0, 0x00, 0x00, 0x00,
    0x00, 0x00, 0xE0, 0x00, 0x00, 0x00,
    0x00, 0x00, 0xE0, 0x00, 0x00, 0x00,
    0x00, 0x00, 0xE0, 0x00, 0x00, 0x00,
    0x00, 0x00, 0xE0, 0x00, 0x00, 0x00,
    0x00, 0x00, 0xE0, 0x00, 0x00, 0x00,
    0x00, 0x00, 0xE0, 0x00, 0x00, 0x00,
    0x00, 0x00, 0x00, 0x00, 0x00, 0x00,
    0x00, 0x00, 0x00, 0x00, 0x00, 0x00,
    0x00, 0x00, 0x00, 0x00, 0x00, 0x00,
    0x00, 0x00, 0x00, 0x00, 0x00, 0x00,
    0x00, 0x00, 0x00, 0x00, 0x00, 0x00,
    0x00, 0x00, 0x00, 0x00, 0x00, 0x00,
    0x00, 0x00, 0x00, 0x00, 0x00, 0x00,
    0x00, 0x00, 0x00, 0x00, 0x00, 0x00,
    0x00, 0x00, 0x00, 0x00, 0x00, 0x00,
    0x00, 0x00, 0x00, 0x00, 0x00, 0x00,
    0x00, 0x00, 0x00, 0x00, 0x00, 0x00,
};

// 字符: 't' (0x0074)
const uint8_t bender_48_char_0074[288] = {
    0x00, 0x00, 0x00, 0x00, 0x00, 0x00,
    0x00, 0x00, 0x00, 0x00, 0x00, 0x00,
    0x00, 0x00, 0x00, 0x00, 0x00, 0x00,
    0x00, 0x00, 0x00, 0x00, 0x00, 0x00,
    0x00, 0x00, 0x00, 0x00, 0x00, 0x00,
    0x00, 0x00, 0x00, 0x00, 0x00, 0x00,
    0x00, 0x00, 0x00, 0x00, 0x00, 0x00,
    0x00, 0x00, 0x00, 0x00, 0x00, 0x00,
    0x00, 0x00, 0x1C, 0x00, 0x00, 0x00,
    0x00, 0x00, 0x1C, 0x00, 0x00, 0x00,
    0x00, 0x00, 0x1C, 0x00, 0x00, 0x00,
    0x00, 0x00, 0x1C, 0x00, 0x00, 0x00,
    0x00, 0x00, 0x1C, 0x00, 0x00, 0x00,
    0x00, 0x00, 0x1C, 0x00, 0x00, 0x00,
    0x00, 0x00, 0x1C, 0x00, 0x00, 0x00,
    0x00, 0x00, 0x1C, 0x00, 0x00, 0x00,
    0x00, 0x03, 0xFF, 0xFC, 0x00, 0x00,
    0x00, 0x03, 0xFF, 0xFC, 0x00, 0x00,
    0x00, 0x03, 0xFF, 0xFC, 0x00, 0x00,
    0x00, 0x00, 0x1C, 0x00, 0x00, 0x00,
    0x00, 0x00, 0x1C, 0x00, 0x00, 0x00,
    0x00, 0x00, 0x1C, 0x00, 0x00, 0x00,
    0x00, 0x00, 0x1C, 0x00, 0x00, 0x00,
    0x00, 0x00, 0x1C, 0x00, 0x00, 0x00,
    0x00, 0x00, 0x1C, 0x00, 0x00, 0x00,
    0x00, 0x00, 0x1C, 0x00, 0x00, 0x00,
    0x00, 0x00, 0x1C, 0x00, 0x00, 0x00,
    0x00, 0x00, 0x1C, 0x00, 0x00, 0x00,
    0x00, 0x00, 0x1C, 0x00, 0x00, 0x00,
    0x00, 0x00, 0x1C, 0x00, 0x00, 0x00,
    0x00, 0x00, 0x1C, 0x00, 0x00, 0x00,
    0x00, 0x00, 0x1C, 0x00, 0x00, 0x00,
    0x00, 0x00, 0x1C, 0x00, 0x00, 0x00,
    0x00, 0x00, 0x1C, 0x00, 0x00, 0x00,
    0x00, 0x00, 0x1C, 0x00, 0x00, 0x00,
    0x00, 0x00, 0x1C, 0x00, 0x00, 0x00,
    0x00, 0x00, 0x1E, 0x07, 0x80, 0x00,
    0x00, 0x00, 0x0F, 0xFF, 0x80, 0x00,
    0x00, 0x00, 0x07, 0xFF, 0x80, 0x00,
    0x00, 0x00, 0x03, 0xFC, 0x00, 0x00,
    0x00, 0x00, 0x00, 0x00, 0x00, 0x00,
    0x00, 0x00, 0x00, 0x00, 0x00, 0x00,
    0x00, 0x00, 0x00, 0x00, 0x00, 0x00,
    0x00, 0x00, 0x00, 0x00, 0x00, 0x00,
    0x00, 0x00, 0x00, 0x00, 0x00, 0x00,
    0x00, 0x00, 0x00, 0x00, 0x00, 0x00,
    0x00, 0x00, 0x00, 0x00, 0x00, 0x00,
    0x00, 0x00, 0x00, 0x00, 0x00, 0x00,
};

// 字符: 'y' (0x0079)
const uint8_t bender_48_char_0079[288] = {
    0x00, 0x00, 0x00, 0x00, 0x00, 0x00,
    0x00, 0x00, 0x00, 0x00, 0x00, 0x00,
    0x00, 0x00, 0x00, 0x00, 0x00, 0x00,
    0x00, 0x00, 0x00, 0x00, 0x00, 0x00,
    0x00, 0x00, 0x00, 0x00, 0x00, 0x00,
    0x00, 0x00, 0x00, 0x00, 0x00, 0x00,
    0x00, 0x03, 0x00, 0x00, 0xC0, 0x00,
    0x00, 0x07, 0x00, 0x00, 0xE0, 0x00,
    0x00, 0x07, 0x00, 0x01, 0xE0, 0x00,
    0x00, 0x07, 0x80, 0x01, 0xC0, 0x00,
    0x00, 0x03, 0x80, 0x01, 0xC0, 0x00,
    0x00, 0x03, 0xC0, 0x03, 0xC0, 0x00,
    0x00, 0x01, 0xC0, 0x03, 0x80, 0x00,
    0x00, 0x01, 0xE0, 0x03, 0x80, 0x00,
    0x00, 0x01, 0xE0, 0x07, 0x80, 0x00,
    0x00, 0x00, 0xE0, 0x07, 0x00, 0x00,
    0x00, 0x00, 0xF0, 0x07, 0x00, 0x00,
    0x00, 0x00, 0x70, 0x0F, 0x00, 0x00,
    0x00, 0x00, 0x78, 0x0E, 0x00, 0x00,
    0x00, 0x00, 0x38, 0x0E, 0x00, 0x00,
    0x00, 0x00, 0x38, 0x1E, 0x00, 0x00,
    0x00, 0x00, 0x3C, 0x1C, 0x00, 0x00,
    0x00, 0x00, 0x1C, 0x1C, 0x00, 0x00,
    0x00, 0x00, 0x1E, 0x3C, 0x00, 0x00,
    0x00, 0x00, 0x0E, 0x38, 0x00, 0x00,
    0x00, 0x00, 0x0E, 0x38, 0x00, 0x00,
    0x00, 0x00, 0x0F, 0x78, 0x00, 0x00,
    0x00, 0x00, 0x07, 0x70, 0x00, 0x00,
    0x00, 0x00, 0x07, 0xF0, 0x00, 0x00,
    0x00, 0x00, 0x03, 0xF0, 0x00, 0x00,
    0x00, 0x00, 0x03, 0xE0, 0x00, 0x00,
    0x00, 0x00, 0x03, 0xE0, 0x00, 0x00,
    0x00, 0x00, 0x01, 0xE0, 0x00, 0x00,
    0x00, 0x00, 0x01, 0xC0, 0x00, 0x00,
    0x00, 0x00, 0x01, 0xC0, 0x00, 0x00,
    0x00, 0x00, 0x03, 0xC0, 0x00, 0x00,
    0x00, 0x00, 0x03, 0x80, 0x00, 0x00,
    0x00, 0x00, 0xFF, 0x80, 0x00, 0x00,
    0x00, 0x00, 0xFF, 0x00, 0x00, 0x00,
    0x00, 0x00, 0xFE, 0x00, 0x00, 0x00,
    0x00, 0x00, 0x00, 0x00, 0x00, 0x00,
    0x00, 0x00, 0x00, 0x00, 0x00, 0x00,
    0x00, 0x00, 0x00, 0x00, 0x00, 0x00,
    0x00, 0x00, 0x00, 0x00, 0x00, 0x00,
    0x00, 0x00, 0x00, 0x00, 0x00, 0x00,
    0x00, 0x00, 0x00, 0x00, 0x00, 0x00,
    0x00, 0x00, 0x00, 0x00, 0x00, 0x00,
    0x00, 0x00, 0x00, 0x00, 0x00, 0x00,
};

// 字符: 'u' (0x0075)
const uint8_t bender_48_char_0075[288] = {
    0x00, 0x00, 0x00, 0x00, 0x00, 0x00,
    0x00, 0x00, 0x00, 0x00, 0x00, 0x00,
    0x00, 0x00, 0x00, 0x00, 0x00, 0x00,
    0x00, 0x00, 0x00, 0x00, 0x00, 0x00,
    0x00, 0x00, 0x00, 0x00, 0x00, 0x00,
    0x00, 0x00, 0x00, 0x00, 0x00, 0x00,
    0x00, 0x00, 0x00, 0x00, 0x00, 0x00,
    0x00, 0x00, 0x00, 0x00, 0x00, 0x00,
    0x00, 0x00, 0x00, 0x00, 0x00, 0x00,
    0x00, 0x00, 0x00, 0x00, 0x00, 0x00,
    0x00, 0x00, 0x00, 0x00, 0x00, 0x00,
    0x00, 0x07, 0x00, 0x03, 0x80, 0x00,
    0x00, 0x07, 0x00, 0x03, 0x80, 0x00,
    0x00, 0x07, 0x00, 0x03, 0x80, 0x00,
    0x00, 0x07, 0x00, 0x03, 0x80, 0x00,
    0x00, 0x07, 0x00, 0x03, 0x80, 0x00,
    0x00, 0x07, 0x00, 0x03, 0x80, 0x00,
    0x00, 0x07, 0x00, 0x03, 0x80, 0x00,
    0x00, 0x07, 0x00, 0x03, 0x80, 0x00,
    0x00, 0x07, 0x00, 0x03, 0x80, 0x00,
    0x00, 0x07, 0x00, 0x03, 0x80, 0x00,
    0x00, 0x07, 0x00, 0x03, 0x80, 0x00,
    0x00, 0x07, 0x00, 0x03, 0x80, 0x00,
    0x00, 0x07, 0x00, 0x03, 0x80, 0x00,
    0x00, 0x07, 0x00, 0x03, 0x80, 0x00,
    0x00, 0x07, 0x00, 0x03, 0x80, 0x00,
    0x00, 0x07, 0x00, 0x03, 0x80, 0x00,
    0x00, 0x07, 0x00, 0x03, 0x80, 0x00,
    0x00, 0x07, 0x00, 0x03, 0x80, 0x00,
    0x00, 0x07, 0x00, 0x03, 0x80, 0x00,
    0x00, 0x07, 0x00, 0x03, 0x80, 0x00,
    0x00, 0x07, 0x00, 0x07, 0x80, 0x00,
    0x00, 0x07, 0x80, 0x0F, 0xC0, 0x00,
    0x00, 0x07, 0xC0, 0x1F, 0xC0, 0x00,
    0x00, 0x03, 0xFF, 0xFF, 0xC0, 0x00,
    0x00, 0x01, 0xFF, 0xFD, 0xC0, 0x00,
    0x00, 0x00, 0xFF, 0xF9, 0xC0, 0x00,
    0x00, 0x00, 0x00, 0x00, 0x00, 0x00,
    0x00, 0x00, 0x00, 0x00, 0x00, 0x00,
    0x00, 0x00, 0x00, 0x00, 0x00, 0x00,
    0x00, 0x00, 0x00, 0x00, 0x00, 0x00,
    0x00, 0x00, 0x00, 0x00, 0x00, 0x00,
    0x00, 0x00, 0x00, 0x00, 0x00, 0x00,
    0x00, 0x00, 0x00, 0x00, 0x00, 0x00,
    0x00, 0x00, 0x00, 0x00, 0x00, 0x00,
    0x00, 0x00, 0x00, 0x00, 0x00, 0x00,
    0x00, 0x00, 0x00, 0x00, 0x00, 0x00,
    0x00, 0x00, 0x00, 0x00, 0x00, 0x00,
};

// 字符: 'i' (0x0069)
const uint8_t bender_48_char_0069[288] = {
    0x00, 0x00, 0x00, 0x00, 0x00, 0x00,
    0x00, 0x00, 0x00, 0x00, 0x00, 0x00,
    0x00, 0x00, 0x00, 0x00, 0x00, 0x00,
    0x00, 0x00, 0x00, 0x00, 0x00, 0x00,
    0x00, 0x00, 0x00, 0x00, 0x00, 0x00,
    0x00, 0x00, 0x00, 0x00, 0x00, 0x00,
    0x00, 0x00, 0x00, 0x00, 0x00, 0x00,
    0x00, 0x00, 0x01, 0xC0, 0x00, 0x00,
    0x00, 0x00, 0x03, 0xC0, 0x00, 0x00,
    0x00, 0x00, 0x03, 0xC0, 0x00, 0x00,
    0x00, 0x00, 0x01, 0xC0, 0x00, 0x00,
    0x00, 0x00, 0x00, 0x00, 0x00, 0x00,
    0x00, 0x00, 0x00, 0x00, 0x00, 0x00,
    0x00, 0x00, 0x00, 0x00, 0x00, 0x00,
    0x00, 0x00, 0x00, 0x00, 0x00, 0x00,
    0x00, 0x00, 0x07, 0x80, 0x00, 0x00,
    0x00, 0x00, 0x03, 0x80, 0x00, 0x00,
    0x00, 0x00, 0x03, 0x80, 0x00, 0x00,
    0x00, 0x00, 0x03, 0xC0, 0x00, 0x00,
    0x00, 0x00, 0x01, 0xC0, 0x00, 0x00,
    0x00, 0x00, 0x01, 0xC0, 0x00, 0x00,
    0x00, 0x00, 0x01, 0xC0, 0x00, 0x00,
    0x00, 0x00, 0x01, 0xC0, 0x00, 0x00,
    0x00, 0x00, 0x01, 0xC0, 0x00, 0x00,
    0x00, 0x00, 0x01, 0xC0, 0x00, 0x00,
    0x00, 0x00, 0x01, 0xC0, 0x00, 0x00,
    0x00, 0x00, 0x01, 0xC0, 0x00, 0x00,
    0x00, 0x00, 0x01, 0xC0, 0x00, 0x00,
    0x00, 0x00, 0x01, 0xC0, 0x00, 0x00,
    0x00, 0x00, 0x01, 0xC0, 0x00, 0x00,
    0x00, 0x00, 0x01, 0xC0, 0x00, 0x00,
    0x00, 0x00, 0x01, 0xC0, 0x00, 0x00,
    0x00, 0x00, 0x01, 0xC0, 0x00, 0x00,
    0x00, 0x00, 0x01, 0xC0, 0x00, 0x00,
    0x00, 0x00, 0x01, 0xC0, 0x00, 0x00,
    0x00, 0x00, 0x01, 0xC0, 0x00, 0x00,
    0x00, 0x00, 0x01, 0xC0, 0x00, 0x00,
    0x00, 0x00, 0x01, 0xC0, 0x00, 0x00,
    0x00, 0x00, 0x01, 0xC0, 0x00, 0x00,
    0x00, 0x00, 0x01, 0xC0, 0x00, 0x00,
    0x00, 0x00, 0x00, 0x00, 0x00, 0x00,
    0x00, 0x00, 0x00, 0x00, 0x00, 0x00,
    0x00, 0x00, 0x00, 0x00, 0x00, 0x00,
    0x00, 0x00, 0x00, 0x00, 0x00, 0x00,
    0x00, 0x00, 0x00, 0x00, 0x00, 0x00,
    0x00, 0x00, 0x00, 0x00, 0x00, 0x00,
    0x00, 0x00, 0x00, 0x00, 0x00, 0x00,
    0x00, 0x00, 0x00, 0x00, 0x00, 0x00,
};

// 字符: 'o' (0x006F)
const uint8_t bender_48_char_006F[288] = {
    0x00, 0x00, 0x00, 0x00, 0x00, 0x00,
    0x00, 0x00, 0x00, 0x00, 0x00, 0x00,
    0x00, 0x00, 0x00, 0x00, 0x00, 0x00,
    0x00, 0x00, 0x00, 0x00, 0x00, 0x00,
    0x00, 0x00, 0x00, 0x00, 0x00, 0x00,
    0x00, 0x00, 0x00, 0x00, 0x00, 0x00,
    0x00, 0x00, 0x00, 0x00, 0x00, 0x00,
    0x00, 0x00, 0x00, 0x00, 0x00, 0x00,
    0x00, 0x00, 0x00, 0x00, 0x00, 0x00,
    0x00, 0x00, 0x00, 0x00, 0x00, 0x00,
    0x00, 0x00, 0x00, 0x00, 0x00, 0x00,
    0x00, 0x00, 0x7F, 0xFE, 0x00, 0x00,
    0x00, 0x00, 0xFF, 0xFF, 0x00, 0x00,
    0x00, 0x01, 0xFF, 0xFF, 0x80, 0x00,
    0x00, 0x03, 0xE0, 0x07, 0xC0, 0x00,
    0x00, 0x03, 0xC0, 0x03, 0xC0, 0x00,
    0x00, 0x03, 0x80, 0x01, 0xC0, 0x00,
    0x00, 0x03, 0x80, 0x01, 0xC0, 0x00,
    0x00, 0x03, 0x80, 0x01, 0xC0, 0x00,
    0x00, 0x03, 0x80, 0x01, 0xC0, 0x00,
    0x00, 0x03, 0x80, 0x01, 0xC0, 0x00,
    0x00, 0x03, 0x80, 0x01, 0xC0, 0x00,
    0x00, 0x03, 0x80, 0x01, 0xC0, 0x00,
    0x00, 0x03, 0x80, 0x01, 0xC0, 0x00,
    0x00, 0x03, 0x80, 0x01, 0xC0, 0x00,
    0x00, 0x03, 0x80, 0x01, 0xC0, 0x00,
    0x00, 0x03, 0x80, 0x01, 0xC0, 0x00,
    0x00, 0x03, 0x80, 0x01, 0xC0, 0x00,
    0x00, 0x03, 0x80, 0x01, 0xC0, 0x00,
    0x00, 0x03, 0x80, 0x01, 0xC0, 0x00,
    0x00, 0x03, 0x80, 0x01, 0xC0, 0x00,
    0x00, 0x03, 0x80, 0x01, 0xC0, 0x00,
    0x00, 0x03, 0xC0, 0x03, 0xC0, 0x00,
    0x00, 0x03, 0xE0, 0x07, 0xC0, 0x00,
    0x00, 0x01, 0xFF, 0xFF, 0x80, 0x00,
    0x00, 0x00, 0xFF, 0xFF, 0x00, 0x00,
    0x00, 0x00, 0x7F, 0xFE, 0x00, 0x00,
    0x00, 0x00, 0x00, 0x00, 0x00, 0x00,
    0x00, 0x00, 0x00, 0x00, 0x00, 0x00,
    0x00, 0x00, 0x00, 0x00, 0x00, 0x00,
    0x00, 0x00, 0x00, 0x00, 0x00, 0x00,
    0x00, 0x00, 0x00, 0x00, 0x00, 0x00,
    0x00, 0x00, 0x00, 0x00, 0x00, 0x00,
    0x00, 0x00, 0x00, 0x00, 0x00, 0x00,
    0x00, 0x00, 0x00, 0x00, 0x00, 0x00,
    0x00, 0x00, 0x00, 0x00, 0x00, 0x00,
    0x00, 0x00, 0x00, 0x00, 0x00, 0x00,
    0x00, 0x00, 0x00, 0x00, 0x00, 0x00,
};

// 字符: 'p' (0x0070)
const uint8_t bender_48_char_0070[288] = {
    0x00, 0x00, 0x00, 0x00, 0x00, 0x00,
    0x00, 0x00, 0x00, 0x00, 0x00, 0x00,
    0x00, 0x00, 0x00, 0x00, 0x00, 0x00,
    0x00, 0x00, 0x00, 0x00, 0x00, 0x00,
    0x00, 0x00, 0x00, 0x00, 0x00, 0x00,
    0x00, 0x00, 0x00, 0x00, 0x00, 0x00,
    0x00, 0x00, 0x00, 0x00, 0x00, 0x00,
    0x00, 0x07, 0x3F, 0xFE, 0x00, 0x00,
    0x00, 0x07, 0x7F, 0xFF, 0x00, 0x00,
    0x00, 0x07, 0xFF, 0xFF, 0x80, 0x00,
    0x00, 0x07, 0xF0, 0x07, 0xC0, 0x00,
    0x00, 0x07, 0xE0, 0x03, 0xC0, 0x00,
    0x00, 0x03, 0xC0, 0x01, 0xC0, 0x00,
    0x00, 0x03, 0x80, 0x01, 0xC0, 0x00,
    0x00, 0x03, 0x80, 0x01, 0xC0, 0x00,
    0x00, 0x03, 0x80, 0x01, 0xC0, 0x00,
    0x00, 0x03, 0x80, 0x01, 0xC0, 0x00,
    0x00, 0x03, 0x80, 0x01, 0xC0, 0x00,
    0x00, 0x03, 0x80, 0x01, 0xC0, 0x00,
    0x00, 0x03, 0x80, 0x01, 0xC0, 0x00,
    0x00, 0x03, 0x80, 0x01, 0xC0, 0x00,
    0x00, 0x03, 0x80, 0x01, 0xC0, 0x00,
    0x00, 0x03, 0x80, 0x01, 0xC0, 0x00,
    0x00, 0x03, 0x80, 0x01, 0xC0, 0x00,
    0x00, 0x03, 0x80, 0x01, 0xC0, 0x00,
    0x00, 0x03, 0x80, 0x01, 0xC0, 0x00,
    0x00, 0x03, 0x80, 0x01, 0xC0, 0x00,
    0x00, 0x03, 0x80, 0x01, 0xC0, 0x00,
    0x00, 0x03, 0xC0, 0x03, 0xC0, 0x00,
    0x00, 0x03, 0xE0, 0x07, 0xC0, 0x00,
    0x00, 0x03, 0xFF, 0xFF, 0x80, 0x00,
    0x00, 0x03, 0xFF, 0xFF, 0x00, 0x00,
    0x00, 0x03, 0xBF, 0xFE, 0x00, 0x00,
    0x00, 0x03, 0x80, 0x00, 0x00, 0x00,
    0x00, 0x03, 0x80, 0x00, 0x00, 0x00,
    0x00, 0x03, 0x80, 0x00, 0x00, 0x00,
    0x00, 0x03, 0x80, 0x00, 0x00, 0x00,
    0x00, 0x03, 0x80, 0x00, 0x00, 0x00,
    0x00, 0x03, 0x80, 0x00, 0x00, 0x00,
    0x00, 0x03, 0x80, 0x00, 0x00, 0x00,
    0x00, 0x03, 0x80, 0x00, 0x00, 0x00,
    0x00, 0x00, 0x00, 0x00, 0x00, 0x00,
    0x00, 0x00, 0x00, 0x00, 0x00, 0x00,
    0x00, 0x00, 0x00, 0x00, 0x00, 0x00,
    0x00, 0x00, 0x00, 0x00, 0x00, 0x00,
    0x00, 0x00, 0x00, 0x00, 0x00, 0x00,
    0x00, 0x00, 0x00, 0x00, 0x00, 0x00,
    0x00, 0x00, 0x00, 0x00, 0x00, 0x00,
};

// 字符: 'a' (0x0061)
const uint8_t bender_48_char_0061[288] = {
    0x00, 0x00, 0x00, 0x00, 0x00, 0x00,
    0x00, 0x00, 0x00, 0x00, 0x00, 0x00,
    0x00, 0x00, 0x00, 0x00, 0x00, 0x00,
    0x00, 0x00, 0x00, 0x00, 0x00, 0x00,
    0x00, 0x00, 0x00, 0x00, 0x00, 0x00,
    0x00, 0x00, 0x00, 0x00, 0x00, 0x00,
    0x00, 0x00, 0x00, 0x00, 0x00, 0x00,
    0x00, 0x00, 0x00, 0x00, 0x00, 0x00,
    0x00, 0x00, 0x00, 0x00, 0x00, 0x00,
    0x00, 0x00, 0x00, 0x00, 0x00, 0x00,
    0x00, 0x00, 0x00, 0x00, 0x00, 0x00,
    0x00, 0x00, 0x7F, 0xFC, 0x00, 0x00,
    0x00, 0x03, 0xFF, 0xFE, 0x00, 0x00,
    0x00, 0x03, 0xFF, 0xFF, 0x00, 0x00,
    0x00, 0x01, 0xC0, 0x07, 0x80, 0x00,
    0x00, 0x00, 0x00, 0x03, 0xC0, 0x00,
    0x00, 0x00, 0x00, 0x01, 0xC0, 0x00,
    0x00, 0x00, 0x00, 0x01, 0xC0, 0x00,
    0x00, 0x00, 0x00, 0x01, 0xC0, 0x00,
    0x00, 0x00, 0x00, 0x01, 0xC0, 0x00,
    0x00, 0x00, 0x00, 0x01, 0xC0, 0x00,
    0x00, 0x00, 0x00, 0x01, 0xC0, 0x00,
    0x00, 0x00, 0x7F, 0xFF, 0xC0, 0x00,
    0x00, 0x00, 0xFF, 0xFF, 0xC0, 0x00,
    0x00, 0x01, 0xFF, 0xFF, 0xC0, 0x00,
    0x00, 0x03, 0xC0, 0x01, 0xC0, 0x00,
    0x00, 0x07, 0x80, 0x01, 0xC0, 0x00,
    0x00, 0x07, 0x80, 0x01, 0xC0, 0x00,
    0x00, 0x07, 0x80, 0x01, 0xC0, 0x00,
    0x00, 0x07, 0x80, 0x01, 0xC0, 0x00,
    0x00, 0x07, 0x80, 0x01, 0xC0, 0x00,
    0x00, 0x07, 0x80, 0x03, 0xC0, 0x00,
    0x00, 0x07, 0x80, 0x07, 0xC0, 0x00,
    0x00, 0x03, 0xC0, 0x0F, 0xC0, 0x00,
    0x00, 0x01, 0xFF, 0xFF, 0xE0, 0x00,
    0x00, 0x00, 0xFF, 0xFC, 0xE0, 0x00,
    0x00, 0x00, 0x7F, 0xF8, 0xC0, 0x00,
    0x00, 0x00, 0x00, 0x00, 0x00, 0x00,
    0x00, 0x00, 0x00, 0x00, 0x00, 0x00,
    0x00, 0x00, 0x00, 0x00, 0x00, 0x00,
    0x00, 0x00, 0x00, 0x00, 0x00, 0x00,
    0x00, 0x00, 0x00, 0x00, 0x00, 0x00,
    0x00, 0x00, 0x00, 0x00, 0x00, 0x00,
    0x00, 0x00, 0x00, 0x00, 0x00, 0x00,
    0x00, 0x00, 0x00, 0x00, 0x00, 0x00,
    0x00, 0x00, 0x00, 0x00, 0x00, 0x00,
    0x00, 0x00, 0x00, 0x00, 0x00, 0x00,
    0x00, 0x00, 0x00, 0x00, 0x00, 0x00,
};

// 字符: 's' (0x0073)
const uint8_t bender_48_char_0073[288] = {
    0x00, 0x00, 0x00, 0x00, 0x00, 0x00,
    0x00, 0x00, 0x00, 0x00, 0x00, 0x00,
    0x00, 0x00, 0x00, 0x00, 0x00, 0x00,
    0x00, 0x00, 0x00, 0x00, 0x00, 0x00,
    0x00, 0x00, 0x00, 0x00, 0x00, 0x00,
    0x00, 0x00, 0x00, 0x00, 0x00, 0x00,
    0x00, 0x00, 0x00, 0x00, 0x00, 0x00,
    0x00, 0x00, 0x00, 0x00, 0x00, 0x00,
    0x00, 0x00, 0x00, 0x00, 0x00, 0x00,
    0x00, 0x00, 0x00, 0x00, 0x00, 0x00,
    0x00, 0x00, 0x00, 0x00, 0x00, 0x00,
    0x00, 0x00, 0x7F, 0xFC, 0x00, 0x00,
    0x00, 0x00, 0xFF, 0xFF, 0x80, 0x00,
    0x00, 0x01, 0xFF, 0xFF, 0x80, 0x00,
    0x00, 0x03, 0xC0, 0x07, 0x80, 0x00,
    0x00, 0x03, 0x80, 0x00, 0x00, 0x00,
    0x00, 0x03, 0x80, 0x00, 0x00, 0x00,
    0x00, 0x03, 0x80, 0x00, 0x00, 0x00,
    0x00, 0x03, 0x80, 0x00, 0x00, 0x00,
    0x00, 0x03, 0x80, 0x00, 0x00, 0x00,
    0x00, 0x03, 0xE0, 0x00, 0x00, 0x00,
    0x00, 0x01, 0xFC, 0x00, 0x00, 0x00,
    0x00, 0x01, 0xFF, 0x80, 0x00, 0x00,
    0x00, 0x00, 0x3F, 0xF0, 0x00, 0x00,
    0x00, 0x00, 0x07, 0xFC, 0x00, 0x00,
    0x00, 0x00, 0x00, 0xFF, 0x00, 0x00,
    0x00, 0x00, 0x00, 0x3F, 0x80, 0x00,
    0x00, 0x00, 0x00, 0x07, 0x80, 0x00,
    0x00, 0x00, 0x00, 0x03, 0x80, 0x00,
    0x00, 0x00, 0x00, 0x03, 0x80, 0x00,
    0x00, 0x00, 0x00, 0x03, 0x80, 0x00,
    0x00, 0x00, 0x00, 0x03, 0x80, 0x00,
    0x00, 0x02, 0x00, 0x07, 0x80, 0x00,
    0x00, 0x03, 0xC0, 0x0F, 0x80, 0x00,
    0x00, 0x03, 0xFF, 0xFF, 0x00, 0x00,
    0x00, 0x03, 0xFF, 0xFE, 0x00, 0x00,
    0x00, 0x00, 0x7F, 0xFC, 0x00, 0x00,
    0x00, 0x00, 0x00, 0x00, 0x00, 0x00,
    0x00, 0x00, 0x00, 0x00, 0x00, 0x00,
    0x00, 0x00, 0x00, 0x00, 0x00, 0x00,
    0x00, 0x00, 0x00, 0x00, 0x00, 0x00,
    0x00, 0x00, 0x00, 0x00, 0x00, 0x00,
    0x00, 0x00, 0x00, 0x00, 0x00, 0x00,
    0x00, 0x00, 0x00, 0x00, 0x00, 0x00,
    0x00, 0x00, 0x00, 0x00, 0x00, 0x00,
    0x00, 0x00, 0x00, 0x00, 0x00, 0x00,
    0x00, 0x00, 0x00, 0x00, 0x00, 0x00,
    0x00, 0x00, 0x00, 0x00, 0x00, 0x00,
};

// 字符: 'd' (0x0064)
const uint8_t bender_48_char_0064[288] = {
    0x00, 0x00, 0x00, 0x00, 0x00, 0x00,
    0x00, 0x00, 0x00, 0x00, 0x00, 0x00,
    0x00, 0x00, 0x00, 0x00, 0x00, 0x00,
    0x00, 0x00, 0x00, 0x00, 0x00, 0x00,
    0x00, 0x00, 0x00, 0x00, 0x00, 0x00,
    0x00, 0x00, 0x00, 0x00, 0x00, 0x00,
    0x00, 0x00, 0x00, 0x00, 0x00, 0x00,
    0x00, 0x00, 0x00, 0x03, 0x80, 0x00,
    0x00, 0x00, 0x00, 0x03, 0x80, 0x00,
    0x00, 0x00, 0x00, 0x03, 0x80, 0x00,
    0x00, 0x00, 0x00, 0x03, 0x80, 0x00,
    0x00, 0x00, 0x00, 0x03, 0x80, 0x00,
    0x00, 0x00, 0x00, 0x03, 0x80, 0x00,
    0x00, 0x00, 0x00, 0x03, 0x80, 0x00,
    0x00, 0x00, 0x00, 0x03, 0x80, 0x00,
    0x00, 0x00, 0xFF, 0xFB, 0x80, 0x00,
    0x00, 0x01, 0xFF, 0xFF, 0x80, 0x00,
    0x00, 0x03, 0xFF, 0xFF, 0x80, 0x00,
    0x00, 0x07, 0xC0, 0x1F, 0x80, 0x00,
    0x00, 0x07, 0x80, 0x0F, 0x80, 0x00,
    0x00, 0x07, 0x00, 0x07, 0x80, 0x00,
    0x00, 0x07, 0x00, 0x03, 0x80, 0x00,
    0x00, 0x07, 0x00, 0x03, 0x80, 0x00,
    0x00, 0x07, 0x00, 0x03, 0x80, 0x00,
    0x00, 0x07, 0x00, 0x03, 0x80, 0x00,
    0x00, 0x07, 0x00, 0x03, 0x80, 0x00,
    0x00, 0x07, 0x00, 0x03, 0x80, 0x00,
    0x00, 0x07, 0x00, 0x03, 0x80, 0x00,
    0x00, 0x07, 0x00, 0x03, 0x80, 0x00,
    0x00, 0x07, 0x00, 0x03, 0x80, 0x00,
    0x00, 0x07, 0x00, 0x03, 0x80, 0x00,
    0x00, 0x07, 0x00, 0x03, 0x80, 0x00,
    0x00, 0x07, 0x00, 0x03, 0x80, 0x00,
    0x00, 0x07, 0x00, 0x03, 0x80, 0x00,
    0x00, 0x07, 0x00, 0x03, 0x80, 0x00,
    0x00, 0x07, 0x00, 0x07, 0x80, 0x00,
    0x00, 0x07, 0x80, 0x0F, 0xC0, 0x00,
    0x00, 0x07, 0xC0, 0x1F, 0xC0, 0x00,
    0x00, 0x03, 0xFF, 0xFF, 0xC0, 0x00,
    0x00, 0x01, 0xFF, 0xFD, 0xC0, 0x00,
    0x00, 0x00, 0xFF, 0xF9, 0xC0, 0x00,
    0x00, 0x00, 0x00, 0x00, 0x00, 0x00,
    0x00, 0x00, 0x00, 0x00, 0x00, 0x00,
    0x00, 0x00, 0x00, 0x00, 0x00, 0x00,
    0x00, 0x00, 0x00, 0x00, 0x00, 0x00,
    0x00, 0x00, 0x00, 0x00, 0x00, 0x00,
    0x00, 0x00, 0x00, 0x00, 0x00, 0x00,
    0x00, 0x00, 0x00, 0x00, 0x00, 0x00,
};

// 字符: 'f' (0x0066)
const uint8_t bender_48_char_0066[288] = {
    0x00, 0x00, 0x00, 0x00, 0x00, 0x00,
    0x00, 0x00, 0x00, 0x00, 0x00, 0x00,
    0x00, 0x00, 0x00, 0x00, 0x00, 0x00,
    0x00, 0x00, 0x00, 0x00, 0x00, 0x00,
    0x00, 0x00, 0x00, 0x00, 0x00, 0x00,
    0x00, 0x00, 0x00, 0x00, 0x00, 0x00,
    0x00, 0x00, 0x00, 0x00, 0x00, 0x00,
    0x00, 0x00, 0x03, 0xFC, 0x00, 0x00,
    0x00, 0x00, 0x07, 0xFF, 0x80, 0x00,
    0x00, 0x00, 0x0F, 0xFF, 0x80, 0x00,
    0x00, 0x00, 0x1E, 0x07, 0x80, 0x00,
    0x00, 0x00, 0x3C, 0x00, 0x00, 0x00,
    0x00, 0x00, 0x38, 0x00, 0x00, 0x00,
    0x00, 0x00, 0x38, 0x00, 0x00, 0x00,
    0x00, 0x00, 0x38, 0x00, 0x00, 0x00,
    0x00, 0x00, 0x38, 0x00, 0x00, 0x00,
    0x00, 0x00, 0x38, 0x00, 0x00, 0x00,
    0x00, 0x00, 0x38, 0x00, 0x00, 0x00,
    0x00, 0x00, 0x38, 0x00, 0x00, 0x00,
    0x00, 0x03, 0xFF, 0xF8, 0x00, 0x00,
    0x00, 0x03, 0xFF, 0xF8, 0x00, 0x00,
    0x00, 0x03, 0xFF, 0xF8, 0x00, 0x00,
    0x00, 0x00, 0x38, 0x00, 0x00, 0x00,
    0x00, 0x00, 0x38, 0x00, 0x00, 0x00,
    0x00, 0x00, 0x38, 0x00, 0x00, 0x00,
    0x00, 0x00, 0x38, 0x00, 0x00, 0x00,
    0x00, 0x00, 0x38, 0x00, 0x00, 0x00,
    0x00, 0x00, 0x38, 0x00, 0x00, 0x00,
    0x00, 0x00, 0x38, 0x00, 0x00, 0x00,
    0x00, 0x00, 0x38, 0x00, 0x00, 0x00,
    0x00, 0x00, 0x38, 0x00, 0x00, 0x00,
    0x00, 0x00, 0x38, 0x00, 0x00, 0x00,
    0x00, 0x00, 0x38, 0x00, 0x00, 0x00,
    0x00, 0x00, 0x38, 0x00, 0x00, 0x00,
    0x00, 0x00, 0x38, 0x00, 0x00, 0x00,
    0x00, 0x00, 0x38, 0x00, 0x00, 0x00,
    0x00, 0x00, 0x38, 0x00, 0x00, 0x00,
    0x00, 0x00, 0x38, 0x00, 0x00, 0x00,
    0x00, 0x00, 0x38, 0x00, 0x00, 0x00,
    0x00, 0x00, 0x38, 0x00, 0x00, 0x00,
    0x00, 0x00, 0x38, 0x00, 0x00, 0x00,
    0x00, 0x00, 0x00, 0x00, 0x00, 0x00,
    0x00, 0x00, 0x00, 0x00, 0x00, 0x00,
    0x00, 0x00, 0x00, 0x00, 0x00, 0x00,
    0x00, 0x00, 0x00, 0x00, 0x00, 0x00,
    0x00, 0x00, 0x00, 0x00, 0x00, 0x00,
    0x00, 0x00, 0x00, 0x00, 0x00, 0x00,
    0x00, 0x00, 0x00, 0x00, 0x00, 0x00,
};

// 字符: 'g' (0x0067)
const uint8_t bender_48_char_0067[288] = {
    0x00, 0x00, 0x00, 0x00, 0x00, 0x00,
    0x00, 0x00, 0x00, 0x00, 0x00, 0x00,
    0x00, 0x00, 0x00, 0x00, 0x00, 0x00,
    0x00, 0x00, 0x00, 0x00, 0x00, 0x00,
    0x00, 0x00, 0x00, 0x00, 0x00, 0x00,
    0x00, 0x00, 0x00, 0x00, 0x00, 0x00,
    0x00, 0x00, 0x00, 0x01, 0xC0, 0x00,
    0x00, 0x00, 0x7F, 0xFF, 0xC0, 0x00,
    0x00, 0x00, 0xFF, 0xFF, 0xC0, 0x00,
    0x00, 0x01, 0xFF, 0xFE, 0x00, 0x00,
    0x00, 0x03, 0xC0, 0x0F, 0x00, 0x00,
    0x00, 0x03, 0x80, 0x07, 0x80, 0x00,
    0x00, 0x03, 0x80, 0x03, 0xC0, 0x00,
    0x00, 0x03, 0x80, 0x01, 0xC0, 0x00,
    0x00, 0x03, 0x80, 0x01, 0xC0, 0x00,
    0x00, 0x03, 0x80, 0x01, 0xC0, 0x00,
    0x00, 0x03, 0x80, 0x01, 0xC0, 0x00,
    0x00, 0x03, 0x80, 0x01, 0xC0, 0x00,
    0x00, 0x03, 0x80, 0x01, 0xC0, 0x00,
    0x00, 0x03, 0x80, 0x01, 0xC0, 0x00,
    0x00, 0x03, 0x80, 0x01, 0xC0, 0x00,
    0x00, 0x03, 0x80, 0x01, 0xC0, 0x00,
    0x00, 0x03, 0xC0, 0x03, 0xC0, 0x00,
    0x00, 0x01, 0xE0, 0x07, 0xC0, 0x00,
    0x00, 0x01, 0xFF, 0xFF, 0x80, 0x00,
    0x00, 0x03, 0xFF, 0xFF, 0x00, 0x00,
    0x00, 0x03, 0xBF, 0xFE, 0x00, 0x00,
    0x00, 0x03, 0x80, 0x00, 0x00, 0x00,
    0x00, 0x03, 0x80, 0x00, 0x00, 0x00,
    0x00, 0x03, 0x80, 0x00, 0x00, 0x00,
    0x00, 0x03, 0xFF, 0xFF, 0x00, 0x00,
    0x00, 0x01, 0xFF, 0xFF, 0x80, 0x00,
    0x00, 0x00, 0xFF, 0xFF, 0xC0, 0x00,
    0x00, 0x00, 0x00, 0x03, 0xC0, 0x00,
    0x00, 0x00, 0x00, 0x01, 0xC0, 0x00,
    0x00, 0x01, 0x00, 0x01, 0xC0, 0x00,
    0x00, 0x03, 0x80, 0x01, 0xC0, 0x00,
    0x00, 0x07, 0xC0, 0x03, 0xC0, 0x00,
    0x00, 0x03, 0xFF, 0xFF, 0xC0, 0x00,
    0x00, 0x01, 0xFF, 0xFF, 0x80, 0x00,
    0x00, 0x00, 0xFF, 0xFF, 0x00, 0x00,
    0x00, 0x00, 0x00, 0x00, 0x00, 0x00,
    0x00, 0x00, 0x00, 0x00, 0x00, 0x00,
    0x00, 0x00, 0x00, 0x00, 0x00, 0x00,
    0x00, 0x00, 0x00, 0x00, 0x00, 0x00,
    0x00, 0x00, 0x00, 0x00, 0x00, 0x00,
    0x00, 0x00, 0x00, 0x00, 0x00, 0x00,
    0x00, 0x00, 0x00, 0x00, 0x00, 0x00,
};

// 字符: 'h' (0x0068)
const uint8_t bender_48_char_0068[288] = {
    0x00, 0x00, 0x00, 0x00, 0x00, 0x00,
    0x00, 0x00, 0x00, 0x00, 0x00, 0x00,
    0x00, 0x00, 0x00, 0x00, 0x00, 0x00,
    0x00, 0x00, 0x00, 0x00, 0x00, 0x00,
    0x00, 0x00, 0x00, 0x00, 0x00, 0x00,
    0x00, 0x00, 0x00, 0x00, 0x00, 0x00,
    0x00, 0x00, 0x00, 0x00, 0x00, 0x00,
    0x00, 0x03, 0x00, 0x00, 0x00, 0x00,
    0x00, 0x07, 0x00, 0x00, 0x00, 0x00,
    0x00, 0x07, 0x00, 0x00, 0x00, 0x00,
    0x00, 0x07, 0x80, 0x00, 0x00, 0x00,
    0x00, 0x03, 0x80, 0x00, 0x00, 0x00,
    0x00, 0x03, 0x80, 0x00, 0x00, 0x00,
    0x00, 0x03, 0x80, 0x00, 0x00, 0x00,
    0x00, 0x03, 0x80, 0x00, 0x00, 0x00,
    0x00, 0x03, 0xBF, 0xFE, 0x00, 0x00,
    0x00, 0x03, 0xFF, 0xFF, 0x00, 0x00,
    0x00, 0x03, 0xFF, 0xFF, 0x80, 0x00,
    0x00, 0x03, 0xE0, 0x07, 0xC0, 0x00,
    0x00, 0x03, 0xC0, 0x03, 0xC0, 0x00,
    0x00, 0x03, 0x80, 0x01, 0xC0, 0x00,
    0x00, 0x03, 0x80, 0x01, 0xC0, 0x00,
    0x00, 0x03, 0x80, 0x01, 0xC0, 0x00,
    0x00, 0x03, 0x80, 0x01, 0xC0, 0x00,
    0x00, 0x03, 0x80, 0x01, 0xC0, 0x00,
    0x00, 0x03, 0x80, 0x01, 0xC0, 0x00,
    0x00, 0x03, 0x80, 0x01, 0xC0, 0x00,
    0x00, 0x03, 0x80, 0x01, 0xC0, 0x00,
    0x00, 0x03, 0x80, 0x01, 0xC0, 0x00,
    0x00, 0x03, 0x80, 0x01, 0xC0, 0x00,
    0x00, 0x03, 0x80, 0x01, 0xC0, 0x00,
    0x00, 0x03, 0x80, 0x01, 0xC0, 0x00,
    0x00, 0x03, 0x80, 0x01, 0xC0, 0x00,
    0x00, 0x03, 0x80, 0x01, 0xC0, 0x00,
    0x00, 0x03, 0x80, 0x01, 0xC0, 0x00,
    0x00, 0x03, 0x80, 0x01, 0xC0, 0x00,
    0x00, 0x03, 0x80, 0x01, 0xC0, 0x00,
    0x00, 0x03, 0x80, 0x01, 0xC0, 0x00,
    0x00, 0x03, 0x80, 0x01, 0xC0, 0x00,
    0x00, 0x03, 0x80, 0x01, 0xC0, 0x00,
    0x00, 0x03, 0x80, 0x01, 0xC0, 0x00,
    0x00, 0x00, 0x00, 0x00, 0x00, 0x00,
    0x00, 0x00, 0x00, 0x00, 0x00, 0x00,
    0x00, 0x00, 0x00, 0x00, 0x00, 0x00,
    0x00, 0x00, 0x00, 0x00, 0x00, 0x00,
    0x00, 0x00, 0x00, 0x00, 0x00, 0x00,
    0x00, 0x00, 0x00, 0x00, 0x00, 0x00,
    0x00, 0x00, 0x00, 0x00, 0x00, 0x00,
};

// 字符: 'j' (0x006A)
const uint8_t bender_48_char_006A[288] = {
    0x00, 0x00, 0x00, 0x00, 0x00, 0x00,
    0x00, 0x00, 0x00, 0x00, 0x00, 0x00,
    0x00, 0x00, 0x00, 0x00, 0x00, 0x00,
    0x00, 0x00, 0x00, 0xE0, 0x00, 0x00,
    0x00, 0x00, 0x01, 0xE0, 0x00, 0x00,
    0x00, 0x00, 0x01, 0xE0, 0x00, 0x00,
    0x00, 0x00, 0x01, 0xE0, 0x00, 0x00,
    0x00, 0x00, 0x00, 0x00, 0x00, 0x00,
    0x00, 0x00, 0x00, 0x00, 0x00, 0x00,
    0x00, 0x00, 0x00, 0x00, 0x00, 0x00,
    0x00, 0x00, 0x00, 0x00, 0x00, 0x00,
    0x00, 0x00, 0x03, 0xC0, 0x00, 0x00,
    0x00, 0x00, 0x01, 0xC0, 0x00, 0x00,
    0x00, 0x00, 0x01, 0xC0, 0x00, 0x00,
    0x00, 0x00, 0x01, 0xE0, 0x00, 0x00,
    0x00, 0x00, 0x00, 0xE0, 0x00, 0x00,
    0x00, 0x00, 0x00, 0xE0, 0x00, 0x00,
    0x00, 0x00, 0x00, 0xE0, 0x00, 0x00,
    0x00, 0x00, 0x00, 0xE0, 0x00, 0x00,
    0x00, 0x00, 0x00, 0xE0, 0x00, 0x00,
    0x00, 0x00, 0x00, 0xE0, 0x00, 0x00,
    0x00, 0x00, 0x00, 0xE0, 0x00, 0x00,
    0x00, 0x00, 0x00, 0xE0, 0x00, 0x00,
    0x00, 0x00, 0x00, 0xE0, 0x00, 0x00,
    0x00, 0x00, 0x00, 0xE0, 0x00, 0x00,
    0x00, 0x00, 0x00, 0xE0, 0x00, 0x00,
    0x00, 0x00, 0x00, 0xE0, 0x00, 0x00,
    0x00, 0x00, 0x00, 0xE0, 0x00, 0x00,
    0x00, 0x00, 0x00, 0xE0, 0x00, 0x00,
    0x00, 0x00, 0x00, 0xE0, 0x00, 0x00,
    0x00, 0x00, 0x00, 0xE0, 0x00, 0x00,
    0x00, 0x00, 0x00, 0xE0, 0x00, 0x00,
    0x00, 0x00, 0x00, 0xE0, 0x00, 0x00,
    0x00, 0x00, 0x00, 0xE0, 0x00, 0x00,
    0x00, 0x00, 0x00, 0xE0, 0x00, 0x00,
    0x00, 0x00, 0x00, 0xE0, 0x00, 0x00,
    0x00, 0x00, 0x00, 0xE0, 0x00, 0x00,
    0x00, 0x00, 0x00, 0xE0, 0x00, 0x00,
    0x00, 0x00, 0x01, 0xE0, 0x00, 0x00,
    0x00, 0x00, 0x01, 0xC0, 0x00, 0x00,
    0x00, 0x00, 0x07, 0xC0, 0x00, 0x00,
    0x00, 0x00, 0x3F, 0x80, 0x00, 0x00,
    0x00, 0x00, 0x7F, 0x00, 0x00, 0x00,
    0x00, 0x00, 0x7C, 0x00, 0x00, 0x00,
    0x00, 0x00, 0x60, 0x00, 0x00, 0x00,
    0x00, 0x00, 0x00, 0x00, 0x00, 0x00,
    0x00, 0x00, 0x00, 0x00, 0x00, 0x00,
    0x00, 0x00, 0x00, 0x00, 0x00, 0x00,
};

// 字符: 'k' (0x006B)
const uint8_t bender_48_char_006B[288] = {
    0x00, 0x00, 0x00, 0x00, 0x00, 0x00,
    0x00, 0x00, 0x00, 0x00, 0x00, 0x00,
    0x00, 0x00, 0x00, 0x00, 0x00, 0x00,
    0x00, 0x00, 0x00, 0x00, 0x00, 0x00,
    0x00, 0x00, 0x00, 0x00, 0x00, 0x00,
    0x00, 0x00, 0x00, 0x00, 0x00, 0x00,
    0x00, 0x00, 0x00, 0x00, 0x00, 0x00,
    0x00, 0x00, 0xC0, 0x00, 0x00, 0x00,
    0x00, 0x01, 0xC0, 0x00, 0x00, 0x00,
    0x00, 0x01, 0xC0, 0x00, 0x00, 0x00,
    0x00, 0x01, 0xC0, 0x00, 0x00, 0x00,
    0x00, 0x00, 0xE0, 0x00, 0x00, 0x00,
    0x00, 0x00, 0xE0, 0x00, 0x00, 0x00,
    0x00, 0x00, 0xE0, 0x00, 0x00, 0x00,
    0x00, 0x00, 0xE0, 0x00, 0x00, 0x00,
    0x00, 0x00, 0xE0, 0x00, 0x40, 0x00,
    0x00, 0x00, 0xE0, 0x01, 0xE0, 0x00,
    0x00, 0x00, 0xE0, 0x03, 0xE0, 0x00,
    0x00, 0x00, 0xE0, 0x07, 0xC0, 0x00,
    0x00, 0x00, 0xE0, 0x0F, 0x80, 0x00,
    0x00, 0x00, 0xE0, 0x1F, 0x00, 0x00,
    0x00, 0x00, 0xE0, 0x3C, 0x00, 0x00,
    0x00, 0x00, 0xE0, 0xF8, 0x00, 0x00,
    0x00, 0x00, 0xE1, 0xF0, 0x00, 0x00,
    0x00, 0x00, 0xE3, 0xE0, 0x00, 0x00,
    0x00, 0x00, 0xE7, 0xC0, 0x00, 0x00,
    0x00, 0x00, 0xEF, 0xC0, 0x00, 0x00,
    0x00, 0x00, 0xFF, 0xE0, 0x00, 0x00,
    0x00, 0x00, 0xFF, 0xF0, 0x00, 0x00,
    0x00, 0x00, 0xFC, 0xF0, 0x00, 0x00,
    0x00, 0x00, 0xF0, 0x78, 0x00, 0x00,
    0x00, 0x00, 0xE0, 0x3C, 0x00, 0x00,
    0x00, 0x00, 0xE0, 0x3E, 0x00, 0x00,
    0x00, 0x00, 0xE0, 0x1E, 0x00, 0x00,
    0x00, 0x00, 0xE0, 0x0F, 0x00, 0x00,
    0x00, 0x00, 0xE0, 0x07, 0x80, 0x00,
    0x00, 0x00, 0xE0, 0x03, 0xC0, 0x00,
    0x00, 0x00, 0xE0, 0x03, 0xC0, 0x00,
    0x00, 0x00, 0xE0, 0x01, 0xE0, 0x00,
    0x00, 0x00, 0xE0, 0x00, 0xE0, 0x00,
    0x00, 0x00, 0xE0, 0x00, 0x40, 0x00,
    0x00, 0x00, 0x00, 0x00, 0x00, 0x00,
    0x00, 0x00, 0x00, 0x00, 0x00, 0x00,
    0x00, 0x00, 0x00, 0x00, 0x00, 0x00,
    0x00, 0x00, 0x00, 0x00, 0x00, 0x00,
    0x00, 0x00, 0x00, 0x00, 0x00, 0x00,
    0x00, 0x00, 0x00, 0x00, 0x00, 0x00,
    0x00, 0x00, 0x00, 0x00, 0x00, 0x00,
};

// 字符: 'l' (0x006C)
const uint8_t bender_48_char_006C[288] = {
    0x00, 0x00, 0x00, 0x00, 0x00, 0x00,
    0x00, 0x00, 0x00, 0x00, 0x00, 0x00,
    0x00, 0x00, 0x00, 0x00, 0x00, 0x00,
    0x00, 0x00, 0x00, 0x00, 0x00, 0x00,
    0x00, 0x00, 0x00, 0x00, 0x00, 0x00,
    0x00, 0x00, 0x00, 0x00, 0x00, 0x00,
    0x00, 0x00, 0x00, 0x00, 0x00, 0x00,
    0x00, 0x00, 0x01, 0x80, 0x00, 0x00,
    0x00, 0x00, 0x03, 0x80, 0x00, 0x00,
    0x00, 0x00, 0x03, 0x80, 0x00, 0x00,
    0x00, 0x00, 0x03, 0x80, 0x00, 0x00,
    0x00, 0x00, 0x01, 0xC0, 0x00, 0x00,
    0x00, 0x00, 0x01, 0xC0, 0x00, 0x00,
    0x00, 0x00, 0x01, 0xC0, 0x00, 0x00,
    0x00, 0x00, 0x01, 0xC0, 0x00, 0x00,
    0x00, 0x00, 0x01, 0xC0, 0x00, 0x00,
    0x00, 0x00, 0x01, 0xC0, 0x00, 0x00,
    0x00, 0x00, 0x01, 0xC0, 0x00, 0x00,
    0x00, 0x00, 0x01, 0xC0, 0x00, 0x00,
    0x00, 0x00, 0x01, 0xC0, 0x00, 0x00,
    0x00, 0x00, 0x01, 0xC0, 0x00, 0x00,
    0x00, 0x00, 0x01, 0xC0, 0x00, 0x00,
    0x00, 0x00, 0x01, 0xC0, 0x00, 0x00,
    0x00, 0x00, 0x01, 0xC0, 0x00, 0x00,
    0x00, 0x00, 0x01, 0xC0, 0x00, 0x00,
    0x00, 0x00, 0x01, 0xC0, 0x00, 0x00,
    0x00, 0x00, 0x01, 0xC0, 0x00, 0x00,
    0x00, 0x00, 0x01, 0xC0, 0x00, 0x00,
    0x00, 0x00, 0x01, 0xC0, 0x00, 0x00,
    0x00, 0x00, 0x01, 0xC0, 0x00, 0x00,
    0x00, 0x00, 0x01, 0xC0, 0x00, 0x00,
    0x00, 0x00, 0x01, 0xC0, 0x00, 0x00,
    0x00, 0x00, 0x01, 0xC0, 0x00, 0x00,
    0x00, 0x00, 0x01, 0xC0, 0x00, 0x00,
    0x00, 0x00, 0x01, 0xC0, 0x00, 0x00,
    0x00, 0x00, 0x01, 0xC0, 0x00, 0x00,
    0x00, 0x00, 0x01, 0xC0, 0x00, 0x00,
    0x00, 0x00, 0x01, 0xC0, 0x00, 0x00,
    0x00, 0x00, 0x01, 0xC0, 0x00, 0x00,
    0x00, 0x00, 0x01, 0xC0, 0x00, 0x00,
    0x00, 0x00, 0x01, 0xC0, 0x00, 0x00,
    0x00, 0x00, 0x00, 0x00, 0x00, 0x00,
    0x00, 0x00, 0x00, 0x00, 0x00, 0x00,
    0x00, 0x00, 0x00, 0x00, 0x00, 0x00,
    0x00, 0x00, 0x00, 0x00, 0x00, 0x00,
    0x00, 0x00, 0x00, 0x00, 0x00, 0x00,
    0x00, 0x00, 0x00, 0x00, 0x00, 0x00,
    0x00, 0x00, 0x00, 0x00, 0x00, 0x00,
};

// 字符: 'z' (0x007A)
const uint8_t bender_48_char_007A[288] = {
    0x00, 0x00, 0x00, 0x00, 0x00, 0x00,
    0x00, 0x00, 0x00, 0x00, 0x00, 0x00,
    0x00, 0x00, 0x00, 0x00, 0x00, 0x00,
    0x00, 0x00, 0x00, 0x00, 0x00, 0x00,
    0x00, 0x00, 0x00, 0x00, 0x00, 0x00,
    0x00, 0x00, 0x00, 0x00, 0x00, 0x00,
    0x00, 0x00, 0x00, 0x00, 0x00, 0x00,
    0x00, 0x00, 0x00, 0x00, 0x00, 0x00,
    0x00, 0x00, 0x00, 0x00, 0x00, 0x00,
    0x00, 0x00, 0x00, 0x00, 0x00, 0x00,
    0x00, 0x00, 0x00, 0x00, 0x00, 0x00,
    0x00, 0x03, 0xFF, 0xFF, 0xC0, 0x00,
    0x00, 0x03, 0xFF, 0xFF, 0xC0, 0x00,
    0x00, 0x03, 0xFF, 0xFF, 0xC0, 0x00,
    0x00, 0x00, 0x00, 0x07, 0x80, 0x00,
    0x00, 0x00, 0x00, 0x07, 0x80, 0x00,
    0x00, 0x00, 0x00, 0x0F, 0x00, 0x00,
    0x00, 0x00, 0x00, 0x1E, 0x00, 0x00,
    0x00, 0x00, 0x00, 0x3C, 0x00, 0x00,
    0x00, 0x00, 0x00, 0x78, 0x00, 0x00,
    0x00, 0x00, 0x00, 0x78, 0x00, 0x00,
    0x00, 0x00, 0x00, 0xF0, 0x00, 0x00,
    0x00, 0x00, 0x01, 0xE0, 0x00, 0x00,
    0x00, 0x00, 0x03, 0xC0, 0x00, 0x00,
    0x00, 0x00, 0x07, 0xC0, 0x00, 0x00,
    0x00, 0x00, 0x07, 0x80, 0x00, 0x00,
    0x00, 0x00, 0x0F, 0x00, 0x00, 0x00,
    0x00, 0x00, 0x1E, 0x00, 0x00, 0x00,
    0x00, 0x00, 0x3C, 0x00, 0x00, 0x00,
    0x00, 0x00, 0x7C, 0x00, 0x00, 0x00,
    0x00, 0x00, 0x78, 0x00, 0x00, 0x00,
    0x00, 0x00, 0xF0, 0x00, 0x00, 0x00,
    0x00, 0x01, 0xE0, 0x00, 0x00, 0x00,
    0x00, 0x03, 0xC0, 0x00, 0x00, 0x00,
    0x00, 0x03, 0xFF, 0xFF, 0xC0, 0x00,
    0x00, 0x03, 0xFF, 0xFF, 0xC0, 0x00,
    0x00, 0x03, 0xFF, 0xFF, 0xC0, 0x00,
    0x00, 0x00, 0x00, 0x00, 0x00, 0x00,
    0x00, 0x00, 0x00, 0x00, 0x00, 0x00,
    0x00, 0x00, 0x00, 0x00, 0x00, 0x00,
    0x00, 0x00, 0x00, 0x00, 0x00, 0x00,
    0x00, 0x00, 0x00, 0x00, 0x00, 0x00,
    0x00, 0x00, 0x00, 0x00, 0x00, 0x00,
    0x00, 0x00, 0x00, 0x00, 0x00, 0x00,
    0x00, 0x00, 0x00, 0x00, 0x00, 0x00,
    0x00, 0x00, 0x00, 0x00, 0x00, 0x00,
    0x00, 0x00, 0x00, 0x00, 0x00, 0x00,
    0x00, 0x00, 0x00, 0x00, 0x00, 0x00,
};

// 字符: 'x' (0x0078)
const uint8_t bender_48_char_0078[288] = {
    0x00, 0x00, 0x00, 0x00, 0x00, 0x00,
    0x00, 0x00, 0x00, 0x00, 0x00, 0x00,
    0x00, 0x00, 0x00, 0x00, 0x00, 0x00,
    0x00, 0x00, 0x00, 0x00, 0x00, 0x00,
    0x00, 0x00, 0x00, 0x00, 0x00, 0x00,
    0x00, 0x00, 0x00, 0x00, 0x00, 0x00,
    0x00, 0x00, 0x00, 0x00, 0x00, 0x00,
    0x00, 0x00, 0x00, 0x00, 0x00, 0x00,
    0x00, 0x00, 0x00, 0x00, 0x00, 0x00,
    0x00, 0x00, 0x00, 0x00, 0x00, 0x00,
    0x00, 0x00, 0x00, 0x00, 0x00, 0x00,
    0x00, 0x01, 0x00, 0x01, 0x00, 0x00,
    0x00, 0x03, 0x80, 0x01, 0xC0, 0x00,
    0x00, 0x03, 0xC0, 0x03, 0xC0, 0x00,
    0x00, 0x01, 0xE0, 0x07, 0x80, 0x00,
    0x00, 0x01, 0xE0, 0x0F, 0x00, 0x00,
    0x00, 0x00, 0xF0, 0x0E, 0x00, 0x00,
    0x00, 0x00, 0x78, 0x1E, 0x00, 0x00,
    0x00, 0x00, 0x3C, 0x3C, 0x00, 0x00,
    0x00, 0x00, 0x3C, 0x78, 0x00, 0x00,
    0x00, 0x00, 0x1E, 0xF0, 0x00, 0x00,
    0x00, 0x00, 0x0F, 0xF0, 0x00, 0x00,
    0x00, 0x00, 0x07, 0xE0, 0x00, 0x00,
    0x00, 0x00, 0x03, 0xC0, 0x00, 0x00,
    0x00, 0x00, 0x03, 0xC0, 0x00, 0x00,
    0x00, 0x00, 0x07, 0xE0, 0x00, 0x00,
    0x00, 0x00, 0x0F, 0xF0, 0x00, 0x00,
    0x00, 0x00, 0x1E, 0xF0, 0x00, 0x00,
    0x00, 0x00, 0x1E, 0x78, 0x00, 0x00,
    0x00, 0x00, 0x3C, 0x3C, 0x00, 0x00,
    0x00, 0x00, 0x78, 0x1E, 0x00, 0x00,
    0x00, 0x00, 0xF0, 0x1E, 0x00, 0x00,
    0x00, 0x00, 0xE0, 0x0F, 0x00, 0x00,
    0x00, 0x01, 0xE0, 0x07, 0x80, 0x00,
    0x00, 0x03, 0xC0, 0x03, 0xC0, 0x00,
    0x00, 0x03, 0x80, 0x03, 0xC0, 0x00,
    0x00, 0x01, 0x00, 0x01, 0x00, 0x00,
    0x00, 0x00, 0x00, 0x00, 0x00, 0x00,
    0x00, 0x00, 0x00, 0x00, 0x00, 0x00,
    0x00, 0x00, 0x00, 0x00, 0x00, 0x00,
    0x00, 0x00, 0x00, 0x00, 0x00, 0x00,
    0x00, 0x00, 0x00, 0x00, 0x00, 0x00,
    0x00, 0x00, 0x00, 0x00, 0x00, 0x00,
    0x00, 0x00, 0x00, 0x00, 0x00, 0x00,
    0x00, 0x00, 0x00, 0x00, 0x00, 0x00,
    0x00, 0x00, 0x00, 0x00, 0x00, 0x00,
    0x00, 0x00, 0x00, 0x00, 0x00, 0x00,
    0x00, 0x00, 0x00, 0x00, 0x00, 0x00,
};

// 字符: 'c' (0x0063)
const uint8_t bender_48_char_0063[288] = {
    0x00, 0x00, 0x00, 0x00, 0x00, 0x00,
    0x00, 0x00, 0x00, 0x00, 0x00, 0x00,
    0x00, 0x00, 0x00, 0x00, 0x00, 0x00,
    0x00, 0x00, 0x00, 0x00, 0x00, 0x00,
    0x00, 0x00, 0x00, 0x00, 0x00, 0x00,
    0x00, 0x00, 0x00, 0x00, 0x00, 0x00,
    0x00, 0x00, 0x00, 0x00, 0x00, 0x00,
    0x00, 0x00, 0x00, 0x00, 0x00, 0x00,
    0x00, 0x00, 0x00, 0x00, 0x00, 0x00,
    0x00, 0x00, 0x00, 0x00, 0x00, 0x00,
    0x00, 0x00, 0x00, 0x00, 0x00, 0x00,
    0x00, 0x00, 0x7F, 0xFE, 0x00, 0x00,
    0x00, 0x00, 0xFF, 0xFF, 0x00, 0x00,
    0x00, 0x01, 0xFF, 0xFF, 0x80, 0x00,
    0x00, 0x03, 0xE0, 0x07, 0xC0, 0x00,
    0x00, 0x03, 0xC0, 0x03, 0xC0, 0x00,
    0x00, 0x03, 0x80, 0x01, 0xC0, 0x00,
    0x00, 0x03, 0x80, 0x01, 0xC0, 0x00,
    0x00, 0x03, 0x80, 0x01, 0xC0, 0x00,
    0x00, 0x03, 0x80, 0x01, 0xC0, 0x00,
    0x00, 0x03, 0x80, 0x00, 0x00, 0x00,
    0x00, 0x03, 0x80, 0x00, 0x00, 0x00,
    0x00, 0x03, 0x80, 0x00, 0x00, 0x00,
    0x00, 0x03, 0x80, 0x00, 0x00, 0x00,
    0x00, 0x03, 0x80, 0x00, 0x00, 0x00,
    0x00, 0x03, 0x80, 0x00, 0x00, 0x00,
    0x00, 0x03, 0x80, 0x00, 0x00, 0x00,
    0x00, 0x03, 0x80, 0x00, 0x00, 0x00,
    0x00, 0x03, 0x80, 0x00, 0x00, 0x00,
    0x00, 0x03, 0x80, 0x00, 0x00, 0x00,
    0x00, 0x03, 0x80, 0x00, 0x00, 0x00,
    0x00, 0x03, 0x80, 0x00, 0x00, 0x00,
    0x00, 0x03, 0xC0, 0x00, 0x00, 0x00,
    0x00, 0x03, 0xE0, 0x03, 0xC0, 0x00,
    0x00, 0x01, 0xFF, 0xFF, 0xC0, 0x00,
    0x00, 0x00, 0xFF, 0xFF, 0xC0, 0x00,
    0x00, 0x00, 0x7F, 0xFE, 0x00, 0x00,
    0x00, 0x00, 0x00, 0x00, 0x00, 0x00,
    0x00, 0x00, 0x00, 0x00, 0x00, 0x00,
    0x00, 0x00, 0x00, 0x00, 0x00, 0x00,
    0x00, 0x00, 0x00, 0x00, 0x00, 0x00,
    0x00, 0x00, 0x00, 0x00, 0x00, 0x00,
    0x00, 0x00, 0x00, 0x00, 0x00, 0x00,
    0x00, 0x00, 0x00, 0x00, 0x00, 0x00,
    0x00, 0x00, 0x00, 0x00, 0x00, 0x00,
    0x00, 0x00, 0x00, 0x00, 0x00, 0x00,
    0x00, 0x00, 0x00, 0x00, 0x00, 0x00,
    0x00, 0x00, 0x00, 0x00, 0x00, 0x00,
};

// 字符: 'v' (0x0076)
const uint8_t bender_48_char_0076[288] = {
    0x00, 0x00, 0x00, 0x00, 0x00, 0x00,
    0x00, 0x00, 0x00, 0x00, 0x00, 0x00,
    0x00, 0x00, 0x00, 0x00, 0x00, 0x00,
    0x00, 0x00, 0x00, 0x00, 0x00, 0x00,
    0x00, 0x00, 0x00, 0x00, 0x00, 0x00,
    0x00, 0x00, 0x00, 0x00, 0x00, 0x00,
    0x00, 0x00, 0x00, 0x00, 0x00, 0x00,
    0x00, 0x00, 0x00, 0x00, 0x00, 0x00,
    0x00, 0x00, 0x00, 0x00, 0x00, 0x00,
    0x00, 0x00, 0x00, 0x00, 0x00, 0x00,
    0x00, 0x00, 0x00, 0x00, 0x00, 0x00,
    0x00, 0x03, 0x00, 0x00, 0xC0, 0x00,
    0x00, 0x07, 0x00, 0x00, 0xE0, 0x00,
    0x00, 0x07, 0x00, 0x00, 0xE0, 0x00,
    0x00, 0x07, 0x80, 0x01, 0xE0, 0x00,
    0x00, 0x03, 0x80, 0x01, 0xC0, 0x00,
    0x00, 0x03, 0xC0, 0x03, 0xC0, 0x00,
    0x00, 0x01, 0xC0, 0x03, 0x80, 0x00,
    0x00, 0x01, 0xC0, 0x03, 0x80, 0x00,
    0x00, 0x01, 0xE0, 0x07, 0x80, 0x00,
    0x00, 0x00, 0xE0, 0x07, 0x00, 0x00,
    0x00, 0x00, 0xF0, 0x0F, 0x00, 0x00,
    0x00, 0x00, 0x70, 0x0E, 0x00, 0x00,
    0x00, 0x00, 0x70, 0x0E, 0x00, 0x00,
    0x00, 0x00, 0x78, 0x1E, 0x00, 0x00,
    0x00, 0x00, 0x38, 0x1C, 0x00, 0x00,
    0x00, 0x00, 0x3C, 0x3C, 0x00, 0x00,
    0x00, 0x00, 0x1C, 0x38, 0x00, 0x00,
    0x00, 0x00, 0x1C, 0x38, 0x00, 0x00,
    0x00, 0x00, 0x1E, 0x78, 0x00, 0x00,
    0x00, 0x00, 0x0E, 0x70, 0x00, 0x00,
    0x00, 0x00, 0x0F, 0xF0, 0x00, 0x00,
    0x00, 0x00, 0x07, 0xE0, 0x00, 0x00,
    0x00, 0x00, 0x07, 0xE0, 0x00, 0x00,
    0x00, 0x00, 0x07, 0xE0, 0x00, 0x00,
    0x00, 0x00, 0x03, 0xC0, 0x00, 0x00,
    0x00, 0x00, 0x03, 0xC0, 0x00, 0x00,
    0x00, 0x00, 0x00, 0x00, 0x00, 0x00,
    0x00, 0x00, 0x00, 0x00, 0x00, 0x00,
    0x00, 0x00, 0x00, 0x00, 0x00, 0x00,
    0x00, 0x00, 0x00, 0x00, 0x00, 0x00,
    0x00, 0x00, 0x00, 0x00, 0x00, 0x00,
    0x00, 0x00, 0x00, 0x00, 0x00, 0x00,
    0x00, 0x00, 0x00, 0x00, 0x00, 0x00,
    0x00, 0x00, 0x00, 0x00, 0x00, 0x00,
    0x00, 0x00, 0x00, 0x00, 0x00, 0x00,
    0x00, 0x00, 0x00, 0x00, 0x00, 0x00,
    0x00, 0x00, 0x00, 0x00, 0x00, 0x00,
};

// 字符: 'b' (0x0062)
const uint8_t bender_48_char_0062[288] = {
    0x00, 0x00, 0x00, 0x00, 0x00, 0x00,
    0x00, 0x00, 0x00, 0x00, 0x00, 0x00,
    0x00, 0x00, 0x00, 0x00, 0x00, 0x00,
    0x00, 0x00, 0x00, 0x00, 0x00, 0x00,
    0x00, 0x00, 0x00, 0x00, 0x00, 0x00,
    0x00, 0x00, 0x00, 0x00, 0x00, 0x00,
    0x00, 0x00, 0x00, 0x00, 0x00, 0x00,
    0x00, 0x03, 0x00, 0x00, 0x00, 0x00,
    0x00, 0x07, 0x00, 0x00, 0x00, 0x00,
    0x00, 0x07, 0x00, 0x00, 0x00, 0x00,
    0x00, 0x07, 0x80, 0x00, 0x00, 0x00,
    0x00, 0x03, 0x80, 0x00, 0x00, 0x00,
    0x00, 0x03, 0x80, 0x00, 0x00, 0x00,
    0x00, 0x03, 0x80, 0x00, 0x00, 0x00,
    0x00, 0x03, 0x80, 0x00, 0x00, 0x00,
    0x00, 0x03, 0xBF, 0xFE, 0x00, 0x00,
    0x00, 0x03, 0xFF, 0xFF, 0x00, 0x00,
    0x00, 0x03, 0xFF, 0xFF, 0x80, 0x00,
    0x00, 0x03, 0xE0, 0x07, 0xC0, 0x00,
    0x00, 0x03, 0xC0, 0x03, 0xC0, 0x00,
    0x00, 0x03, 0x80, 0x01, 0xC0, 0x00,
    0x00, 0x03, 0x80, 0x01, 0xC0, 0x00,
    0x00, 0x03, 0x80, 0x01, 0xC0, 0x00,
    0x00, 0x03, 0x80, 0x01, 0xC0, 0x00,
    0x00, 0x03, 0x80, 0x01, 0xC0, 0x00,
    0x00, 0x03, 0x80, 0x01, 0xC0, 0x00,
    0x00, 0x03, 0x80, 0x01, 0xC0, 0x00,
    0x00, 0x03, 0x80, 0x01, 0xC0, 0x00,
    0x00, 0x03, 0x80, 0x01, 0xC0, 0x00,
    0x00, 0x03, 0x80, 0x01, 0xC0, 0x00,
    0x00, 0x03, 0x80, 0x01, 0xC0, 0x00,
    0x00, 0x03, 0x80, 0x01, 0xC0, 0x00,
    0x00, 0x03, 0x80, 0x01, 0xC0, 0x00,
    0x00, 0x03, 0x80, 0x01, 0xC0, 0x00,
    0x00, 0x03, 0x80, 0x01, 0xC0, 0x00,
    0x00, 0x03, 0x80, 0x01, 0xC0, 0x00,
    0x00, 0x03, 0xC0, 0x03, 0xC0, 0x00,
    0x00, 0x03, 0xE0, 0x07, 0xC0, 0x00,
    0x00, 0x01, 0xFF, 0xFF, 0x80, 0x00,
    0x00, 0x00, 0xFF, 0xFF, 0x00, 0x00,
    0x00, 0x00, 0x7F, 0xFE, 0x00, 0x00,
    0x00, 0x00, 0x00, 0x00, 0x00, 0x00,
    0x00, 0x00, 0x00, 0x00, 0x00, 0x00,
    0x00, 0x00, 0x00, 0x00, 0x00, 0x00,
    0x00, 0x00, 0x00, 0x00, 0x00, 0x00,
    0x00, 0x00, 0x00, 0x00, 0x00, 0x00,
    0x00, 0x00, 0x00, 0x00, 0x00, 0x00,
    0x00, 0x00, 0x00, 0x00, 0x00, 0x00,
};

// 字符: 'n' (0x006E)
const uint8_t bender_48_char_006E[288] = {
    0x00, 0x00, 0x00, 0x00, 0x00, 0x00,
    0x00, 0x00, 0x00, 0x00, 0x00, 0x00,
    0x00, 0x00, 0x00, 0x00, 0x00, 0x00,
    0x00, 0x00, 0x00, 0x00, 0x00, 0x00,
    0x00, 0x00, 0x00, 0x00, 0x00, 0x00,
    0x00, 0x00, 0x00, 0x00, 0x00, 0x00,
    0x00, 0x00, 0x00, 0x00, 0x00, 0x00,
    0x00, 0x00, 0x00, 0x00, 0x00, 0x00,
    0x00, 0x00, 0x00, 0x00, 0x00, 0x00,
    0x00, 0x00, 0x00, 0x00, 0x00, 0x00,
    0x00, 0x00, 0x00, 0x00, 0x00, 0x00,
    0x00, 0x07, 0x3F, 0xFE, 0x00, 0x00,
    0x00, 0x07, 0x7F, 0xFF, 0x00, 0x00,
    0x00, 0x07, 0xFF, 0xFF, 0x80, 0x00,
    0x00, 0x07, 0xF0, 0x07, 0xC0, 0x00,
    0x00, 0x07, 0xE0, 0x03, 0xC0, 0x00,
    0x00, 0x03, 0xC0, 0x01, 0xC0, 0x00,
    0x00, 0x03, 0x80, 0x01, 0xC0, 0x00,
    0x00, 0x03, 0x80, 0x01, 0xC0, 0x00,
    0x00, 0x03, 0x80, 0x01, 0xC0, 0x00,
    0x00, 0x03, 0x80, 0x01, 0xC0, 0x00,
    0x00, 0x03, 0x80, 0x01, 0xC0, 0x00,
    0x00, 0x03, 0x80, 0x01, 0xC0, 0x00,
    0x00, 0x03, 0x80, 0x01, 0xC0, 0x00,
    0x00, 0x03, 0x80, 0x01, 0xC0, 0x00,
    0x00, 0x03, 0x80, 0x01, 0xC0, 0x00,
    0x00, 0x03, 0x80, 0x01, 0xC0, 0x00,
    0x00, 0x03, 0x80, 0x01, 0xC0, 0x00,
    0x00, 0x03, 0x80, 0x01, 0xC0, 0x00,
    0x00, 0x03, 0x80, 0x01, 0xC0, 0x00,
    0x00, 0x03, 0x80, 0x01, 0xC0, 0x00,
    0x00, 0x03, 0x80, 0x01, 0xC0, 0x00,
    0x00, 0x03, 0x80, 0x01, 0xC0, 0x00,
    0x00, 0x03, 0x80, 0x01, 0xC0, 0x00,
    0x00, 0x03, 0x80, 0x01, 0xC0, 0x00,
    0x00, 0x03, 0x80, 0x01, 0xC0, 0x00,
    0x00, 0x03, 0x80, 0x01, 0xC0, 0x00,
    0x00, 0x00, 0x00, 0x00, 0x00, 0x00,
    0x00, 0x00, 0x00, 0x00, 0x00, 0x00,
    0x00, 0x00, 0x00, 0x00, 0x00, 0x00,
    0x00, 0x00, 0x00, 0x00, 0x00, 0x00,
    0x00, 0x00, 0x00, 0x00, 0x00, 0x00,
    0x00, 0x00, 0x00, 0x00, 0x00, 0x00,
    0x00, 0x00, 0x00, 0x00, 0x00, 0x00,
    0x00, 0x00, 0x00, 0x00, 0x00, 0x00,
    0x00, 0x00, 0x00, 0x00, 0x00, 0x00,
    0x00, 0x00, 0x00, 0x00, 0x00, 0x00,
    0x00, 0x00, 0x00, 0x00, 0x00, 0x00,
};

// 字符: 'm' (0x006D)
const uint8_t bender_48_char_006D[288] = {
    0x00, 0x00, 0x00, 0x00, 0x00, 0x00,
    0x00, 0x00, 0x00, 0x00, 0x00, 0x00,
    0x00, 0x00, 0x00, 0x00, 0x00, 0x00,
    0x00, 0x00, 0x00, 0x00, 0x00, 0x00,
    0x00, 0x00, 0x00, 0x00, 0x00, 0x00,
    0x00, 0x00, 0x00, 0x00, 0x00, 0x00,
    0x00, 0x00, 0x00, 0x00, 0x00, 0x00,
    0x00, 0x00, 0x00, 0x00, 0x00, 0x00,
    0x00, 0x00, 0x00, 0x00, 0x00, 0x00,
    0x00, 0x00, 0x00, 0x00, 0x00, 0x00,
    0x00, 0x00, 0x00, 0x00, 0x00, 0x00,
    0x01, 0xCF, 0xFE, 0x3F, 0xFC, 0x00,
    0x01, 0xDF, 0xFF, 0x7F, 0xFE, 0x00,
    0x01, 0xFF, 0xFF, 0xFF, 0xFF, 0x00,
    0x01, 0xFC, 0x07, 0xF0, 0x0F, 0x80,
    0x01, 0xF8, 0x03, 0xE0, 0x07, 0x80,
    0x00, 0xF0, 0x01, 0xC0, 0x03, 0x80,
    0x00, 0xE0, 0x01, 0xC0, 0x03, 0x80,
    0x00, 0xE0, 0x01, 0xC0, 0x03, 0x80,
    0x00, 0xE0, 0x01, 0xC0, 0x03, 0x80,
    0x00, 0xE0, 0x01, 0xC0, 0x03, 0x80,
    0x00, 0xE0, 0x01, 0xC0, 0x03, 0x80,
    0x00, 0xE0, 0x01, 0xC0, 0x03, 0x80,
    0x00, 0xE0, 0x01, 0xC0, 0x03, 0x80,
    0x00, 0xE0, 0x01, 0xC0, 0x03, 0x80,
    0x00, 0xE0, 0x01, 0xC0, 0x03, 0x80,
    0x00, 0xE0, 0x01, 0xC0, 0x03, 0x80,
    0x00, 0xE0, 0x01, 0xC0, 0x03, 0x80,
    0x00, 0xE0, 0x01, 0xC0, 0x03, 0x80,
    0x00, 0xE0, 0x01, 0xC0, 0x03, 0x80,
    0x00, 0xE0, 0x01, 0xC0, 0x03, 0x80,
    0x00, 0xE0, 0x01, 0xC0, 0x03, 0x80,
    0x00, 0xE0, 0x01, 0xC0, 0x03, 0x80,
    0x00, 0xE0, 0x01, 0xC0, 0x03, 0x80,
    0x00, 0xE0, 0x01, 0xC0, 0x03, 0x80,
    0x00, 0xE0, 0x01, 0xC0, 0x03, 0x80,
    0x00, 0xE0, 0x01, 0xC0, 0x03, 0x80,
    0x00, 0x00, 0x00, 0x00, 0x00, 0x00,
    0x00, 0x00, 0x00, 0x00, 0x00, 0x00,
    0x00, 0x00, 0x00, 0x00, 0x00, 0x00,
    0x00, 0x00, 0x00, 0x00, 0x00, 0x00,
    0x00, 0x00, 0x00, 0x00, 0x00, 0x00,
    0x00, 0x00, 0x00, 0x00, 0x00, 0x00,
    0x00, 0x00, 0x00, 0x00, 0x00, 0x00,
    0x00, 0x00, 0x00, 0x00, 0x00, 0x00,
    0x00, 0x00, 0x00, 0x00, 0x00, 0x00,
    0x00, 0x00, 0x00, 0x00, 0x00, 0x00,
    0x00, 0x00, 0x00, 0x00, 0x00, 0x00,
};

// 字符: 'Q' (0x0051)
const uint8_t bender_48_char_0051[288] = {
    0x00, 0x00, 0x00, 0x00, 0x00, 0x00,
    0x00, 0x00, 0x00, 0x00, 0x00, 0x00,
    0x00, 0x00, 0x00, 0x00, 0x00, 0x00,
    0x00, 0x00, 0x7F, 0xFF, 0x00, 0x00,
    0x00, 0x00, 0xFF, 0xFF, 0x80, 0x00,
    0x00, 0x01, 0xFF, 0xFF, 0xC0, 0x00,
    0x00, 0x07, 0xC0, 0x03, 0xE0, 0x00,
    0x00, 0x0F, 0x80, 0x01, 0xF0, 0x00,
    0x00, 0x0F, 0x00, 0x00, 0x78, 0x00,
    0x00, 0x0E, 0x00, 0x00, 0x78, 0x00,
    0x00, 0x0E, 0x00, 0x00, 0x78, 0x00,
    0x00, 0x0E, 0x00, 0x00, 0x78, 0x00,
    0x00, 0x0E, 0x00, 0x00, 0x78, 0x00,
    0x00, 0x0E, 0x00, 0x00, 0x78, 0x00,
    0x00, 0x0E, 0x00, 0x00, 0x78, 0x00,
    0x00, 0x0E, 0x00, 0x00, 0x78, 0x00,
    0x00, 0x0E, 0x00, 0x00, 0x78, 0x00,
    0x00, 0x0E, 0x00, 0x00, 0x78, 0x00,
    0x00, 0x0E, 0x00, 0x00, 0x78, 0x00,
    0x00, 0x0E, 0x00, 0x00, 0x78, 0x00,
    0x00, 0x0E, 0x00, 0x00, 0x78, 0x00,
    0x00, 0x0E, 0x00, 0x00, 0x78, 0x00,
    0x00, 0x0E, 0x00, 0x00, 0x78, 0x00,
    0x00, 0x0E, 0x00, 0x00, 0x78, 0x00,
    0x00, 0x0E, 0x00, 0x00, 0x78, 0x00,
    0x00, 0x0E, 0x00, 0x00, 0x78, 0x00,
    0x00, 0x0E, 0x00, 0x00, 0x78, 0x00,
    0x00, 0x0E, 0x00, 0x00, 0x78, 0x00,
    0x00, 0x0E, 0x00, 0x00, 0x78, 0x00,
    0x00, 0x0E, 0x00, 0x00, 0x78, 0x00,
    0x00, 0x0E, 0x00, 0x00, 0x78, 0x00,
    0x00, 0x0F, 0x01, 0xC0, 0x78, 0x00,
    0x00, 0x0F, 0x81, 0xC0, 0xF0, 0x00,
    0x00, 0x07, 0xC1, 0xC3, 0xE0, 0x00,
    0x00, 0x01, 0xFF, 0xFF, 0xC0, 0x00,
    0x00, 0x00, 0xFF, 0xFF, 0x80, 0x00,
    0x00, 0x00, 0x7F, 0xFF, 0x00, 0x00,
    0x00, 0x00, 0x01, 0xC0, 0x00, 0x00,
    0x00, 0x00, 0x01, 0xC0, 0x00, 0x00,
    0x00, 0x00, 0x01, 0xC0, 0x00, 0x00,
    0x00, 0x00, 0x01, 0xC0, 0x00, 0x00,
    0x00, 0x00, 0x01, 0xC0, 0x00, 0x00,
    0x00, 0x00, 0x01, 0xC0, 0x00, 0x00,
    0x00, 0x00, 0x01, 0xC0, 0x00, 0x00,
    0x00, 0x00, 0x00, 0x00, 0x00, 0x00,
    0x00, 0x00, 0x00, 0x00, 0x00, 0x00,
    0x00, 0x00, 0x00, 0x00, 0x00, 0x00,
    0x00, 0x00, 0x00, 0x00, 0x00, 0x00,
};

// 字符: 'W' (0x0057)
const uint8_t bender_48_char_0057[288] = {
    0x00, 0x00, 0x00, 0x00, 0x00, 0x00,
    0x00, 0x00, 0x00, 0x00, 0x00, 0x00,
    0x00, 0x00, 0x00, 0x00, 0x00, 0x00,
    0x00, 0x00, 0x00, 0x00, 0x00, 0x00,
    0x00, 0x00, 0x00, 0x00, 0x00, 0x00,
    0x00, 0x00, 0x00, 0x00, 0x00, 0x00,
    0x00, 0x00, 0x00, 0x00, 0x00, 0x00,
    0x0C, 0x00, 0x00, 0x00, 0x00, 0x60,
    0x1C, 0x00, 0x03, 0xC0, 0x00, 0x70,
    0x1E, 0x00, 0x03, 0xC0, 0x00, 0x70,
    0x0E, 0x00, 0x07, 0xC0, 0x00, 0x70,
    0x0E, 0x00, 0x07, 0xC0, 0x00, 0xF0,
    0x0F, 0x00, 0x07, 0xE0, 0x00, 0xE0,
    0x07, 0x00, 0x07, 0xE0, 0x00, 0xE0,
    0x07, 0x00, 0x0F, 0xE0, 0x01, 0xE0,
    0x07, 0x00, 0x0E, 0xF0, 0x01, 0xC0,
    0x07, 0x80, 0x0E, 0xF0, 0x01, 0xC0,
    0x03, 0x80, 0x1E, 0x70, 0x01, 0xC0,
    0x03, 0x80, 0x1C, 0x70, 0x03, 0xC0,
    0x03, 0xC0, 0x1C, 0x78, 0x03, 0x80,
    0x01, 0xC0, 0x1C, 0x38, 0x03, 0x80,
    0x01, 0xC0, 0x3C, 0x38, 0x07, 0x80,
    0x01, 0xC0, 0x38, 0x3C, 0x07, 0x00,
    0x01, 0xE0, 0x38, 0x1C, 0x07, 0x00,
    0x00, 0xE0, 0x78, 0x1C, 0x07, 0x00,
    0x00, 0xE0, 0x70, 0x1C, 0x0F, 0x00,
    0x00, 0xF0, 0x70, 0x1E, 0x0E, 0x00,
    0x00, 0x70, 0x70, 0x0E, 0x0E, 0x00,
    0x00, 0x70, 0xF0, 0x0E, 0x1E, 0x00,
    0x00, 0x78, 0xE0, 0x0F, 0x1C, 0x00,
    0x00, 0x78, 0xE0, 0x07, 0x1C, 0x00,
    0x00, 0x39, 0xE0, 0x07, 0x1C, 0x00,
    0x00, 0x39, 0xC0, 0x07, 0x3C, 0x00,
    0x00, 0x3D, 0xC0, 0x07, 0xB8, 0x00,
    0x00, 0x1D, 0xC0, 0x03, 0xB8, 0x00,
    0x00, 0x1F, 0xC0, 0x03, 0xF8, 0x00,
    0x00, 0x1F, 0x80, 0x03, 0xF0, 0x00,
    0x00, 0x1F, 0x80, 0x01, 0xF0, 0x00,
    0x00, 0x0F, 0x80, 0x01, 0xF0, 0x00,
    0x00, 0x0F, 0x00, 0x01, 0xF0, 0x00,
    0x00, 0x0F, 0x00, 0x01, 0xE0, 0x00,
    0x00, 0x00, 0x00, 0x00, 0x00, 0x00,
    0x00, 0x00, 0x00, 0x00, 0x00, 0x00,
    0x00, 0x00, 0x00, 0x00, 0x00, 0x00,
    0x00, 0x00, 0x00, 0x00, 0x00, 0x00,
    0x00, 0x00, 0x00, 0x00, 0x00, 0x00,
    0x00, 0x00, 0x00, 0x00, 0x00, 0x00,
    0x00, 0x00, 0x00, 0x00, 0x00, 0x00,
};

// 字符: 'E' (0x0045)
const uint8_t bender_48_char_0045[288] = {
    0x00, 0x00, 0x00, 0x00, 0x00, 0x00,
    0x00, 0x00, 0x00, 0x00, 0x00, 0x00,
    0x00, 0x00, 0x00, 0x00, 0x00, 0x00,
    0x00, 0x00, 0x00, 0x00, 0x00, 0x00,
    0x00, 0x00, 0x00, 0x00, 0x00, 0x00,
    0x00, 0x00, 0x00, 0x00, 0x00, 0x00,
    0x00, 0x00, 0x00, 0x00, 0x00, 0x00,
    0x00, 0x01, 0xFF, 0xFF, 0xF0, 0x00,
    0x00, 0x01, 0xFF, 0xFF, 0xF0, 0x00,
    0x00, 0x01, 0xFF, 0xFF, 0xF0, 0x00,
    0x00, 0x01, 0xC0, 0x00, 0x00, 0x00,
    0x00, 0x01, 0xC0, 0x00, 0x00, 0x00,
    0x00, 0x01, 0xC0, 0x00, 0x00, 0x00,
    0x00, 0x01, 0xC0, 0x00, 0x00, 0x00,
    0x00, 0x01, 0xC0, 0x00, 0x00, 0x00,
    0x00, 0x01, 0xC0, 0x00, 0x00, 0x00,
    0x00, 0x01, 0xC0, 0x00, 0x00, 0x00,
    0x00, 0x01, 0xC0, 0x00, 0x00, 0x00,
    0x00, 0x01, 0xC0, 0x00, 0x00, 0x00,
    0x00, 0x01, 0xC0, 0x00, 0x00, 0x00,
    0x00, 0x01, 0xC0, 0x00, 0x00, 0x00,
    0x00, 0x01, 0xC0, 0x00, 0x00, 0x00,
    0x00, 0x01, 0xFF, 0xFF, 0xC0, 0x00,
    0x00, 0x01, 0xFF, 0xFF, 0xC0, 0x00,
    0x00, 0x01, 0xFF, 0xFF, 0xC0, 0x00,
    0x00, 0x01, 0xC0, 0x00, 0x00, 0x00,
    0x00, 0x01, 0xC0, 0x00, 0x00, 0x00,
    0x00, 0x01, 0xC0, 0x00, 0x00, 0x00,
    0x00, 0x01, 0xC0, 0x00, 0x00, 0x00,
    0x00, 0x01, 0xC0, 0x00, 0x00, 0x00,
    0x00, 0x01, 0xC0, 0x00, 0x00, 0x00,
    0x00, 0x01, 0xC0, 0x00, 0x00, 0x00,
    0x00, 0x01, 0xC0, 0x00, 0x00, 0x00,
    0x00, 0x01, 0xC0, 0x00, 0x00, 0x00,
    0x00, 0x01, 0xC0, 0x00, 0x00, 0x00,
    0x00, 0x01, 0xC0, 0x00, 0x00, 0x00,
    0x00, 0x01, 0xC0, 0x00, 0x00, 0x00,
    0x00, 0x01, 0xC0, 0x00, 0x00, 0x00,
    0x00, 0x01, 0xFF, 0xFF, 0xF0, 0x00,
    0x00, 0x01, 0xFF, 0xFF, 0xF0, 0x00,
    0x00, 0x01, 0xFF, 0xFF, 0xF0, 0x00,
    0x00, 0x00, 0x00, 0x00, 0x00, 0x00,
    0x00, 0x00, 0x00, 0x00, 0x00, 0x00,
    0x00, 0x00, 0x00, 0x00, 0x00, 0x00,
    0x00, 0x00, 0x00, 0x00, 0x00, 0x00,
    0x00, 0x00, 0x00, 0x00, 0x00, 0x00,
    0x00, 0x00, 0x00, 0x00, 0x00, 0x00,
    0x00, 0x00, 0x00, 0x00, 0x00, 0x00,
};

// 字符: 'R' (0x0052)
const uint8_t bender_48_char_0052[288] = {
    0x00, 0x00, 0x00, 0x00, 0x00, 0x00,
    0x00, 0x00, 0x00, 0x00, 0x00, 0x00,
    0x00, 0x00, 0x00, 0x00, 0x00, 0x00,
    0x00, 0x00, 0x00, 0x00, 0x00, 0x00,
    0x00, 0x00, 0x00, 0x00, 0x00, 0x00,
    0x00, 0x00, 0x00, 0x00, 0x00, 0x00,
    0x00, 0x07, 0xFF, 0xFF, 0x00, 0x00,
    0x00, 0x07, 0xFF, 0xFF, 0x80, 0x00,
    0x00, 0x07, 0xFF, 0xFF, 0xC0, 0x00,
    0x00, 0x07, 0x00, 0x03, 0xE0, 0x00,
    0x00, 0x07, 0x00, 0x01, 0xF0, 0x00,
    0x00, 0x07, 0x00, 0x00, 0xF0, 0x00,
    0x00, 0x07, 0x00, 0x00, 0x70, 0x00,
    0x00, 0x07, 0x00, 0x00, 0x70, 0x00,
    0x00, 0x07, 0x00, 0x00, 0x70, 0x00,
    0x00, 0x07, 0x00, 0x00, 0x70, 0x00,
    0x00, 0x07, 0x00, 0x00, 0x70, 0x00,
    0x00, 0x07, 0x00, 0x00, 0x70, 0x00,
    0x00, 0x07, 0x00, 0x00, 0x70, 0x00,
    0x00, 0x07, 0x00, 0x00, 0x70, 0x00,
    0x00, 0x07, 0x00, 0x00, 0x70, 0x00,
    0x00, 0x07, 0x00, 0x00, 0xF0, 0x00,
    0x00, 0x07, 0x00, 0x01, 0xF0, 0x00,
    0x00, 0x07, 0x00, 0x03, 0xE0, 0x00,
    0x00, 0x07, 0xFF, 0xFF, 0xC0, 0x00,
    0x00, 0x07, 0xFF, 0xFF, 0x80, 0x00,
    0x00, 0x07, 0xFF, 0xFF, 0x00, 0x00,
    0x00, 0x07, 0x0F, 0x80, 0x00, 0x00,
    0x00, 0x07, 0x07, 0xC0, 0x00, 0x00,
    0x00, 0x07, 0x03, 0xE0, 0x00, 0x00,
    0x00, 0x07, 0x01, 0xF0, 0x00, 0x00,
    0x00, 0x07, 0x00, 0xF8, 0x00, 0x00,
    0x00, 0x07, 0x00, 0x7C, 0x00, 0x00,
    0x00, 0x07, 0x00, 0x3E, 0x00, 0x00,
    0x00, 0x07, 0x00, 0x1F, 0x00, 0x00,
    0x00, 0x07, 0x00, 0x0F, 0x80, 0x00,
    0x00, 0x07, 0x00, 0x07, 0xC0, 0x00,
    0x00, 0x07, 0x00, 0x03, 0xE0, 0x00,
    0x00, 0x07, 0x00, 0x01, 0xF0, 0x00,
    0x00, 0x07, 0x00, 0x00, 0xE0, 0x00,
    0x00, 0x00, 0x00, 0x00, 0x40, 0x00,
    0x00, 0x00, 0x00, 0x00, 0x00, 0x00,
    0x00, 0x00, 0x00, 0x00, 0x00, 0x00,
    0x00, 0x00, 0x00, 0x00, 0x00, 0x00,
    0x00, 0x00, 0x00, 0x00, 0x00, 0x00,
    0x00, 0x00, 0x00, 0x00, 0x00, 0x00,
    0x00, 0x00, 0x00, 0x00, 0x00, 0x00,
    0x00, 0x00, 0x00, 0x00, 0x00, 0x00,
};

// 字符: 'T' (0x0054)
const uint8_t bender_48_char_0054[288] = {
    0x00, 0x00, 0x00, 0x00, 0x00, 0x00,
    0x00, 0x00, 0x00, 0x00, 0x00, 0x00,
    0x00, 0x00, 0x00, 0x00, 0x00, 0x00,
    0x00, 0x00, 0x00, 0x00, 0x00, 0x00,
    0x00, 0x00, 0x00, 0x00, 0x00, 0x00,
    0x00, 0x00, 0x00, 0x00, 0x00, 0x00,
    0x00, 0x00, 0x00, 0x00, 0x00, 0x00,
    0x00, 0x1F, 0xFF, 0xFF, 0xE0, 0x00,
    0x00, 0x1F, 0xFF, 0xFF, 0xE0, 0x00,
    0x00, 0x1F, 0xFF, 0xFF, 0xE0, 0x00,
    0x00, 0x00, 0x03, 0x80, 0x00, 0x00,
    0x00, 0x00, 0x03, 0x80, 0x00, 0x00,
    0x00, 0x00, 0x03, 0x80, 0x00, 0x00,
    0x00, 0x00, 0x03, 0x80, 0x00, 0x00,
    0x00, 0x00, 0x03, 0x80, 0x00, 0x00,
    0x00, 0x00, 0x03, 0x80, 0x00, 0x00,
    0x00, 0x00, 0x03, 0x80, 0x00, 0x00,
    0x00, 0x00, 0x03, 0x80, 0x00, 0x00,
    0x00, 0x00, 0x03, 0x80, 0x00, 0x00,
    0x00, 0x00, 0x03, 0x80, 0x00, 0x00,
    0x00, 0x00, 0x03, 0x80, 0x00, 0x00,
    0x00, 0x00, 0x03, 0x80, 0x00, 0x00,
    0x00, 0x00, 0x03, 0x80, 0x00, 0x00,
    0x00, 0x00, 0x03, 0x80, 0x00, 0x00,
    0x00, 0x00, 0x03, 0x80, 0x00, 0x00,
    0x00, 0x00, 0x03, 0x80, 0x00, 0x00,
    0x00, 0x00, 0x03, 0x80, 0x00, 0x00,
    0x00, 0x00, 0x03, 0x80, 0x00, 0x00,
    0x00, 0x00, 0x03, 0x80, 0x00, 0x00,
    0x00, 0x00, 0x03, 0x80, 0x00, 0x00,
    0x00, 0x00, 0x03, 0x80, 0x00, 0x00,
    0x00, 0x00, 0x03, 0x80, 0x00, 0x00,
    0x00, 0x00, 0x03, 0x80, 0x00, 0x00,
    0x00, 0x00, 0x03, 0x80, 0x00, 0x00,
    0x00, 0x00, 0x03, 0x80, 0x00, 0x00,
    0x00, 0x00, 0x03, 0x80, 0x00, 0x00,
    0x00, 0x00, 0x03, 0x80, 0x00, 0x00,
    0x00, 0x00, 0x03, 0x80, 0x00, 0x00,
    0x00, 0x00, 0x03, 0x80, 0x00, 0x00,
    0x00, 0x00, 0x03, 0x80, 0x00, 0x00,
    0x00, 0x00, 0x03, 0x80, 0x00, 0x00,
    0x00, 0x00, 0x00, 0x00, 0x00, 0x00,
    0x00, 0x00, 0x00, 0x00, 0x00, 0x00,
    0x00, 0x00, 0x00, 0x00, 0x00, 0x00,
    0x00, 0x00, 0x00, 0x00, 0x00, 0x00,
    0x00, 0x00, 0x00, 0x00, 0x00, 0x00,
    0x00, 0x00, 0x00, 0x00, 0x00, 0x00,
    0x00, 0x00, 0x00, 0x00, 0x00, 0x00,
};

// 字符: 'Y' (0x0059)
const uint8_t bender_48_char_0059[288] = {
    0x00, 0x00, 0x00, 0x00, 0x00, 0x00,
    0x00, 0x00, 0x00, 0x00, 0x00, 0x00,
    0x00, 0x00, 0x00, 0x00, 0x00, 0x00,
    0x00, 0x00, 0x00, 0x00, 0x00, 0x00,
    0x00, 0x00, 0x00, 0x00, 0x00, 0x00,
    0x00, 0x00, 0x00, 0x00, 0x00, 0x00,
    0x00, 0x00, 0x00, 0x00, 0x00, 0x00,
    0x00, 0x0C, 0x00, 0x00, 0x40, 0x00,
    0x00, 0x1C, 0x00, 0x00, 0x70, 0x00,
    0x00, 0x1E, 0x00, 0x00, 0xF0, 0x00,
    0x00, 0x0E, 0x00, 0x00, 0xE0, 0x00,
    0x00, 0x0F, 0x00, 0x01, 0xE0, 0x00,
    0x00, 0x07, 0x00, 0x03, 0xC0, 0x00,
    0x00, 0x07, 0x80, 0x03, 0xC0, 0x00,
    0x00, 0x03, 0xC0, 0x07, 0x80, 0x00,
    0x00, 0x03, 0xC0, 0x07, 0x00, 0x00,
    0x00, 0x01, 0xE0, 0x0F, 0x00, 0x00,
    0x00, 0x00, 0xE0, 0x0E, 0x00, 0x00,
    0x00, 0x00, 0xF0, 0x1E, 0x00, 0x00,
    0x00, 0x00, 0x70, 0x3C, 0x00, 0x00,
    0x00, 0x00, 0x78, 0x3C, 0x00, 0x00,
    0x00, 0x00, 0x3C, 0x78, 0x00, 0x00,
    0x00, 0x00, 0x3C, 0x70, 0x00, 0x00,
    0x00, 0x00, 0x1E, 0xF0, 0x00, 0x00,
    0x00, 0x00, 0x0E, 0xE0, 0x00, 0x00,
    0x00, 0x00, 0x0F, 0xE0, 0x00, 0x00,
    0x00, 0x00, 0x07, 0xC0, 0x00, 0x00,
    0x00, 0x00, 0x07, 0xC0, 0x00, 0x00,
    0x00, 0x00, 0x03, 0x80, 0x00, 0x00,
    0x00, 0x00, 0x03, 0x80, 0x00, 0x00,
    0x00, 0x00, 0x03, 0x80, 0x00, 0x00,
    0x00, 0x00, 0x03, 0x80, 0x00, 0x00,
    0x00, 0x00, 0x03, 0x80, 0x00, 0x00,
    0x00, 0x00, 0x03, 0x80, 0x00, 0x00,
    0x00, 0x00, 0x03, 0x80, 0x00, 0x00,
    0x00, 0x00, 0x03, 0x80, 0x00, 0x00,
    0x00, 0x00, 0x03, 0x80, 0x00, 0x00,
    0x00, 0x00, 0x03, 0x80, 0x00, 0x00,
    0x00, 0x00, 0x03, 0x80, 0x00, 0x00,
    0x00, 0x00, 0x03, 0x80, 0x00, 0x00,
    0x00, 0x00, 0x03, 0x80, 0x00, 0x00,
    0x00, 0x00, 0x00, 0x00, 0x00, 0x00,
    0x00, 0x00, 0x00, 0x00, 0x00, 0x00,
    0x00, 0x00, 0x00, 0x00, 0x00, 0x00,
    0x00, 0x00, 0x00, 0x00, 0x00, 0x00,
    0x00, 0x00, 0x00, 0x00, 0x00, 0x00,
    0x00, 0x00, 0x00, 0x00, 0x00, 0x00,
    0x00, 0x00, 0x00, 0x00, 0x00, 0x00,
};

// 字符: 'U' (0x0055)
const uint8_t bender_48_char_0055[288] = {
    0x00, 0x00, 0x00, 0x00, 0x00, 0x00,
    0x00, 0x00, 0x00, 0x00, 0x00, 0x00,
    0x00, 0x00, 0x00, 0x00, 0x00, 0x00,
    0x00, 0x00, 0x00, 0x00, 0x00, 0x00,
    0x00, 0x00, 0x00, 0x00, 0x00, 0x00,
    0x00, 0x00, 0x00, 0x00, 0x00, 0x00,
    0x00, 0x00, 0x00, 0x00, 0x00, 0x00,
    0x00, 0x0E, 0x00, 0x00, 0x70, 0x00,
    0x00, 0x0E, 0x00, 0x00, 0x70, 0x00,
    0x00, 0x0E, 0x00, 0x00, 0x70, 0x00,
    0x00, 0x0E, 0x00, 0x00, 0x70, 0x00,
    0x00, 0x0E, 0x00, 0x00, 0x70, 0x00,
    0x00, 0x0E, 0x00, 0x00, 0x70, 0x00,
    0x00, 0x0E, 0x00, 0x00, 0x70, 0x00,
    0x00, 0x0E, 0x00, 0x00, 0x70, 0x00,
    0x00, 0x0E, 0x00, 0x00, 0x70, 0x00,
    0x00, 0x0E, 0x00, 0x00, 0x70, 0x00,
    0x00, 0x0E, 0x00, 0x00, 0x70, 0x00,
    0x00, 0x0E, 0x00, 0x00, 0x70, 0x00,
    0x00, 0x0E, 0x00, 0x00, 0x70, 0x00,
    0x00, 0x0E, 0x00, 0x00, 0x70, 0x00,
    0x00, 0x0E, 0x00, 0x00, 0x70, 0x00,
    0x00, 0x0E, 0x00, 0x00, 0x70, 0x00,
    0x00, 0x0E, 0x00, 0x00, 0x70, 0x00,
    0x00, 0x0E, 0x00, 0x00, 0x70, 0x00,
    0x00, 0x0E, 0x00, 0x00, 0x70, 0x00,
    0x00, 0x0E, 0x00, 0x00, 0x70, 0x00,
    0x00, 0x0E, 0x00, 0x00, 0x70, 0x00,
    0x00, 0x0E, 0x00, 0x00, 0x70, 0x00,
    0x00, 0x0E, 0x00, 0x00, 0x70, 0x00,
    0x00, 0x0E, 0x00, 0x00, 0x70, 0x00,
    0x00, 0x0E, 0x00, 0x00, 0x70, 0x00,
    0x00, 0x0E, 0x00, 0x00, 0x70, 0x00,
    0x00, 0x0E, 0x00, 0x00, 0x70, 0x00,
    0x00, 0x0E, 0x00, 0x00, 0x70, 0x00,
    0x00, 0x0F, 0x00, 0x00, 0xF0, 0x00,
    0x00, 0x07, 0x80, 0x01, 0xE0, 0x00,
    0x00, 0x03, 0xC0, 0x03, 0xC0, 0x00,
    0x00, 0x01, 0xFF, 0xFF, 0x80, 0x00,
    0x00, 0x00, 0xFF, 0xFF, 0x00, 0x00,
    0x00, 0x00, 0x7F, 0xFE, 0x00, 0x00,
    0x00, 0x00, 0x00, 0x00, 0x00, 0x00,
    0x00, 0x00, 0x00, 0x00, 0x00, 0x00,
    0x00, 0x00, 0x00, 0x00, 0x00, 0x00,
    0x00, 0x00, 0x00, 0x00, 0x00, 0x00,
    0x00, 0x00, 0x00, 0x00, 0x00, 0x00,
    0x00, 0x00, 0x00, 0x00, 0x00, 0x00,
    0x00, 0x00, 0x00, 0x00, 0x00, 0x00,
};

// 字符: 'I' (0x0049)
const uint8_t bender_48_char_0049[288] = {
    0x00, 0x00, 0x00, 0x00, 0x00, 0x00,
    0x00, 0x00, 0x00, 0x00, 0x00, 0x00,
    0x00, 0x00, 0x00, 0x00, 0x00, 0x00,
    0x00, 0x00, 0x00, 0x00, 0x00, 0x00,
    0x00, 0x00, 0x00, 0x00, 0x00, 0x00,
    0x00, 0x00, 0x00, 0x00, 0x00, 0x00,
    0x00, 0x00, 0x00, 0x00, 0x00, 0x00,
    0x00, 0x00, 0xFF, 0xFE, 0x00, 0x00,
    0x00, 0x00, 0xFF, 0xFE, 0x00, 0x00,
    0x00, 0x00, 0xFF, 0xFE, 0x00, 0x00,
    0x00, 0x00, 0x03, 0x80, 0x00, 0x00,
    0x00, 0x00, 0x03, 0x80, 0x00, 0x00,
    0x00, 0x00, 0x03, 0x80, 0x00, 0x00,
    0x00, 0x00, 0x03, 0x80, 0x00, 0x00,
    0x00, 0x00, 0x03, 0x80, 0x00, 0x00,
    0x00, 0x00, 0x03, 0x80, 0x00, 0x00,
    0x00, 0x00, 0x03, 0x80, 0x00, 0x00,
    0x00, 0x00, 0x03, 0x80, 0x00, 0x00,
    0x00, 0x00, 0x03, 0x80, 0x00, 0x00,
    0x00, 0x00, 0x03, 0x80, 0x00, 0x00,
    0x00, 0x00, 0x03, 0x80, 0x00, 0x00,
    0x00, 0x00, 0x03, 0x80, 0x00, 0x00,
    0x00, 0x00, 0x03, 0x80, 0x00, 0x00,
    0x00, 0x00, 0x03, 0x80, 0x00, 0x00,
    0x00, 0x00, 0x03, 0x80, 0x00, 0x00,
    0x00, 0x00, 0x03, 0x80, 0x00, 0x00,
    0x00, 0x00, 0x03, 0x80, 0x00, 0x00,
    0x00, 0x00, 0x03, 0x80, 0x00, 0x00,
    0x00, 0x00, 0x03, 0x80, 0x00, 0x00,
    0x00, 0x00, 0x03, 0x80, 0x00, 0x00,
    0x00, 0x00, 0x03, 0x80, 0x00, 0x00,
    0x00, 0x00, 0x03, 0x80, 0x00, 0x00,
    0x00, 0x00, 0x03, 0x80, 0x00, 0x00,
    0x00, 0x00, 0x03, 0x80, 0x00, 0x00,
    0x00, 0x00, 0x03, 0x80, 0x00, 0x00,
    0x00, 0x00, 0x03, 0x80, 0x00, 0x00,
    0x00, 0x00, 0x03, 0x80, 0x00, 0x00,
    0x00, 0x00, 0x03, 0x80, 0x00, 0x00,
    0x00, 0x00, 0xFF, 0xFE, 0x00, 0x00,
    0x00, 0x00, 0xFF, 0xFE, 0x00, 0x00,
    0x00, 0x00, 0xFF, 0xFE, 0x00, 0x00,
    0x00, 0x00, 0x00, 0x00, 0x00, 0x00,
    0x00, 0x00, 0x00, 0x00, 0x00, 0x00,
    0x00, 0x00, 0x00, 0x00, 0x00, 0x00,
    0x00, 0x00, 0x00, 0x00, 0x00, 0x00,
    0x00, 0x00, 0x00, 0x00, 0x00, 0x00,
    0x00, 0x00, 0x00, 0x00, 0x00, 0x00,
    0x00, 0x00, 0x00, 0x00, 0x00, 0x00,
};

// 字符: 'O' (0x004F)
const uint8_t bender_48_char_004F[288] = {
    0x00, 0x00, 0x00, 0x00, 0x00, 0x00,
    0x00, 0x00, 0x00, 0x00, 0x00, 0x00,
    0x00, 0x00, 0x00, 0x00, 0x00, 0x00,
    0x00, 0x00, 0x00, 0x00, 0x00, 0x00,
    0x00, 0x00, 0x00, 0x00, 0x00, 0x00,
    0x00, 0x00, 0x00, 0x00, 0x00, 0x00,
    0x00, 0x00, 0x00, 0x00, 0x00, 0x00,
    0x00, 0x00, 0x7F, 0xFF, 0x00, 0x00,
    0x00, 0x00, 0xFF, 0xFF, 0x80, 0x00,
    0x00, 0x01, 0xFF, 0xFF, 0xC0, 0x00,
    0x00, 0x07, 0xC0, 0x03, 0xE0, 0x00,
    0x00, 0x0F, 0x80, 0x01, 0xF0, 0x00,
    0x00, 0x0F, 0x00, 0x00, 0x78, 0x00,
    0x00, 0x0E, 0x00, 0x00, 0x78, 0x00,
    0x00, 0x0E, 0x00, 0x00, 0x78, 0x00,
    0x00, 0x0E, 0x00, 0x00, 0x78, 0x00,
    0x00, 0x0E, 0x00, 0x00, 0x78, 0x00,
    0x00, 0x0E, 0x00, 0x00, 0x78, 0x00,
    0x00, 0x0E, 0x00, 0x00, 0x78, 0x00,
    0x00, 0x0E, 0x00, 0x00, 0x78, 0x00,
    0x00, 0x0E, 0x00, 0x00, 0x78, 0x00,
    0x00, 0x0E, 0x00, 0x00, 0x78, 0x00,
    0x00, 0x0E, 0x00, 0x00, 0x78, 0x00,
    0x00, 0x0E, 0x00, 0x00, 0x78, 0x00,
    0x00, 0x0E, 0x00, 0x00, 0x78, 0x00,
    0x00, 0x0E, 0x00, 0x00, 0x78, 0x00,
    0x00, 0x0E, 0x00, 0x00, 0x78, 0x00,
    0x00, 0x0E, 0x00, 0x00, 0x78, 0x00,
    0x00, 0x0E, 0x00, 0x00, 0x78, 0x00,
    0x00, 0x0E, 0x00, 0x00, 0x78, 0x00,
    0x00, 0x0E, 0x00, 0x00, 0x78, 0x00,
    0x00, 0x0E, 0x00, 0x00, 0x78, 0x00,
    0x00, 0x0E, 0x00, 0x00, 0x78, 0x00,
    0x00, 0x0E, 0x00, 0x00, 0x78, 0x00,
    0x00, 0x0E, 0x00, 0x00, 0x78, 0x00,
    0x00, 0x0F, 0x00, 0x00, 0x78, 0x00,
    0x00, 0x0F, 0x80, 0x00, 0xF0, 0x00,
    0x00, 0x07, 0xC0, 0x03, 0xE0, 0x00,
    0x00, 0x01, 0xFF, 0xFF, 0xC0, 0x00,
    0x00, 0x00, 0xFF, 0xFF, 0x80, 0x00,
    0x00, 0x00, 0x7F, 0xFF, 0x00, 0x00,
    0x00, 0x00, 0x00, 0x00, 0x00, 0x00,
    0x00, 0x00, 0x00, 0x00, 0x00, 0x00,
    0x00, 0x00, 0x00, 0x00, 0x00, 0x00,
    0x00, 0x00, 0x00, 0x00, 0x00, 0x00,
    0x00, 0x00, 0x00, 0x00, 0x00, 0x00,
    0x00, 0x00, 0x00, 0x00, 0x00, 0x00,
    0x00, 0x00, 0x00, 0x00, 0x00, 0x00,
};

// 字符: 'P' (0x0050)
const uint8_t bender_48_char_0050[288] = {
    0x00, 0x00, 0x00, 0x00, 0x00, 0x00,
    0x00, 0x00, 0x00, 0x00, 0x00, 0x00,
    0x00, 0x00, 0x00, 0x00, 0x00, 0x00,
    0x00, 0x00, 0x00, 0x00, 0x00, 0x00,
    0x00, 0x00, 0x00, 0x00, 0x00, 0x00,
    0x00, 0x00, 0x00, 0x00, 0x00, 0x00,
    0x00, 0x00, 0x00, 0x00, 0x00, 0x00,
    0x00, 0x07, 0xFF, 0xFF, 0x00, 0x00,
    0x00, 0x07, 0xFF, 0xFF, 0x80, 0x00,
    0x00, 0x07, 0xFF, 0xFF, 0xC0, 0x00,
    0x00, 0x07, 0x00, 0x03, 0xE0, 0x00,
    0x00, 0x07, 0x00, 0x01, 0xF0, 0x00,
    0x00, 0x07, 0x00, 0x00, 0xF0, 0x00,
    0x00, 0x07, 0x00, 0x00, 0x70, 0x00,
    0x00, 0x07, 0x00, 0x00, 0x70, 0x00,
    0x00, 0x07, 0x00, 0x00, 0x70, 0x00,
    0x00, 0x07, 0x00, 0x00, 0x70, 0x00,
    0x00, 0x07, 0x00, 0x00, 0x70, 0x00,
    0x00, 0x07, 0x00, 0x00, 0x70, 0x00,
    0x00, 0x07, 0x00, 0x00, 0x70, 0x00,
    0x00, 0x07, 0x00, 0x00, 0x70, 0x00,
    0x00, 0x07, 0x00, 0x00, 0x70, 0x00,
    0x00, 0x07, 0x00, 0x00, 0xF0, 0x00,
    0x00, 0x07, 0x00, 0x01, 0xF0, 0x00,
    0x00, 0x07, 0x00, 0x03, 0xE0, 0x00,
    0x00, 0x07, 0xFF, 0xFF, 0xC0, 0x00,
    0x00, 0x07, 0xFF, 0xFF, 0x80, 0x00,
    0x00, 0x07, 0xFF, 0xFF, 0x00, 0x00,
    0x00, 0x07, 0x00, 0x00, 0x00, 0x00,
    0x00, 0x07, 0x00, 0x00, 0x00, 0x00,
    0x00, 0x07, 0x00, 0x00, 0x00, 0x00,
    0x00, 0x07, 0x00, 0x00, 0x00, 0x00,
    0x00, 0x07, 0x00, 0x00, 0x00, 0x00,
    0x00, 0x07, 0x00, 0x00, 0x00, 0x00,
    0x00, 0x07, 0x00, 0x00, 0x00, 0x00,
    0x00, 0x07, 0x00, 0x00, 0x00, 0x00,
    0x00, 0x07, 0x00, 0x00, 0x00, 0x00,
    0x00, 0x07, 0x00, 0x00, 0x00, 0x00,
    0x00, 0x07, 0x00, 0x00, 0x00, 0x00,
    0x00, 0x07, 0x00, 0x00, 0x00, 0x00,
    0x00, 0x07, 0x00, 0x00, 0x00, 0x00,
    0x00, 0x00, 0x00, 0x00, 0x00, 0x00,
    0x00, 0x00, 0x00, 0x00, 0x00, 0x00,
    0x00, 0x00, 0x00, 0x00, 0x00, 0x00,
    0x00, 0x00, 0x00, 0x00, 0x00, 0x00,
    0x00, 0x00, 0x00, 0x00, 0x00, 0x00,
    0x00, 0x00, 0x00, 0x00, 0x00, 0x00,
    0x00, 0x00, 0x00, 0x00, 0x00, 0x00,
};

// 字符: 'L' (0x004C)
const uint8_t bender_48_char_004C[288] = {
    0x00, 0x00, 0x00, 0x00, 0x00, 0x00,
    0x00, 0x00, 0x00, 0x00, 0x00, 0x00,
    0x00, 0x00, 0x00, 0x00, 0x00, 0x00,
    0x00, 0x00, 0x00, 0x00, 0x00, 0x00,
    0x00, 0x00, 0x00, 0x00, 0x00, 0x00,
    0x00, 0x00, 0x00, 0x00, 0x00, 0x00,
    0x00, 0x00, 0x00, 0x00, 0x00, 0x00,
    0x00, 0x01, 0xC0, 0x00, 0x00, 0x00,
    0x00, 0x01, 0xC0, 0x00, 0x00, 0x00,
    0x00, 0x01, 0xC0, 0x00, 0x00, 0x00,
    0x00, 0x01, 0xC0, 0x00, 0x00, 0x00,
    0x00, 0x01, 0xC0, 0x00, 0x00, 0x00,
    0x00, 0x01, 0xC0, 0x00, 0x00, 0x00,
    0x00, 0x01, 0xC0, 0x00, 0x00, 0x00,
    0x00, 0x01, 0xC0, 0x00, 0x00, 0x00,
    0x00, 0x01, 0xC0, 0x00, 0x00, 0x00,
    0x00, 0x01, 0xC0, 0x00, 0x00, 0x00,
    0x00, 0x01, 0xC0, 0x00, 0x00, 0x00,
    0x00, 0x01, 0xC0, 0x00, 0x00, 0x00,
    0x00, 0x01, 0xC0, 0x00, 0x00, 0x00,
    0x00, 0x01, 0xC0, 0x00, 0x00, 0x00,
    0x00, 0x01, 0xC0, 0x00, 0x00, 0x00,
    0x00, 0x01, 0xC0, 0x00, 0x00, 0x00,
    0x00, 0x01, 0xC0, 0x00, 0x00, 0x00,
    0x00, 0x01, 0xC0, 0x00, 0x00, 0x00,
    0x00, 0x01, 0xC0, 0x00, 0x00, 0x00,
    0x00, 0x01, 0xC0, 0x00, 0x00, 0x00,
    0x00, 0x01, 0xC0, 0x00, 0x00, 0x00,
    0x00, 0x01, 0xC0, 0x00, 0x00, 0x00,
    0x00, 0x01, 0xC0, 0x00, 0x00, 0x00,
    0x00, 0x01, 0xC0, 0x00, 0x00, 0x00,
    0x00, 0x01, 0xC0, 0x00, 0x00, 0x00,
    0x00, 0x01, 0xC0, 0x00, 0x00, 0x00,
    0x00, 0x01, 0xC0, 0x00, 0x00, 0x00,
    0x00, 0x01, 0xC0, 0x00, 0x00, 0x00,
    0x00, 0x01, 0xC0, 0x00, 0x00, 0x00,
    0x00, 0x01, 0xC0, 0x00, 0x00, 0x00,
    0x00, 0x01, 0xC0, 0x00, 0x00, 0x00,
    0x00, 0x01, 0xFF, 0xFF, 0xF0, 0x00,
    0x00, 0x01, 0xFF, 0xFF, 0xF0, 0x00,
    0x00, 0x01, 0xFF, 0xFF, 0xF0, 0x00,
    0x00, 0x00, 0x00, 0x00, 0x00, 0x00,
    0x00, 0x00, 0x00, 0x00, 0x00, 0x00,
    0x00, 0x00, 0x00, 0x00, 0x00, 0x00,
    0x00, 0x00, 0x00, 0x00, 0x00, 0x00,
    0x00, 0x00, 0x00, 0x00, 0x00, 0x00,
    0x00, 0x00, 0x00, 0x00, 0x00, 0x00,
    0x00, 0x00, 0x00, 0x00, 0x00, 0x00,
};

// 字符: 'K' (0x004B)
const uint8_t bender_48_char_004B[288] = {
    0x00, 0x00, 0x00, 0x00, 0x00, 0x00,
    0x00, 0x00, 0x00, 0x00, 0x00, 0x00,
    0x00, 0x00, 0x00, 0x00, 0x00, 0x00,
    0x00, 0x00, 0x00, 0x00, 0x00, 0x00,
    0x00, 0x00, 0x00, 0x00, 0x00, 0x00,
    0x00, 0x00, 0x00, 0x00, 0x00, 0x00,
    0x00, 0x00, 0x00, 0x00, 0x00, 0x00,
    0x00, 0x03, 0x80, 0x00, 0x20, 0x00,
    0x00, 0x03, 0x80, 0x00, 0x70, 0x00,
    0x00, 0x03, 0x80, 0x00, 0xF0, 0x00,
    0x00, 0x03, 0x80, 0x01, 0xE0, 0x00,
    0x00, 0x03, 0x80, 0x03, 0xE0, 0x00,
    0x00, 0x03, 0x80, 0x07, 0xC0, 0x00,
    0x00, 0x03, 0x80, 0x0F, 0x80, 0x00,
    0x00, 0x03, 0x80, 0x1F, 0x00, 0x00,
    0x00, 0x03, 0x80, 0x3E, 0x00, 0x00,
    0x00, 0x03, 0x80, 0x7C, 0x00, 0x00,
    0x00, 0x03, 0x80, 0xF8, 0x00, 0x00,
    0x00, 0x03, 0x80, 0xF0, 0x00, 0x00,
    0x00, 0x03, 0x81, 0xE0, 0x00, 0x00,
    0x00, 0x03, 0x83, 0xC0, 0x00, 0x00,
    0x00, 0x03, 0x87, 0x80, 0x00, 0x00,
    0x00, 0x03, 0x8F, 0xC0, 0x00, 0x00,
    0x00, 0x03, 0x9F, 0xC0, 0x00, 0x00,
    0x00, 0x03, 0xBD, 0xE0, 0x00, 0x00,
    0x00, 0x03, 0xF8, 0xF0, 0x00, 0x00,
    0x00, 0x03, 0xF0, 0x70, 0x00, 0x00,
    0x00, 0x03, 0xE0, 0x78, 0x00, 0x00,
    0x00, 0x03, 0xC0, 0x3C, 0x00, 0x00,
    0x00, 0x03, 0x80, 0x1C, 0x00, 0x00,
    0x00, 0x03, 0x80, 0x1E, 0x00, 0x00,
    0x00, 0x03, 0x80, 0x0F, 0x00, 0x00,
    0x00, 0x03, 0x80, 0x07, 0x00, 0x00,
    0x00, 0x03, 0x80, 0x07, 0x80, 0x00,
    0x00, 0x03, 0x80, 0x03, 0xC0, 0x00,
    0x00, 0x03, 0x80, 0x01, 0xC0, 0x00,
    0x00, 0x03, 0x80, 0x01, 0xE0, 0x00,
    0x00, 0x03, 0x80, 0x00, 0xF0, 0x00,
    0x00, 0x03, 0x80, 0x00, 0x70, 0x00,
    0x00, 0x03, 0x80, 0x00, 0x78, 0x00,
    0x00, 0x03, 0x80, 0x00, 0x20, 0x00,
    0x00, 0x00, 0x00, 0x00, 0x00, 0x00,
    0x00, 0x00, 0x00, 0x00, 0x00, 0x00,
    0x00, 0x00, 0x00, 0x00, 0x00, 0x00,
    0x00, 0x00, 0x00, 0x00, 0x00, 0x00,
    0x00, 0x00, 0x00, 0x00, 0x00, 0x00,
    0x00, 0x00, 0x00, 0x00, 0x00, 0x00,
    0x00, 0x00, 0x00, 0x00, 0x00, 0x00,
};

// 字符: 'J' (0x004A)
const uint8_t bender_48_char_004A[288] = {
    0x00, 0x00, 0x00, 0x00, 0x00, 0x00,
    0x00, 0x00, 0x00, 0x00, 0x00, 0x00,
    0x00, 0x00, 0x00, 0x00, 0x00, 0x00,
    0x00, 0x00, 0x00, 0x00, 0x00, 0x00,
    0x00, 0x00, 0x00, 0x00, 0x00, 0x00,
    0x00, 0x00, 0x00, 0x00, 0x00, 0x00,
    0x00, 0x00, 0x00, 0x00, 0x00, 0x00,
    0x00, 0x00, 0x03, 0xFF, 0x80, 0x00,
    0x00, 0x00, 0x03, 0xFF, 0x80, 0x00,
    0x00, 0x00, 0x03, 0xFF, 0x80, 0x00,
    0x00, 0x00, 0x00, 0x03, 0x80, 0x00,
    0x00, 0x00, 0x00, 0x03, 0x80, 0x00,
    0x00, 0x00, 0x00, 0x03, 0x80, 0x00,
    0x00, 0x00, 0x00, 0x03, 0x80, 0x00,
    0x00, 0x00, 0x00, 0x03, 0x80, 0x00,
    0x00, 0x00, 0x00, 0x03, 0x80, 0x00,
    0x00, 0x00, 0x00, 0x03, 0x80, 0x00,
    0x00, 0x00, 0x00, 0x03, 0x80, 0x00,
    0x00, 0x00, 0x00, 0x03, 0x80, 0x00,
    0x00, 0x00, 0x00, 0x03, 0x80, 0x00,
    0x00, 0x00, 0x00, 0x03, 0x80, 0x00,
    0x00, 0x00, 0x00, 0x03, 0x80, 0x00,
    0x00, 0x00, 0x00, 0x03, 0x80, 0x00,
    0x00, 0x00, 0x00, 0x03, 0x80, 0x00,
    0x00, 0x00, 0x00, 0x03, 0x80, 0x00,
    0x00, 0x00, 0x00, 0x03, 0x80, 0x00,
    0x00, 0x00, 0x00, 0x03, 0x80, 0x00,
    0x00, 0x00, 0x00, 0x03, 0x80, 0x00,
    0x00, 0x00, 0x00, 0x03, 0x80, 0x00,
    0x00, 0x00, 0x00, 0x03, 0x80, 0x00,
    0x00, 0x00, 0x00, 0x03, 0x80, 0x00,
    0x00, 0x00, 0x00, 0x03, 0x80, 0x00,
    0x00, 0x00, 0x00, 0x03, 0x80, 0x00,
    0x00, 0x04, 0x00, 0x03, 0x80, 0x00,
    0x00, 0x0E, 0x00, 0x03, 0x80, 0x00,
    0x00, 0x1F, 0x00, 0x07, 0x80, 0x00,
    0x00, 0x0F, 0x80, 0x0F, 0x00, 0x00,
    0x00, 0x07, 0xC0, 0x1E, 0x00, 0x00,
    0x00, 0x03, 0xFF, 0xFC, 0x00, 0x00,
    0x00, 0x01, 0xFF, 0xF8, 0x00, 0x00,
    0x00, 0x00, 0xFF, 0xF0, 0x00, 0x00,
    0x00, 0x00, 0x00, 0x00, 0x00, 0x00,
    0x00, 0x00, 0x00, 0x00, 0x00, 0x00,
    0x00, 0x00, 0x00, 0x00, 0x00, 0x00,
    0x00, 0x00, 0x00, 0x00, 0x00, 0x00,
    0x00, 0x00, 0x00, 0x00, 0x00, 0x00,
    0x00, 0x00, 0x00, 0x00, 0x00, 0x00,
    0x00, 0x00, 0x00, 0x00, 0x00, 0x00,
};

// 字符: 'H' (0x0048)
const uint8_t bender_48_char_0048[288] = {
    0x00, 0x00, 0x00, 0x00, 0x00, 0x00,
    0x00, 0x00, 0x00, 0x00, 0x00, 0x00,
    0x00, 0x00, 0x00, 0x00, 0x00, 0x00,
    0x00, 0x00, 0x00, 0x00, 0x00, 0x00,
    0x00, 0x00, 0x00, 0x00, 0x00, 0x00,
    0x00, 0x00, 0x00, 0x00, 0x00, 0x00,
    0x00, 0x00, 0x00, 0x00, 0x00, 0x00,
    0x00, 0x0E, 0x00, 0x00, 0xE0, 0x00,
    0x00, 0x0E, 0x00, 0x00, 0xE0, 0x00,
    0x00, 0x0E, 0x00, 0x00, 0xE0, 0x00,
    0x00, 0x0E, 0x00, 0x00, 0xE0, 0x00,
    0x00, 0x0E, 0x00, 0x00, 0xE0, 0x00,
    0x00, 0x0E, 0x00, 0x00, 0xE0, 0x00,
    0x00, 0x0E, 0x00, 0x00, 0xE0, 0x00,
    0x00, 0x0E, 0x00, 0x00, 0xE0, 0x00,
    0x00, 0x0E, 0x00, 0x00, 0xE0, 0x00,
    0x00, 0x0E, 0x00, 0x00, 0xE0, 0x00,
    0x00, 0x0E, 0x00, 0x00, 0xE0, 0x00,
    0x00, 0x0E, 0x00, 0x00, 0xE0, 0x00,
    0x00, 0x0E, 0x00, 0x00, 0xE0, 0x00,
    0x00, 0x0E, 0x00, 0x00, 0xE0, 0x00,
    0x00, 0x0E, 0x00, 0x00, 0xE0, 0x00,
    0x00, 0x0F, 0xFF, 0xFF, 0xE0, 0x00,
    0x00, 0x0F, 0xFF, 0xFF, 0xE0, 0x00,
    0x00, 0x0F, 0xFF, 0xFF, 0xE0, 0x00,
    0x00, 0x0E, 0x00, 0x00, 0xE0, 0x00,
    0x00, 0x0E, 0x00, 0x00, 0xE0, 0x00,
    0x00, 0x0E, 0x00, 0x00, 0xE0, 0x00,
    0x00, 0x0E, 0x00, 0x00, 0xE0, 0x00,
    0x00, 0x0E, 0x00, 0x00, 0xE0, 0x00,
    0x00, 0x0E, 0x00, 0x00, 0xE0, 0x00,
    0x00, 0x0E, 0x00, 0x00, 0xE0, 0x00,
    0x00, 0x0E, 0x00, 0x00, 0xE0, 0x00,
    0x00, 0x0E, 0x00, 0x00, 0xE0, 0x00,
    0x00, 0x0E, 0x00, 0x00, 0xE0, 0x00,
    0x00, 0x0E, 0x00, 0x00, 0xE0, 0x00,
    0x00, 0x0E, 0x00, 0x00, 0xE0, 0x00,
    0x00, 0x0E, 0x00, 0x00, 0xE0, 0x00,
    0x00, 0x0E, 0x00, 0x00, 0xE0, 0x00,
    0x00, 0x0E, 0x00, 0x00, 0xE0, 0x00,
    0x00, 0x0E, 0x00, 0x00, 0xE0, 0x00,
    0x00, 0x00, 0x00, 0x00, 0x00, 0x00,
    0x00, 0x00, 0x00, 0x00, 0x00, 0x00,
    0x00, 0x00, 0x00, 0x00, 0x00, 0x00,
    0x00, 0x00, 0x00, 0x00, 0x00, 0x00,
    0x00, 0x00, 0x00, 0x00, 0x00, 0x00,
    0x00, 0x00, 0x00, 0x00, 0x00, 0x00,
    0x00, 0x00, 0x00, 0x00, 0x00, 0x00,
};

// 字符: 'G' (0x0047)
const uint8_t bender_48_char_0047[288] = {
    0x00, 0x00, 0x00, 0x00, 0x00, 0x00,
    0x00, 0x00, 0x00, 0x00, 0x00, 0x00,
    0x00, 0x00, 0x00, 0x00, 0x00, 0x00,
    0x00, 0x00, 0x00, 0x00, 0x00, 0x00,
    0x00, 0x00, 0x00, 0x00, 0x00, 0x00,
    0x00, 0x00, 0x00, 0x00, 0x00, 0x00,
    0x00, 0x00, 0x00, 0x00, 0x00, 0x00,
    0x00, 0x00, 0xFF, 0xFE, 0x00, 0x00,
    0x00, 0x01, 0xFF, 0xFF, 0x00, 0x00,
    0x00, 0x03, 0xFF, 0xFF, 0x80, 0x00,
    0x00, 0x07, 0xC0, 0x07, 0xC0, 0x00,
    0x00, 0x0F, 0x80, 0x03, 0xE0, 0x00,
    0x00, 0x0F, 0x00, 0x01, 0xE0, 0x00,
    0x00, 0x0E, 0x00, 0x00, 0xE0, 0x00,
    0x00, 0x0E, 0x00, 0x00, 0xE0, 0x00,
    0x00, 0x0E, 0x00, 0x00, 0xE0, 0x00,
    0x00, 0x0E, 0x00, 0x00, 0xE0, 0x00,
    0x00, 0x0E, 0x00, 0x00, 0xE0, 0x00,
    0x00, 0x0E, 0x00, 0x00, 0x00, 0x00,
    0x00, 0x0E, 0x00, 0x00, 0x00, 0x00,
    0x00, 0x0E, 0x00, 0x00, 0x00, 0x00,
    0x00, 0x0E, 0x00, 0x00, 0x00, 0x00,
    0x00, 0x0E, 0x00, 0x00, 0x00, 0x00,
    0x00, 0x0E, 0x00, 0x00, 0x00, 0x00,
    0x00, 0x0E, 0x00, 0xFF, 0xE0, 0x00,
    0x00, 0x0E, 0x00, 0xFF, 0xE0, 0x00,
    0x00, 0x0E, 0x00, 0xFF, 0xE0, 0x00,
    0x00, 0x0E, 0x00, 0x00, 0xE0, 0x00,
    0x00, 0x0E, 0x00, 0x00, 0xE0, 0x00,
    0x00, 0x0E, 0x00, 0x00, 0xE0, 0x00,
    0x00, 0x0E, 0x00, 0x00, 0xE0, 0x00,
    0x00, 0x0E, 0x00, 0x00, 0xE0, 0x00,
    0x00, 0x0E, 0x00, 0x00, 0xE0, 0x00,
    0x00, 0x0E, 0x00, 0x00, 0xE0, 0x00,
    0x00, 0x0E, 0x00, 0x00, 0xE0, 0x00,
    0x00, 0x0F, 0x00, 0x01, 0xE0, 0x00,
    0x00, 0x0F, 0x80, 0x03, 0xE0, 0x00,
    0x00, 0x07, 0xC0, 0x07, 0xC0, 0x00,
    0x00, 0x03, 0xFF, 0xFF, 0x80, 0x00,
    0x00, 0x01, 0xFF, 0xFF, 0x00, 0x00,
    0x00, 0x00, 0xFF, 0xFE, 0x00, 0x00,
    0x00, 0x00, 0x00, 0x00, 0x00, 0x00,
    0x00, 0x00, 0x00, 0x00, 0x00, 0x00,
    0x00, 0x00, 0x00, 0x00, 0x00, 0x00,
    0x00, 0x00, 0x00, 0x00, 0x00, 0x00,
    0x00, 0x00, 0x00, 0x00, 0x00, 0x00,
    0x00, 0x00, 0x00, 0x00, 0x00, 0x00,
    0x00, 0x00, 0x00, 0x00, 0x00, 0x00,
};

// 字符: 'F' (0x0046)
const uint8_t bender_48_char_0046[288] = {
    0x00, 0x00, 0x00, 0x00, 0x00, 0x00,
    0x00, 0x00, 0x00, 0x00, 0x00, 0x00,
    0x00, 0x00, 0x00, 0x00, 0x00, 0x00,
    0x00, 0x00, 0x00, 0x00, 0x00, 0x00,
    0x00, 0x00, 0x00, 0x00, 0x00, 0x00,
    0x00, 0x00, 0x00, 0x00, 0x00, 0x00,
    0x00, 0x00, 0x00, 0x00, 0x00, 0x00,
    0x00, 0x01, 0xFF, 0xFF, 0xF0, 0x00,
    0x00, 0x01, 0xFF, 0xFF, 0xF0, 0x00,
    0x00, 0x01, 0xFF, 0xFF, 0xF0, 0x00,
    0x00, 0x01, 0xC0, 0x00, 0x00, 0x00,
    0x00, 0x01, 0xC0, 0x00, 0x00, 0x00,
    0x00, 0x01, 0xC0, 0x00, 0x00, 0x00,
    0x00, 0x01, 0xC0, 0x00, 0x00, 0x00,
    0x00, 0x01, 0xC0, 0x00, 0x00, 0x00,
    0x00, 0x01, 0xC0, 0x00, 0x00, 0x00,
    0x00, 0x01, 0xC0, 0x00, 0x00, 0x00,
    0x00, 0x01, 0xC0, 0x00, 0x00, 0x00,
    0x00, 0x01, 0xC0, 0x00, 0x00, 0x00,
    0x00, 0x01, 0xC0, 0x00, 0x00, 0x00,
    0x00, 0x01, 0xC0, 0x00, 0x00, 0x00,
    0x00, 0x01, 0xC0, 0x00, 0x00, 0x00,
    0x00, 0x01, 0xFF, 0xFF, 0xC0, 0x00,
    0x00, 0x01, 0xFF, 0xFF, 0xC0, 0x00,
    0x00, 0x01, 0xFF, 0xFF, 0xC0, 0x00,
    0x00, 0x01, 0xC0, 0x00, 0x00, 0x00,
    0x00, 0x01, 0xC0, 0x00, 0x00, 0x00,
    0x00, 0x01, 0xC0, 0x00, 0x00, 0x00,
    0x00, 0x01, 0xC0, 0x00, 0x00, 0x00,
    0x00, 0x01, 0xC0, 0x00, 0x00, 0x00,
    0x00, 0x01, 0xC0, 0x00, 0x00, 0x00,
    0x00, 0x01, 0xC0, 0x00, 0x00, 0x00,
    0x00, 0x01, 0xC0, 0x00, 0x00, 0x00,
    0x00, 0x01, 0xC0, 0x00, 0x00, 0x00,
    0x00, 0x01, 0xC0, 0x00, 0x00, 0x00,
    0x00, 0x01, 0xC0, 0x00, 0x00, 0x00,
    0x00, 0x01, 0xC0, 0x00, 0x00, 0x00,
    0x00, 0x01, 0xC0, 0x00, 0x00, 0x00,
    0x00, 0x01, 0xC0, 0x00, 0x00, 0x00,
    0x00, 0x01, 0xC0, 0x00, 0x00, 0x00,
    0x00, 0x01, 0xC0, 0x00, 0x00, 0x00,
    0x00, 0x00, 0x00, 0x00, 0x00, 0x00,
    0x00, 0x00, 0x00, 0x00, 0x00, 0x00,
    0x00, 0x00, 0x00, 0x00, 0x00, 0x00,
    0x00, 0x00, 0x00, 0x00, 0x00, 0x00,
    0x00, 0x00, 0x00, 0x00, 0x00, 0x00,
    0x00, 0x00, 0x00, 0x00, 0x00, 0x00,
    0x00, 0x00, 0x00, 0x00, 0x00, 0x00,
};

// 字符: 'D' (0x0044)
const uint8_t bender_48_char_0044[288] = {
    0x00, 0x00, 0x00, 0x00, 0x00, 0x00,
    0x00, 0x00, 0x00, 0x00, 0x00, 0x00,
    0x00, 0x00, 0x00, 0x00, 0x00, 0x00,
    0x00, 0x00, 0x00, 0x00, 0x00, 0x00,
    0x00, 0x00, 0x00, 0x00, 0x00, 0x00,
    0x00, 0x00, 0x00, 0x00, 0x00, 0x00,
    0x00, 0x00, 0x00, 0x00, 0x00, 0x00,
    0x00, 0x07, 0xFF, 0xFF, 0x00, 0x00,
    0x00, 0x07, 0xFF, 0xFF, 0x80, 0x00,
    0x00, 0x07, 0xFF, 0xFF, 0xC0, 0x00,
    0x00, 0x07, 0x00, 0x03, 0xE0, 0x00,
    0x00, 0x07, 0x00, 0x01, 0xF0, 0x00,
    0x00, 0x07, 0x00, 0x00, 0xF0, 0x00,
    0x00, 0x07, 0x00, 0x00, 0x70, 0x00,
    0x00, 0x07, 0x00, 0x00, 0x70, 0x00,
    0x00, 0x07, 0x00, 0x00, 0x70, 0x00,
    0x00, 0x07, 0x00, 0x00, 0x70, 0x00,
    0x00, 0x07, 0x00, 0x00, 0x70, 0x00,
    0x00, 0x07, 0x00, 0x00, 0x70, 0x00,
    0x00, 0x07, 0x00, 0x00, 0x70, 0x00,
    0x00, 0x07, 0x00, 0x00, 0x70, 0x00,
    0x00, 0x07, 0x00, 0x00, 0x70, 0x00,
    0x00, 0x07, 0x00, 0x00, 0x70, 0x00,
    0x00, 0x07, 0x00, 0x00, 0x70, 0x00,
    0x00, 0x07, 0x00, 0x00, 0x70, 0x00,
    0x00, 0x07, 0x00, 0x00, 0x70, 0x00,
    0x00, 0x07, 0x00, 0x00, 0x70, 0x00,
    0x00, 0x07, 0x00, 0x00, 0x70, 0x00,
    0x00, 0x07, 0x00, 0x00, 0x70, 0x00,
    0x00, 0x07, 0x00, 0x00, 0x70, 0x00,
    0x00, 0x07, 0x00, 0x00, 0x70, 0x00,
    0x00, 0x07, 0x00, 0x00, 0x70, 0x00,
    0x00, 0x07, 0x00, 0x00, 0x70, 0x00,
    0x00, 0x07, 0x00, 0x00, 0x70, 0x00,
    0x00, 0x07, 0x00, 0x00, 0x70, 0x00,
    0x00, 0x07, 0x00, 0x00, 0xF0, 0x00,
    0x00, 0x07, 0x00, 0x01, 0xF0, 0x00,
    0x00, 0x07, 0x00, 0x03, 0xE0, 0x00,
    0x00, 0x07, 0xFF, 0xFF, 0xC0, 0x00,
    0x00, 0x07, 0xFF, 0xFF, 0x80, 0x00,
    0x00, 0x07, 0xFF, 0xFF, 0x00, 0x00,
    0x00, 0x00, 0x00, 0x00, 0x00, 0x00,
    0x00, 0x00, 0x00, 0x00, 0x00, 0x00,
    0x00, 0x00, 0x00, 0x00, 0x00, 0x00,
    0x00, 0x00, 0x00, 0x00, 0x00, 0x00,
    0x00, 0x00, 0x00, 0x00, 0x00, 0x00,
    0x00, 0x00, 0x00, 0x00, 0x00, 0x00,
    0x00, 0x00, 0x00, 0x00, 0x00, 0x00,
};

// 字符: 'S' (0x0053)
const uint8_t bender_48_char_0053[288] = {
    0x00, 0x00, 0x00, 0x00, 0x00, 0x00,
    0x00, 0x00, 0x00, 0x00, 0x00, 0x00,
    0x00, 0x00, 0x00, 0x00, 0x00, 0x00,
    0x00, 0x00, 0x00, 0x00, 0x00, 0x00,
    0x00, 0x00, 0x00, 0x00, 0x00, 0x00,
    0x00, 0x00, 0x00, 0x00, 0x00, 0x00,
    0x00, 0x00, 0x00, 0x00, 0x00, 0x00,
    0x00, 0x00, 0x7F, 0xFF, 0x00, 0x00,
    0x00, 0x00, 0xFF, 0xFF, 0xE0, 0x00,
    0x00, 0x01, 0xFF, 0xFF, 0xE0, 0x00,
    0x00, 0x03, 0xE0, 0x01, 0xC0, 0x00,
    0x00, 0x07, 0xC0, 0x00, 0x00, 0x00,
    0x00, 0x07, 0x80, 0x00, 0x00, 0x00,
    0x00, 0x07, 0x00, 0x00, 0x00, 0x00,
    0x00, 0x07, 0x00, 0x00, 0x00, 0x00,
    0x00, 0x07, 0x00, 0x00, 0x00, 0x00,
    0x00, 0x07, 0x00, 0x00, 0x00, 0x00,
    0x00, 0x07, 0x00, 0x00, 0x00, 0x00,
    0x00, 0x07, 0xC0, 0x00, 0x00, 0x00,
    0x00, 0x03, 0xF0, 0x00, 0x00, 0x00,
    0x00, 0x03, 0xFC, 0x00, 0x00, 0x00,
    0x00, 0x00, 0xFF, 0x00, 0x00, 0x00,
    0x00, 0x00, 0x3F, 0xC0, 0x00, 0x00,
    0x00, 0x00, 0x0F, 0xF0, 0x00, 0x00,
    0x00, 0x00, 0x03, 0xFC, 0x00, 0x00,
    0x00, 0x00, 0x00, 0x7F, 0x00, 0x00,
    0x00, 0x00, 0x00, 0x1F, 0xC0, 0x00,
    0x00, 0x00, 0x00, 0x07, 0xC0, 0x00,
    0x00, 0x00, 0x00, 0x01, 0xE0, 0x00,
    0x00, 0x00, 0x00, 0x00, 0xE0, 0x00,
    0x00, 0x00, 0x00, 0x00, 0xE0, 0x00,
    0x00, 0x00, 0x00, 0x00, 0xE0, 0x00,
    0x00, 0x00, 0x00, 0x00, 0xE0, 0x00,
    0x00, 0x00, 0x00, 0x00, 0xE0, 0x00,
    0x00, 0x00, 0x00, 0x00, 0xE0, 0x00,
    0x00, 0x00, 0x00, 0x01, 0xE0, 0x00,
    0x00, 0x00, 0x00, 0x03, 0xE0, 0x00,
    0x00, 0x03, 0x80, 0x07, 0xC0, 0x00,
    0x00, 0x07, 0xFF, 0xFF, 0x80, 0x00,
    0x00, 0x07, 0xFF, 0xFF, 0x00, 0x00,
    0x00, 0x00, 0xFF, 0xFE, 0x00, 0x00,
    0x00, 0x00, 0x00, 0x00, 0x00, 0x00,
    0x00, 0x00, 0x00, 0x00, 0x00, 0x00,
    0x00, 0x00, 0x00, 0x00, 0x00, 0x00,
    0x00, 0x00, 0x00, 0x00, 0x00, 0x00,
    0x00, 0x00, 0x00, 0x00, 0x00, 0x00,
    0x00, 0x00, 0x00, 0x00, 0x00, 0x00,
    0x00, 0x00, 0x00, 0x00, 0x00, 0x00,
};

// 字符: 'A' (0x0041)
const uint8_t bender_48_char_0041[288] = {
    0x00, 0x00, 0x00, 0x00, 0x00, 0x00,
    0x00, 0x00, 0x00, 0x00, 0x00, 0x00,
    0x00, 0x00, 0x00, 0x00, 0x00, 0x00,
    0x00, 0x00, 0x00, 0x00, 0x00, 0x00,
    0x00, 0x00, 0x00, 0x00, 0x00, 0x00,
    0x00, 0x00, 0x00, 0x00, 0x00, 0x00,
    0x00, 0x00, 0x00, 0x00, 0x00, 0x00,
    0x00, 0x00, 0x07, 0xC0, 0x00, 0x00,
    0x00, 0x00, 0x07, 0xE0, 0x00, 0x00,
    0x00, 0x00, 0x07, 0xE0, 0x00, 0x00,
    0x00, 0x00, 0x07, 0xE0, 0x00, 0x00,
    0x00, 0x00, 0x0F, 0xF0, 0x00, 0x00,
    0x00, 0x00, 0x0E, 0xF0, 0x00, 0x00,
    0x00, 0x00, 0x0E, 0x70, 0x00, 0x00,
    0x00, 0x00, 0x1E, 0x78, 0x00, 0x00,
    0x00, 0x00, 0x1C, 0x78, 0x00, 0x00,
    0x00, 0x00, 0x1C, 0x38, 0x00, 0x00,
    0x00, 0x00, 0x3C, 0x38, 0x00, 0x00,
    0x00, 0x00, 0x38, 0x3C, 0x00, 0x00,
    0x00, 0x00, 0x38, 0x1C, 0x00, 0x00,
    0x00, 0x00, 0x78, 0x1C, 0x00, 0x00,
    0x00, 0x00, 0x70, 0x1E, 0x00, 0x00,
    0x00, 0x00, 0x70, 0x0E, 0x00, 0x00,
    0x00, 0x00, 0xF0, 0x0E, 0x00, 0x00,
    0x00, 0x00, 0xF0, 0x0F, 0x00, 0x00,
    0x00, 0x00, 0xE0, 0x07, 0x00, 0x00,
    0x00, 0x01, 0xE0, 0x07, 0x00, 0x00,
    0x00, 0x01, 0xE0, 0x07, 0x80, 0x00,
    0x00, 0x01, 0xFF, 0xFF, 0x80, 0x00,
    0x00, 0x03, 0xFF, 0xFF, 0x80, 0x00,
    0x00, 0x03, 0xFF, 0xFF, 0xC0, 0x00,
    0x00, 0x03, 0x80, 0x03, 0xC0, 0x00,
    0x00, 0x07, 0x80, 0x01, 0xC0, 0x00,
    0x00, 0x07, 0x80, 0x01, 0xE0, 0x00,
    0x00, 0x07, 0x00, 0x01, 0xE0, 0x00,
    0x00, 0x0F, 0x00, 0x00, 0xE0, 0x00,
    0x00, 0x0F, 0x00, 0x00, 0xF0, 0x00,
    0x00, 0x0E, 0x00, 0x00, 0x70, 0x00,
    0x00, 0x1E, 0x00, 0x00, 0x70, 0x00,
    0x00, 0x1C, 0x00, 0x00, 0x78, 0x00,
    0x00, 0x0C, 0x00, 0x00, 0x30, 0x00,
    0x00, 0x00, 0x00, 0x00, 0x00, 0x00,
    0x00, 0x00, 0x00, 0x00, 0x00, 0x00,
    0x00, 0x00, 0x00, 0x00, 0x00, 0x00,
    0x00, 0x00, 0x00, 0x00, 0x00, 0x00,
    0x00, 0x00, 0x00, 0x00, 0x00, 0x00,
    0x00, 0x00, 0x00, 0x00, 0x00, 0x00,
    0x00, 0x00, 0x00, 0x00, 0x00, 0x00,
};

// 字符: 'Z' (0x005A)
const uint8_t bender_48_char_005A[288] = {
    0x00, 0x00, 0x00, 0x00, 0x00, 0x00,
    0x00, 0x00, 0x00, 0x00, 0x00, 0x00,
    0x00, 0x00, 0x00, 0x00, 0x00, 0x00,
    0x00, 0x00, 0x00, 0x00, 0x00, 0x00,
    0x00, 0x00, 0x00, 0x00, 0x00, 0x00,
    0x00, 0x00, 0x00, 0x00, 0x00, 0x00,
    0x00, 0x00, 0x00, 0x00, 0x00, 0x00,
    0x00, 0x0F, 0xFF, 0xFF, 0xE0, 0x00,
    0x00, 0x0F, 0xFF, 0xFF, 0xE0, 0x00,
    0x00, 0x0F, 0xFF, 0xFF, 0xE0, 0x00,
    0x00, 0x00, 0x00, 0x03, 0xC0, 0x00,
    0x00, 0x00, 0x00, 0x03, 0xC0, 0x00,
    0x00, 0x00, 0x00, 0x07, 0x80, 0x00,
    0x00, 0x00, 0x00, 0x0F, 0x00, 0x00,
    0x00, 0x00, 0x00, 0x0F, 0x00, 0x00,
    0x00, 0x00, 0x00, 0x1E, 0x00, 0x00,
    0x00, 0x00, 0x00, 0x3C, 0x00, 0x00,
    0x00, 0x00, 0x00, 0x3C, 0x00, 0x00,
    0x00, 0x00, 0x00, 0x78, 0x00, 0x00,
    0x00, 0x00, 0x00, 0xF0, 0x00, 0x00,
    0x00, 0x00, 0x00, 0xF0, 0x00, 0x00,
    0x00, 0x00, 0x01, 0xE0, 0x00, 0x00,
    0x00, 0x00, 0x03, 0xC0, 0x00, 0x00,
    0x00, 0x00, 0x03, 0xC0, 0x00, 0x00,
    0x00, 0x00, 0x07, 0x80, 0x00, 0x00,
    0x00, 0x00, 0x0F, 0x00, 0x00, 0x00,
    0x00, 0x00, 0x0F, 0x00, 0x00, 0x00,
    0x00, 0x00, 0x1E, 0x00, 0x00, 0x00,
    0x00, 0x00, 0x3C, 0x00, 0x00, 0x00,
    0x00, 0x00, 0x3C, 0x00, 0x00, 0x00,
    0x00, 0x00, 0x78, 0x00, 0x00, 0x00,
    0x00, 0x00, 0xF0, 0x00, 0x00, 0x00,
    0x00, 0x00, 0xF0, 0x00, 0x00, 0x00,
    0x00, 0x01, 0xE0, 0x00, 0x00, 0x00,
    0x00, 0x03, 0xC0, 0x00, 0x00, 0x00,
    0x00, 0x03, 0xC0, 0x00, 0x00, 0x00,
    0x00, 0x07, 0x80, 0x00, 0x00, 0x00,
    0x00, 0x0F, 0x00, 0x00, 0x00, 0x00,
    0x00, 0x0F, 0xFF, 0xFF, 0xE0, 0x00,
    0x00, 0x0F, 0xFF, 0xFF, 0xE0, 0x00,
    0x00, 0x0F, 0xFF, 0xFF, 0xE0, 0x00,
    0x00, 0x00, 0x00, 0x00, 0x00, 0x00,
    0x00, 0x00, 0x00, 0x00, 0x00, 0x00,
    0x00, 0x00, 0x00, 0x00, 0x00, 0x00,
    0x00, 0x00, 0x00, 0x00, 0x00, 0x00,
    0x00, 0x00, 0x00, 0x00, 0x00, 0x00,
    0x00, 0x00, 0x00, 0x00, 0x00, 0x00,
    0x00, 0x00, 0x00, 0x00, 0x00, 0x00,
};

// 字符: 'X' (0x0058)
const uint8_t bender_48_char_0058[288] = {
    0x00, 0x00, 0x00, 0x00, 0x00, 0x00,
    0x00, 0x00, 0x00, 0x00, 0x00, 0x00,
    0x00, 0x00, 0x00, 0x00, 0x00, 0x00,
    0x00, 0x00, 0x00, 0x00, 0x00, 0x00,
    0x00, 0x00, 0x00, 0x00, 0x00, 0x00,
    0x00, 0x00, 0x00, 0x00, 0x00, 0x00,
    0x00, 0x00, 0x00, 0x00, 0x00, 0x00,
    0x00, 0x02, 0x00, 0x00, 0x40, 0x00,
    0x00, 0x0F, 0x00, 0x00, 0xF0, 0x00,
    0x00, 0x0F, 0x00, 0x00, 0xF0, 0x00,
    0x00, 0x07, 0x80, 0x01, 0xE0, 0x00,
    0x00, 0x03, 0xC0, 0x03, 0xC0, 0x00,
    0x00, 0x03, 0xC0, 0x03, 0xC0, 0x00,
    0x00, 0x01, 0xE0, 0x07, 0x80, 0x00,
    0x00, 0x00, 0xF0, 0x0F, 0x00, 0x00,
    0x00, 0x00, 0xF0, 0x0F, 0x00, 0x00,
    0x00, 0x00, 0x78, 0x1E, 0x00, 0x00,
    0x00, 0x00, 0x3C, 0x3C, 0x00, 0x00,
    0x00, 0x00, 0x3C, 0x3C, 0x00, 0x00,
    0x00, 0x00, 0x1E, 0x78, 0x00, 0x00,
    0x00, 0x00, 0x0F, 0xF0, 0x00, 0x00,
    0x00, 0x00, 0x0F, 0xF0, 0x00, 0x00,
    0x00, 0x00, 0x07, 0xE0, 0x00, 0x00,
    0x00, 0x00, 0x03, 0xC0, 0x00, 0x00,
    0x00, 0x00, 0x03, 0xC0, 0x00, 0x00,
    0x00, 0x00, 0x07, 0xE0, 0x00, 0x00,
    0x00, 0x00, 0x07, 0xF0, 0x00, 0x00,
    0x00, 0x00, 0x0F, 0xF0, 0x00, 0x00,
    0x00, 0x00, 0x1E, 0x78, 0x00, 0x00,
    0x00, 0x00, 0x1C, 0x3C, 0x00, 0x00,
    0x00, 0x00, 0x3C, 0x3C, 0x00, 0x00,
    0x00, 0x00, 0x78, 0x1E, 0x00, 0x00,
    0x00, 0x00, 0x70, 0x0F, 0x00, 0x00,
    0x00, 0x00, 0xF0, 0x0F, 0x00, 0x00,
    0x00, 0x01, 0xE0, 0x07, 0x80, 0x00,
    0x00, 0x01, 0xC0, 0x03, 0xC0, 0x00,
    0x00, 0x03, 0xC0, 0x03, 0xC0, 0x00,
    0x00, 0x07, 0x80, 0x01, 0xE0, 0x00,
    0x00, 0x07, 0x00, 0x00, 0xF0, 0x00,
    0x00, 0x0F, 0x00, 0x00, 0xF0, 0x00,
    0x00, 0x02, 0x00, 0x00, 0x40, 0x00,
    0x00, 0x00, 0x00, 0x00, 0x00, 0x00,
    0x00, 0x00, 0x00, 0x00, 0x00, 0x00,
    0x00, 0x00, 0x00, 0x00, 0x00, 0x00,
    0x00, 0x00, 0x00, 0x00, 0x00, 0x00,
    0x00, 0x00, 0x00, 0x00, 0x00, 0x00,
    0x00, 0x00, 0x00, 0x00, 0x00, 0x00,
    0x00, 0x00, 0x00, 0x00, 0x00, 0x00,
};

// 字符: 'C' (0x0043)
const uint8_t bender_48_char_0043[288] = {
    0x00, 0x00, 0x00, 0x00, 0x00, 0x00,
    0x00, 0x00, 0x00, 0x00, 0x00, 0x00,
    0x00, 0x00, 0x00, 0x00, 0x00, 0x00,
    0x00, 0x00, 0x00, 0x00, 0x00, 0x00,
    0x00, 0x00, 0x00, 0x00, 0x00, 0x00,
    0x00, 0x00, 0x00, 0x00, 0x00, 0x00,
    0x00, 0x00, 0x00, 0x00, 0x00, 0x00,
    0x00, 0x00, 0x7F, 0xFF, 0x00, 0x00,
    0x00, 0x00, 0xFF, 0xFF, 0x80, 0x00,
    0x00, 0x01, 0xFF, 0xFF, 0xC0, 0x00,
    0x00, 0x03, 0xE0, 0x03, 0xE0, 0x00,
    0x00, 0x07, 0xC0, 0x01, 0xF0, 0x00,
    0x00, 0x07, 0x80, 0x00, 0xF0, 0x00,
    0x00, 0x07, 0x00, 0x00, 0x70, 0x00,
    0x00, 0x07, 0x00, 0x00, 0x70, 0x00,
    0x00, 0x07, 0x00, 0x00, 0x70, 0x00,
    0x00, 0x07, 0x00, 0x00, 0x70, 0x00,
    0x00, 0x07, 0x00, 0x00, 0x00, 0x00,
    0x00, 0x07, 0x00, 0x00, 0x00, 0x00,
    0x00, 0x07, 0x00, 0x00, 0x00, 0x00,
    0x00, 0x07, 0x00, 0x00, 0x00, 0x00,
    0x00, 0x07, 0x00, 0x00, 0x00, 0x00,
    0x00, 0x07, 0x00, 0x00, 0x00, 0x00,
    0x00, 0x07, 0x00, 0x00, 0x00, 0x00,
    0x00, 0x07, 0x00, 0x00, 0x00, 0x00,
    0x00, 0x07, 0x00, 0x00, 0x00, 0x00,
    0x00, 0x07, 0x00, 0x00, 0x00, 0x00,
    0x00, 0x07, 0x00, 0x00, 0x00, 0x00,
    0x00, 0x07, 0x00, 0x00, 0x00, 0x00,
    0x00, 0x07, 0x00, 0x00, 0x00, 0x00,
    0x00, 0x07, 0x00, 0x00, 0x00, 0x00,
    0x00, 0x07, 0x00, 0x00, 0x00, 0x00,
    0x00, 0x07, 0x00, 0x00, 0x00, 0x00,
    0x00, 0x07, 0x00, 0x00, 0x00, 0x00,
    0x00, 0x07, 0x00, 0x00, 0x00, 0x00,
    0x00, 0x07, 0x80, 0x00, 0x60, 0x00,
    0x00, 0x07, 0xC0, 0x00, 0xF0, 0x00,
    0x00, 0x03, 0xE0, 0x01, 0xE0, 0x00,
    0x00, 0x01, 0xFF, 0xFF, 0xC0, 0x00,
    0x00, 0x00, 0xFF, 0xFF, 0x80, 0x00,
    0x00, 0x00, 0x7F, 0xFF, 0x00, 0x00,
    0x00, 0x00, 0x00, 0x00, 0x00, 0x00,
    0x00, 0x00, 0x00, 0x00, 0x00, 0x00,
    0x00, 0x00, 0x00, 0x00, 0x00, 0x00,
    0x00, 0x00, 0x00, 0x00, 0x00, 0x00,
    0x00, 0x00, 0x00, 0x00, 0x00, 0x00,
    0x00, 0x00, 0x00, 0x00, 0x00, 0x00,
    0x00, 0x00, 0x00, 0x00, 0x00, 0x00,
};

// 字符: 'V' (0x0056)
const uint8_t bender_48_char_0056[288] = {
    0x00, 0x00, 0x00, 0x00, 0x00, 0x00,
    0x00, 0x00, 0x00, 0x00, 0x00, 0x00,
    0x00, 0x00, 0x00, 0x00, 0x00, 0x00,
    0x00, 0x00, 0x00, 0x00, 0x00, 0x00,
    0x00, 0x00, 0x00, 0x00, 0x00, 0x00,
    0x00, 0x00, 0x00, 0x00, 0x00, 0x00,
    0x00, 0x00, 0x00, 0x00, 0x00, 0x00,
    0x00, 0x0C, 0x00, 0x00, 0x30, 0x00,
    0x00, 0x1C, 0x00, 0x00, 0x38, 0x00,
    0x00, 0x1E, 0x00, 0x00, 0x78, 0x00,
    0x00, 0x0E, 0x00, 0x00, 0x70, 0x00,
    0x00, 0x0E, 0x00, 0x00, 0x70, 0x00,
    0x00, 0x0F, 0x00, 0x00, 0xF0, 0x00,
    0x00, 0x07, 0x00, 0x00, 0xE0, 0x00,
    0x00, 0x07, 0x00, 0x00, 0xE0, 0x00,
    0x00, 0x07, 0x80, 0x01, 0xE0, 0x00,
    0x00, 0x03, 0x80, 0x01, 0xC0, 0x00,
    0x00, 0x03, 0x80, 0x01, 0xC0, 0x00,
    0x00, 0x03, 0xC0, 0x03, 0xC0, 0x00,
    0x00, 0x01, 0xC0, 0x03, 0x80, 0x00,
    0x00, 0x01, 0xC0, 0x03, 0x80, 0x00,
    0x00, 0x01, 0xE0, 0x07, 0x80, 0x00,
    0x00, 0x00, 0xE0, 0x07, 0x00, 0x00,
    0x00, 0x00, 0xE0, 0x07, 0x00, 0x00,
    0x00, 0x00, 0xF0, 0x0F, 0x00, 0x00,
    0x00, 0x00, 0x70, 0x0E, 0x00, 0x00,
    0x00, 0x00, 0x70, 0x0E, 0x00, 0x00,
    0x00, 0x00, 0x78, 0x1E, 0x00, 0x00,
    0x00, 0x00, 0x38, 0x1C, 0x00, 0x00,
    0x00, 0x00, 0x38, 0x1C, 0x00, 0x00,
    0x00, 0x00, 0x3C, 0x3C, 0x00, 0x00,
    0x00, 0x00, 0x1C, 0x38, 0x00, 0x00,
    0x00, 0x00, 0x1E, 0x38, 0x00, 0x00,
    0x00, 0x00, 0x1E, 0x78, 0x00, 0x00,
    0x00, 0x00, 0x0E, 0x70, 0x00, 0x00,
    0x00, 0x00, 0x0F, 0x70, 0x00, 0x00,
    0x00, 0x00, 0x0F, 0xF0, 0x00, 0x00,
    0x00, 0x00, 0x07, 0xE0, 0x00, 0x00,
    0x00, 0x00, 0x07, 0xE0, 0x00, 0x00,
    0x00, 0x00, 0x07, 0xE0, 0x00, 0x00,
    0x00, 0x00, 0x03, 0xC0, 0x00, 0x00,
    0x00, 0x00, 0x00, 0x00, 0x00, 0x00,
    0x00, 0x00, 0x00, 0x00, 0x00, 0x00,
    0x00, 0x00, 0x00, 0x00, 0x00, 0x00,
    0x00, 0x00, 0x00, 0x00, 0x00, 0x00,
    0x00, 0x00, 0x00, 0x00, 0x00, 0x00,
    0x00, 0x00, 0x00, 0x00, 0x00, 0x00,
    0x00, 0x00, 0x00, 0x00, 0x00, 0x00,
};

// 字符: 'B' (0x0042)
const uint8_t bender_48_char_0042[288] = {
    0x00, 0x00, 0x00, 0x00, 0x00, 0x00,
    0x00, 0x00, 0x00, 0x00, 0x00, 0x00,
    0x00, 0x00, 0x00, 0x00, 0x00, 0x00,
    0x00, 0x00, 0x00, 0x00, 0x00, 0x00,
    0x00, 0x00, 0x00, 0x00, 0x00, 0x00,
    0x00, 0x00, 0x00, 0x00, 0x00, 0x00,
    0x00, 0x00, 0x00, 0x00, 0x00, 0x00,
    0x00, 0x07, 0xFF, 0xFF, 0x00, 0x00,
    0x00, 0x07, 0xFF, 0xFF, 0x80, 0x00,
    0x00, 0x07, 0xFF, 0xFF, 0xC0, 0x00,
    0x00, 0x07, 0x00, 0x03, 0xE0, 0x00,
    0x00, 0x07, 0x00, 0x01, 0xE0, 0x00,
    0x00, 0x07, 0x00, 0x00, 0xE0, 0x00,
    0x00, 0x07, 0x00, 0x00, 0xE0, 0x00,
    0x00, 0x07, 0x00, 0x00, 0xE0, 0x00,
    0x00, 0x07, 0x00, 0x00, 0xE0, 0x00,
    0x00, 0x07, 0x00, 0x00, 0xE0, 0x00,
    0x00, 0x07, 0x00, 0x00, 0xE0, 0x00,
    0x00, 0x07, 0x00, 0x00, 0xE0, 0x00,
    0x00, 0x07, 0x00, 0x00, 0xE0, 0x00,
    0x00, 0x07, 0x00, 0x01, 0xE0, 0x00,
    0x00, 0x07, 0x00, 0x03, 0xE0, 0x00,
    0x00, 0x07, 0xFF, 0xFF, 0xC0, 0x00,
    0x00, 0x07, 0xFF, 0xFF, 0x80, 0x00,
    0x00, 0x07, 0xFF, 0xFF, 0xC0, 0x00,
    0x00, 0x07, 0x00, 0x03, 0xE0, 0x00,
    0x00, 0x07, 0x00, 0x01, 0xF0, 0x00,
    0x00, 0x07, 0x00, 0x00, 0xF0, 0x00,
    0x00, 0x07, 0x00, 0x00, 0x70, 0x00,
    0x00, 0x07, 0x00, 0x00, 0x70, 0x00,
    0x00, 0x07, 0x00, 0x00, 0x70, 0x00,
    0x00, 0x07, 0x00, 0x00, 0x70, 0x00,
    0x00, 0x07, 0x00, 0x00, 0x70, 0x00,
    0x00, 0x07, 0x00, 0x00, 0x70, 0x00,
    0x00, 0x07, 0x00, 0x00, 0x70, 0x00,
    0x00, 0x07, 0x00, 0x00, 0xF0, 0x00,
    0x00, 0x07, 0x00, 0x01, 0xF0, 0x00,
    0x00, 0x07, 0x00, 0x03, 0xE0, 0x00,
    0x00, 0x07, 0xFF, 0xFF, 0xC0, 0x00,
    0x00, 0x07, 0xFF, 0xFF, 0x80, 0x00,
    0x00, 0x07, 0xFF, 0xFF, 0x00, 0x00,
    0x00, 0x00, 0x00, 0x00, 0x00, 0x00,
    0x00, 0x00, 0x00, 0x00, 0x00, 0x00,
    0x00, 0x00, 0x00, 0x00, 0x00, 0x00,
    0x00, 0x00, 0x00, 0x00, 0x00, 0x00,
    0x00, 0x00, 0x00, 0x00, 0x00, 0x00,
    0x00, 0x00, 0x00, 0x00, 0x00, 0x00,
    0x00, 0x00, 0x00, 0x00, 0x00, 0x00,
};

// 字符: 'N' (0x004E)
const uint8_t bender_48_char_004E[288] = {
    0x00, 0x00, 0x00, 0x00, 0x00, 0x00,
    0x00, 0x00, 0x00, 0x00, 0x00, 0x00,
    0x00, 0x00, 0x00, 0x00, 0x00, 0x00,
    0x00, 0x00, 0x00, 0x00, 0x00, 0x00,
    0x00, 0x00, 0x00, 0x00, 0x00, 0x00,
    0x00, 0x00, 0x00, 0x00, 0x00, 0x00,
    0x00, 0x00, 0x00, 0x00, 0x00, 0x00,
    0x00, 0x0F, 0x00, 0x00, 0xE0, 0x00,
    0x00, 0x0F, 0x00, 0x00, 0xE0, 0x00,
    0x00, 0x0F, 0x80, 0x00, 0xE0, 0x00,
    0x00, 0x0F, 0x80, 0x00, 0xE0, 0x00,
    0x00, 0x0F, 0xC0, 0x00, 0xE0, 0x00,
    0x00, 0x0F, 0xE0, 0x00, 0xE0, 0x00,
    0x00, 0x0E, 0xE0, 0x00, 0xE0, 0x00,
    0x00, 0x0E, 0xF0, 0x00, 0xE0, 0x00,
    0x00, 0x0E, 0x70, 0x00, 0xE0, 0x00,
    0x00, 0x0E, 0x78, 0x00, 0xE0, 0x00,
    0x00, 0x0E, 0x3C, 0x00, 0xE0, 0x00,
    0x00, 0x0E, 0x3C, 0x00, 0xE0, 0x00,
    0x00, 0x0E, 0x1E, 0x00, 0xE0, 0x00,
    0x00, 0x0E, 0x0E, 0x00, 0xE0, 0x00,
    0x00, 0x0E, 0x0F, 0x00, 0xE0, 0x00,
    0x00, 0x0E, 0x07, 0x00, 0xE0, 0x00,
    0x00, 0x0E, 0x07, 0x80, 0xE0, 0x00,
    0x00, 0x0E, 0x03, 0xC0, 0xE0, 0x00,
    0x00, 0x0E, 0x01, 0xC0, 0xE0, 0x00,
    0x00, 0x0E, 0x01, 0xE0, 0xE0, 0x00,
    0x00, 0x0E, 0x00, 0xE0, 0xE0, 0x00,
    0x00, 0x0E, 0x00, 0xF0, 0xE0, 0x00,
    0x00, 0x0E, 0x00, 0x78, 0xE0, 0x00,
    0x00, 0x0E, 0x00, 0x78, 0xE0, 0x00,
    0x00, 0x0E, 0x00, 0x3C, 0xE0, 0x00,
    0x00, 0x0E, 0x00, 0x1C, 0xE0, 0x00,
    0x00, 0x0E, 0x00, 0x1E, 0xE0, 0x00,
    0x00, 0x0E, 0x00, 0x0E, 0xE0, 0x00,
    0x00, 0x0E, 0x00, 0x0F, 0xE0, 0x00,
    0x00, 0x0E, 0x00, 0x07, 0xE0, 0x00,
    0x00, 0x0E, 0x00, 0x03, 0xE0, 0x00,
    0x00, 0x0E, 0x00, 0x03, 0xE0, 0x00,
    0x00, 0x0E, 0x00, 0x01, 0xE0, 0x00,
    0x00, 0x0E, 0x00, 0x01, 0xE0, 0x00,
    0x00, 0x00, 0x00, 0x00, 0x00, 0x00,
    0x00, 0x00, 0x00, 0x00, 0x00, 0x00,
    0x00, 0x00, 0x00, 0x00, 0x00, 0x00,
    0x00, 0x00, 0x00, 0x00, 0x00, 0x00,
    0x00, 0x00, 0x00, 0x00, 0x00, 0x00,
    0x00, 0x00, 0x00, 0x00, 0x00, 0x00,
    0x00, 0x00, 0x00, 0x00, 0x00, 0x00,
};

// 字符: 'M' (0x004D)
const uint8_t bender_48_char_004D[288] = {
    0x00, 0x00, 0x00, 0x00, 0x00, 0x00,
    0x00, 0x00, 0x00, 0x00, 0x00, 0x00,
    0x00, 0x00, 0x00, 0x00, 0x00, 0x00,
    0x00, 0x00, 0x00, 0x00, 0x00, 0x00,
    0x00, 0x00, 0x00, 0x00, 0x00, 0x00,
    0x00, 0x00, 0x00, 0x00, 0x00, 0x00,
    0x00, 0x00, 0x00, 0x00, 0x00, 0x00,
    0x00, 0xF0, 0x00, 0x00, 0x0F, 0x00,
    0x00, 0xF0, 0x00, 0x00, 0x0F, 0x00,
    0x00, 0xF8, 0x00, 0x00, 0x1F, 0x00,
    0x00, 0xF8, 0x00, 0x00, 0x1F, 0x00,
    0x00, 0xFC, 0x00, 0x00, 0x3F, 0x00,
    0x00, 0xFC, 0x00, 0x00, 0x7F, 0x00,
    0x00, 0xFE, 0x00, 0x00, 0x7F, 0x00,
    0x00, 0xEF, 0x00, 0x00, 0xF7, 0x00,
    0x00, 0xE7, 0x00, 0x00, 0xE7, 0x00,
    0x00, 0xE7, 0x80, 0x01, 0xE7, 0x00,
    0x00, 0xE3, 0x80, 0x01, 0xC7, 0x00,
    0x00, 0xE3, 0xC0, 0x03, 0xC7, 0x00,
    0x00, 0xE1, 0xE0, 0x07, 0x87, 0x00,
    0x00, 0xE1, 0xE0, 0x07, 0x87, 0x00,
    0x00, 0xE0, 0xF0, 0x0F, 0x07, 0x00,
    0x00, 0xE0, 0x70, 0x0E, 0x07, 0x00,
    0x00, 0xE0, 0x78, 0x1E, 0x07, 0x00,
    0x00, 0xE0, 0x38, 0x1C, 0x07, 0x00,
    0x00, 0xE0, 0x3C, 0x3C, 0x07, 0x00,
    0x00, 0xE0, 0x1E, 0x78, 0x07, 0x00,
    0x00, 0xE0, 0x1E, 0x70, 0x07, 0x00,
    0x00, 0xE0, 0x0F, 0xF0, 0x07, 0x00,
    0x00, 0xE0, 0x07, 0xE0, 0x07, 0x00,
    0x00, 0xE0, 0x07, 0xE0, 0x07, 0x00,
    0x00, 0xE0, 0x03, 0xC0, 0x07, 0x00,
    0x00, 0xE0, 0x03, 0xC0, 0x07, 0x00,
    0x00, 0xE0, 0x00, 0x00, 0x07, 0x00,
    0x00, 0xE0, 0x00, 0x00, 0x07, 0x00,
    0x00, 0xE0, 0x00, 0x00, 0x07, 0x00,
    0x00, 0xE0, 0x00, 0x00, 0x07, 0x00,
    0x00, 0xE0, 0x00, 0x00, 0x07, 0x00,
    0x00, 0xE0, 0x00, 0x00, 0x07, 0x00,
    0x00, 0xE0, 0x00, 0x00, 0x07, 0x00,
    0x00, 0xE0, 0x00, 0x00, 0x07, 0x00,
    0x00, 0x00, 0x00, 0x00, 0x00, 0x00,
    0x00, 0x00, 0x00, 0x00, 0x00, 0x00,
    0x00, 0x00, 0x00, 0x00, 0x00, 0x00,
    0x00, 0x00, 0x00, 0x00, 0x00, 0x00,
    0x00, 0x00, 0x00, 0x00, 0x00, 0x00,
    0x00, 0x00, 0x00, 0x00, 0x00, 0x00,
    0x00, 0x00, 0x00, 0x00, 0x00, 0x00,
};

// 字符: '.' (0x002E)
const uint8_t bender_48_char_002E[288] = {
    0x00, 0x00, 0x00, 0x00, 0x00, 0x00,
    0x00, 0x00, 0x00, 0x00, 0x00, 0x00,
    0x00, 0x00, 0x00, 0x00, 0x00, 0x00,
    0x00, 0x00, 0x00, 0x00, 0x00, 0x00,
    0x00, 0x00, 0x00, 0x00, 0x00, 0x00,
    0x00, 0x00, 0x00, 0x00, 0x00, 0x00,
    0x00, 0x00, 0x00, 0x00, 0x00, 0x00,
    0x00, 0x00, 0x00, 0x00, 0x00, 0x00,
    0x00, 0x00, 0x00, 0x00, 0x00, 0x00,
    0x00, 0x00, 0x00, 0x00, 0x00, 0x00,
    0x00, 0x00, 0x00, 0x00, 0x00, 0x00,
    0x00, 0x00, 0x00, 0x00, 0x00, 0x00,
    0x00, 0x00, 0x00, 0x00, 0x00, 0x00,
    0x00, 0x00, 0x00, 0x00, 0x00, 0x00,
    0x00, 0x00, 0x00, 0x00, 0x00, 0x00,
    0x00, 0x00, 0x00, 0x00, 0x00, 0x00,
    0x00, 0x00, 0x00, 0x00, 0x00, 0x00,
    0x00, 0x00, 0x00, 0x00, 0x00, 0x00,
    0x00, 0x00, 0x00, 0x00, 0x00, 0x00,
    0x00, 0x00, 0x00, 0x00, 0x00, 0x00,
    0x00, 0x00, 0x00, 0x00, 0x00, 0x00,
    0x00, 0x00, 0x00, 0x00, 0x00, 0x00,
    0x00, 0x00, 0x03, 0x80, 0x00, 0x00,
    0x00, 0x00, 0x07, 0xC0, 0x00, 0x00,
    0x00, 0x00, 0x07, 0xC0, 0x00, 0x00,
    0x00, 0x00, 0x03, 0x80, 0x00, 0x00,
    0x00, 0x00, 0x00, 0x00, 0x00, 0x00,
    0x00, 0x00, 0x00, 0x00, 0x00, 0x00,
    0x00, 0x00, 0x00, 0x00, 0x00, 0x00,
    0x00, 0x00, 0x00, 0x00, 0x00, 0x00,
    0x00, 0x00, 0x00, 0x00, 0x00, 0x00,
    0x00, 0x00, 0x00, 0x00, 0x00, 0x00,
    0x00, 0x00, 0x00, 0x00, 0x00, 0x00,
    0x00, 0x00, 0x00, 0x00, 0x00, 0x00,
    0x00, 0x00, 0x00, 0x00, 0x00, 0x00,
    0x00, 0x00, 0x00, 0x00, 0x00, 0x00,
    0x00, 0x00, 0x00, 0x00, 0x00, 0x00,
    0x00, 0x00, 0x00, 0x00, 0x00, 0x00,
    0x00, 0x00, 0x00, 0x00, 0x00, 0x00,
    0x00, 0x00, 0x00, 0x00, 0x00, 0x00,
    0x00, 0x00, 0x00, 0x00, 0x00, 0x00,
    0x00, 0x00, 0x00, 0x00, 0x00, 0x00,
    0x00, 0x00, 0x00, 0x00, 0x00, 0x00,
    0x00, 0x00, 0x00, 0x00, 0x00, 0x00,
    0x00, 0x00, 0x00, 0x00, 0x00, 0x00,
    0x00, 0x00, 0x00, 0x00, 0x00, 0x00,
    0x00, 0x00, 0x00, 0x00, 0x00, 0x00,
    0x00, 0x00, 0x00, 0x00, 0x00, 0x00,
};

// 字符: ':' (0x003A)
const uint8_t bender_48_char_003A[288] = {
    0x00, 0x00, 0x00, 0x00, 0x00, 0x00,
    0x00, 0x00, 0x00, 0x00, 0x00, 0x00,
    0x00, 0x00, 0x00, 0x00, 0x00, 0x00,
    0x00, 0x00, 0x00, 0x00, 0x00, 0x00,
    0x00, 0x00, 0x00, 0x00, 0x00, 0x00,
    0x00, 0x00, 0x00, 0x00, 0x00, 0x00,
    0x00, 0x00, 0x00, 0x00, 0x00, 0x00,
    0x00, 0x00, 0x00, 0x00, 0x00, 0x00,
    0x00, 0x00, 0x00, 0x00, 0x00, 0x00,
    0x00, 0x00, 0x00, 0x00, 0x00, 0x00,
    0x00, 0x00, 0x00, 0x00, 0x00, 0x00,
    0x00, 0x00, 0x00, 0x00, 0x00, 0x00,
    0x00, 0x00, 0x00, 0x00, 0x00, 0x00,
    0x00, 0x00, 0x03, 0x80, 0x00, 0x00,
    0x00, 0x00, 0x07, 0xC0, 0x00, 0x00,
    0x00, 0x00, 0x07, 0xC0, 0x00, 0x00,
    0x00, 0x00, 0x03, 0x80, 0x00, 0x00,
    0x00, 0x00, 0x00, 0x00, 0x00, 0x00,
    0x00, 0x00, 0x00, 0x00, 0x00, 0x00,
    0x00, 0x00, 0x00, 0x00, 0x00, 0x00,
    0x00, 0x00, 0x00, 0x00, 0x00, 0x00,
    0x00, 0x00, 0x00, 0x00, 0x00, 0x00,
    0x00, 0x00, 0x00, 0x00, 0x00, 0x00,
    0x00, 0x00, 0x00, 0x00, 0x00, 0x00,
    0x00, 0x00, 0x00, 0x00, 0x00, 0x00,
    0x00, 0x00, 0x00, 0x00, 0x00, 0x00,
    0x00, 0x00, 0x00, 0x00, 0x00, 0x00,
    0x00, 0x00, 0x00, 0x00, 0x00, 0x00,
    0x00, 0x00, 0x00, 0x00, 0x00, 0x00,
    0x00, 0x00, 0x00, 0x00, 0x00, 0x00,
    0x00, 0x00, 0x00, 0x00, 0x00, 0x00,
    0x00, 0x00, 0x03, 0x80, 0x00, 0x00,
    0x00, 0x00, 0x07, 0xC0, 0x00, 0x00,
    0x00, 0x00, 0x07, 0xC0, 0x00, 0x00,
    0x00, 0x00, 0x03, 0x80, 0x00, 0x00,
    0x00, 0x00, 0x00, 0x00, 0x00, 0x00,
    0x00, 0x00, 0x00, 0x00, 0x00, 0x00,
    0x00, 0x00, 0x00, 0x00, 0x00, 0x00,
    0x00, 0x00, 0x00, 0x00, 0x00, 0x00,
    0x00, 0x00, 0x00, 0x00, 0x00, 0x00,
    0x00, 0x00, 0x00, 0x00, 0x00, 0x00,
    0x00, 0x00, 0x00, 0x00, 0x00, 0x00,
    0x00, 0x00, 0x00, 0x00, 0x00, 0x00,
    0x00, 0x00, 0x00, 0x00, 0x00, 0x00,
    0x00, 0x00, 0x00, 0x00, 0x00, 0x00,
    0x00, 0x00, 0x00, 0x00, 0x00, 0x00,
    0x00, 0x00, 0x00, 0x00, 0x00, 0x00,
    0x00, 0x00, 0x00, 0x00, 0x00, 0x00,
};

// 字符: '-' (0x002D)
const uint8_t bender_48_char_002D[288] = {
    0x00, 0x00, 0x00, 0x00, 0x00, 0x00,
    0x00, 0x00, 0x00, 0x00, 0x00, 0x00,
    0x00, 0x00, 0x00, 0x00, 0x00, 0x00,
    0x00, 0x00, 0x00, 0x00, 0x00, 0x00,
    0x00, 0x00, 0x00, 0x00, 0x00, 0x00,
    0x00, 0x00, 0x00, 0x00, 0x00, 0x00,
    0x00, 0x00, 0x00, 0x00, 0x00, 0x00,
    0x00, 0x00, 0x00, 0x00, 0x00, 0x00,
    0x00, 0x00, 0x00, 0x00, 0x00, 0x00,
    0x00, 0x00, 0x00, 0x00, 0x00, 0x00,
    0x00, 0x00, 0x00, 0x00, 0x00, 0x00,
    0x00, 0x00, 0x00, 0x00, 0x00, 0x00,
    0x00, 0x00, 0x00, 0x00, 0x00, 0x00,
    0x00, 0x00, 0x00, 0x00, 0x00, 0x00,
    0x00, 0x03, 0xFF, 0xFF, 0xC0, 0x00,
    0x00, 0x03, 0xFF, 0xFF, 0xC0, 0x00,
    0x00, 0x03, 0xFF, 0xFF, 0xC0, 0x00,
    0x00, 0x00, 0x00, 0x00, 0x00, 0x00,
    0x00, 0x00, 0x00, 0x00, 0x00, 0x00,
    0x00, 0x00, 0x00, 0x00, 0x00, 0x00,
    0x00, 0x00, 0x00, 0x00, 0x00, 0x00,
    0x00, 0x00, 0x00, 0x00, 0x00, 0x00,
    0x00, 0x00, 0x00, 0x00, 0x00, 0x00,
    0x00, 0x00, 0x00, 0x00, 0x00, 0x00,
    0x00, 0x00, 0x00, 0x00, 0x00, 0x00,
    0x00, 0x00, 0x00, 0x00, 0x00, 0x00,
    0x00, 0x00, 0x00, 0x00, 0x00, 0x00,
    0x00, 0x00, 0x00, 0x00, 0x00, 0x00,
    0x00, 0x00, 0x00, 0x00, 0x00, 0x00,
    0x00, 0x00, 0x00, 0x00, 0x00, 0x00,
    0x00, 0x00, 0x00, 0x00, 0x00, 0x00,
    0x00, 0x00, 0x00, 0x00, 0x00, 0x00,
    0x00, 0x00, 0x00, 0x00, 0x00, 0x00,
    0x00, 0x00, 0x00, 0x00, 0x00, 0x00,
    0x00, 0x00, 0x00, 0x00, 0x00, 0x00,
    0x00, 0x00, 0x00, 0x00, 0x00, 0x00,
    0x00, 0x00, 0x00, 0x00, 0x00, 0x00,
    0x00, 0x00, 0x00, 0x00, 0x00, 0x00,
    0x00, 0x00, 0x00, 0x00, 0x00, 0x00,
    0x00, 0x00, 0x00, 0x00, 0x00, 0x00,
    0x00, 0x00, 0x00, 0x00, 0x00, 0x00,
    0x00, 0x00, 0x00, 0x00, 0x00, 0x00,
    0x00, 0x00, 0x00, 0x00, 0x00, 0x00,
    0x00, 0x00, 0x00, 0x00, 0x00, 0x00,
    0x00, 0x00, 0x00, 0x00, 0x00, 0x00,
    0x00, 0x00, 0x00, 0x00, 0x00, 0x00,
    0x00, 0x00, 0x00, 0x00, 0x00, 0x00,
    0x00, 0x00, 0x00, 0x00, 0x00, 0x00,
};

// 字符: '=' (0x003D)
const uint8_t bender_48_char_003D[288] = {
    0x00, 0x00, 0x00, 0x00, 0x00, 0x00,
    0x00, 0x00, 0x00, 0x00, 0x00, 0x00,
    0x00, 0x00, 0x00, 0x00, 0x00, 0x00,
    0x00, 0x00, 0x00, 0x00, 0x00, 0x00,
    0x00, 0x00, 0x00, 0x00, 0x00, 0x00,
    0x00, 0x00, 0x00, 0x00, 0x00, 0x00,
    0x00, 0x00, 0x00, 0x00, 0x00, 0x00,
    0x00, 0x00, 0x00, 0x00, 0x00, 0x00,
    0x00, 0x00, 0x00, 0x00, 0x00, 0x00,
    0x00, 0x00, 0x00, 0x00, 0x00, 0x00,
    0x00, 0x00, 0x00, 0x00, 0x00, 0x00,
    0x00, 0x00, 0x00, 0x00, 0x00, 0x00,
    0x00, 0x03, 0xFF, 0xFF, 0xC0, 0x00,
    0x00, 0x03, 0xFF, 0xFF, 0xC0, 0x00,
    0x00, 0x03, 0xFF, 0xFF, 0xC0, 0x00,
    0x00, 0x00, 0x00, 0x00, 0x00, 0x00,
    0x00, 0x00, 0x00, 0x00, 0x00, 0x00,
    0x00, 0x00, 0x00, 0x00, 0x00, 0x00,
    0x00, 0x00, 0x00, 0x00, 0x00, 0x00,
    0x00, 0x00, 0x00, 0x00, 0x00, 0x00,
    0x00, 0x03, 0xFF, 0xFF, 0xC0, 0x00,
    0x00, 0x03, 0xFF, 0xFF, 0xC0, 0x00,
    0x00, 0x03, 0xFF, 0xFF, 0xC0, 0x00,
    0x00, 0x00, 0x00, 0x00, 0x00, 0x00,
    0x00, 0x00, 0x00, 0x00, 0x00, 0x00,
    0x00, 0x00, 0x00, 0x00, 0x00, 0x00,
    0x00, 0x00, 0x00, 0x00, 0x00, 0x00,
    0x00, 0x00, 0x00, 0x00, 0x00, 0x00,
    0x00, 0x00, 0x00, 0x00, 0x00, 0x00,
    0x00, 0x00, 0x00, 0x00, 0x00, 0x00,
    0x00, 0x00, 0x00, 0x00, 0x00, 0x00,
    0x00, 0x00, 0x00, 0x00, 0x00, 0x00,
    0x00, 0x00, 0x00, 0x00, 0x00, 0x00,
    0x00, 0x00, 0x00, 0x00, 0x00, 0x00,
    0x00, 0x00, 0x00, 0x00, 0x00, 0x00,
    0x00, 0x00, 0x00, 0x00, 0x00, 0x00,
    0x00, 0x00, 0x00, 0x00, 0x00, 0x00,
    0x00, 0x00, 0x00, 0x00, 0x00, 0x00,
    0x00, 0x00, 0x00, 0x00, 0x00, 0x00,
    0x00, 0x00, 0x00, 0x00, 0x00, 0x00,
    0x00, 0x00, 0x00, 0x00, 0x00, 0x00,
    0x00, 0x00, 0x00, 0x00, 0x00, 0x00,
    0x00, 0x00, 0x00, 0x00, 0x00, 0x00,
    0x00, 0x00, 0x00, 0x00, 0x00, 0x00,
    0x00, 0x00, 0x00, 0x00, 0x00, 0x00,
    0x00, 0x00, 0x00, 0x00, 0x00, 0x00,
    0x00, 0x00, 0x00, 0x00, 0x00, 0x00,
    0x00, 0x00, 0x00, 0x00, 0x00, 0x00,
};

// 字符: '+' (0x002B)
const uint8_t bender_48_char_002B[288] = {
    0x00, 0x00, 0x00, 0x00, 0x00, 0x00,
    0x00, 0x00, 0x00, 0x00, 0x00, 0x00,
    0x00, 0x00, 0x00, 0x00, 0x00, 0x00,
    0x00, 0x00, 0x00, 0x00, 0x00, 0x00,
    0x00, 0x00, 0x00, 0x00, 0x00, 0x00,
    0x00, 0x00, 0x00, 0x00, 0x00, 0x00,
    0x00, 0x00, 0x00, 0x00, 0x00, 0x00,
    0x00, 0x00, 0x00, 0x00, 0x00, 0x00,
    0x00, 0x00, 0x00, 0x00, 0x00, 0x00,
    0x00, 0x00, 0x00, 0x00, 0x00, 0x00,
    0x00, 0x00, 0x03, 0x80, 0x00, 0x00,
    0x00, 0x00, 0x03, 0x80, 0x00, 0x00,
    0x00, 0x00, 0x03, 0x80, 0x00, 0x00,
    0x00, 0x00, 0x03, 0x80, 0x00, 0x00,
    0x00, 0x00, 0x03, 0x80, 0x00, 0x00,
    0x00, 0x00, 0x03, 0x80, 0x00, 0x00,
    0x00, 0x00, 0x03, 0x80, 0x00, 0x00,
    0x00, 0x00, 0x03, 0x80, 0x00, 0x00,
    0x00, 0x00, 0x03, 0x80, 0x00, 0x00,
    0x00, 0x07, 0xFF, 0xFF, 0xC0, 0x00,
    0x00, 0x07, 0xFF, 0xFF, 0xC0, 0x00,
    0x00, 0x07, 0xFF, 0xFF, 0xC0, 0x00,
    0x00, 0x00, 0x03, 0x80, 0x00, 0x00,
    0x00, 0x00, 0x03, 0x80, 0x00, 0x00,
    0x00, 0x00, 0x03, 0x80, 0x00, 0x00,
    0x00, 0x00, 0x03, 0x80, 0x00, 0x00,
    0x00, 0x00, 0x03, 0x80, 0x00, 0x00,
    0x00, 0x00, 0x03, 0x80, 0x00, 0x00,
    0x00, 0x00, 0x03, 0x80, 0x00, 0x00,
    0x00, 0x00, 0x03, 0x80, 0x00, 0x00,
    0x00, 0x00, 0x03, 0x80, 0x00, 0x00,
    0x00, 0x00, 0x00, 0x00, 0x00, 0x00,
    0x00, 0x00, 0x00, 0x00, 0x00, 0x00,
    0x00, 0x00, 0x00, 0x00, 0x00, 0x00,
    0x00, 0x00, 0x00, 0x00, 0x00, 0x00,
    0x00, 0x00, 0x00, 0x00, 0x00, 0x00,
    0x00, 0x00, 0x00, 0x00, 0x00, 0x00,
    0x00, 0x00, 0x00, 0x00, 0x00, 0x00,
    0x00, 0x00, 0x00, 0x00, 0x00, 0x00,
    0x00, 0x00, 0x00, 0x00, 0x00, 0x00,
    0x00, 0x00, 0x00, 0x00, 0x00, 0x00,
    0x00, 0x00, 0x00, 0x00, 0x00, 0x00,
    0x00, 0x00, 0x00, 0x00, 0x00, 0x00,
    0x00, 0x00, 0x00, 0x00, 0x00, 0x00,
    0x00, 0x00, 0x00, 0x00, 0x00, 0x00,
    0x00, 0x00, 0x00, 0x00, 0x00, 0x00,
    0x00, 0x00, 0x00, 0x00, 0x00, 0x00,
    0x00, 0x00, 0x00, 0x00, 0x00, 0x00,
};

// 字符: '_' (0x005F)
const uint8_t bender_48_char_005F[288] = {
    0x00, 0x00, 0x00, 0x00, 0x00, 0x00,
    0x00, 0x00, 0x00, 0x00, 0x00, 0x00,
    0x00, 0x00, 0x00, 0x00, 0x00, 0x00,
    0x00, 0x00, 0x00, 0x00, 0x00, 0x00,
    0x00, 0x00, 0x00, 0x00, 0x00, 0x00,
    0x00, 0x00, 0x00, 0x00, 0x00, 0x00,
    0x00, 0x00, 0x00, 0x00, 0x00, 0x00,
    0x00, 0x00, 0x00, 0x00, 0x00, 0x00,
    0x00, 0x00, 0x00, 0x00, 0x00, 0x00,
    0x00, 0x00, 0x00, 0x00, 0x00, 0x00,
    0x00, 0x00, 0x00, 0x00, 0x00, 0x00,
    0x00, 0x00, 0x00, 0x00, 0x00, 0x00,
    0x00, 0x00, 0x00, 0x00, 0x00, 0x00,
    0x00, 0x00, 0x00, 0x00, 0x00, 0x00,
    0x00, 0x00, 0x00, 0x00, 0x00, 0x00,
    0x00, 0x00, 0x00, 0x00, 0x00, 0x00,
    0x00, 0x00, 0x00, 0x00, 0x00, 0x00,
    0x00, 0x00, 0x00, 0x00, 0x00, 0x00,
    0x00, 0x00, 0x00, 0x00, 0x00, 0x00,
    0x00, 0x00, 0x00, 0x00, 0x00, 0x00,
    0x00, 0x00, 0x00, 0x00, 0x00, 0x00,
    0x00, 0x00, 0x00, 0x00, 0x00, 0x00,
    0x00, 0x07, 0xFF, 0xFF, 0xC0, 0x00,
    0x00, 0x07, 0xFF, 0xFF, 0xC0, 0x00,
    0x00, 0x07, 0xFF, 0xFF, 0xC0, 0x00,
    0x00, 0x00, 0x00, 0x00, 0x00, 0x00,
    0x00, 0x00, 0x00, 0x00, 0x00, 0x00,
    0x00, 0x00, 0x00, 0x00, 0x00, 0x00,
    0x00, 0x00, 0x00, 0x00, 0x00, 0x00,
    0x00, 0x00, 0x00, 0x00, 0x00, 0x00,
    0x00, 0x00, 0x00, 0x00, 0x00, 0x00,
    0x00, 0x00, 0x00, 0x00, 0x00, 0x00,
    0x00, 0x00, 0x00, 0x00, 0x00, 0x00,
    0x00, 0x00, 0x00, 0x00, 0x00, 0x00,
    0x00, 0x00, 0x00, 0x00, 0x00, 0x00,
    0x00, 0x00, 0x00, 0x00, 0x00, 0x00,
    0x00, 0x00, 0x00, 0x00, 0x00, 0x00,
    0x00, 0x00, 0x00, 0x00, 0x00, 0x00,
    0x00, 0x00, 0x00, 0x00, 0x00, 0x00,
    0x00, 0x00, 0x00, 0x00, 0x00, 0x00,
    0x00, 0x00, 0x00, 0x00, 0x00, 0x00,
    0x00, 0x00, 0x00, 0x00, 0x00, 0x00,
    0x00, 0x00, 0x00, 0x00, 0x00, 0x00,
    0x00, 0x00, 0x00, 0x00, 0x00, 0x00,
    0x00, 0x00, 0x00, 0x00, 0x00, 0x00,
    0x00, 0x00, 0x00, 0x00, 0x00, 0x00,
    0x00, 0x00, 0x00, 0x00, 0x00, 0x00,
    0x00, 0x00, 0x00, 0x00, 0x00, 0x00,
};

// 字符: '%' (0x0025)
const uint8_t bender_48_char_0025[288] = {
    0x00, 0x00, 0x00, 0x00, 0x00, 0x00,
    0x00, 0x00, 0x00, 0x00, 0x00, 0x00,
    0x00, 0x00, 0x00, 0x00, 0x00, 0x00,
    0x00, 0x00, 0x00, 0x00, 0x00, 0x00,
    0x00, 0x00, 0x00, 0x00, 0x00, 0x00,
    0x00, 0x00, 0x00, 0x00, 0x00, 0x00,
    0x00, 0x0F, 0xE0, 0x00, 0x10, 0x00,
    0x00, 0x1F, 0xF0, 0x00, 0x38, 0x00,
    0x00, 0x3F, 0xF8, 0x00, 0x78, 0x00,
    0x00, 0x78, 0x7C, 0x00, 0x70, 0x00,
    0x00, 0xF0, 0x3C, 0x00, 0xF0, 0x00,
    0x00, 0xF0, 0x1C, 0x01, 0xE0, 0x00,
    0x00, 0xF0, 0x1C, 0x03, 0xC0, 0x00,
    0x00, 0xF0, 0x1C, 0x03, 0x80, 0x00,
    0x00, 0xF0, 0x1C, 0x07, 0x80, 0x00,
    0x00, 0xF0, 0x1C, 0x0F, 0x00, 0x00,
    0x00, 0x78, 0x3C, 0x1E, 0x00, 0x00,
    0x00, 0x3F, 0xF8, 0x3C, 0x00, 0x00,
    0x00, 0x1F, 0xF0, 0x38, 0x00, 0x00,
    0x00, 0x0F, 0xE0, 0x78, 0x00, 0x00,
    0x00, 0x00, 0x00, 0xF0, 0x00, 0x00,
    0x00, 0x00, 0x01, 0xE0, 0x00, 0x00,
    0x00, 0x00, 0x01, 0xC0, 0x00, 0x00,
    0x00, 0x00, 0x03, 0xC0, 0x00, 0x00,
    0x00, 0x00, 0x07, 0x80, 0x00, 0x00,
    0x00, 0x00, 0x0F, 0x00, 0x00, 0x00,
    0x00, 0x00, 0x0E, 0x07, 0xF0, 0x00,
    0x00, 0x00, 0x1E, 0x0F, 0xF8, 0x00,
    0x00, 0x00, 0x3C, 0x1F, 0xFC, 0x00,
    0x00, 0x00, 0x78, 0x3C, 0x3E, 0x00,
    0x00, 0x00, 0xF0, 0x78, 0x1E, 0x00,
    0x00, 0x00, 0xF0, 0x70, 0x0E, 0x00,
    0x00, 0x01, 0xE0, 0x70, 0x0E, 0x00,
    0x00, 0x03, 0xC0, 0x70, 0x0E, 0x00,
    0x00, 0x07, 0x80, 0x70, 0x0E, 0x00,
    0x00, 0x07, 0x80, 0x78, 0x1E, 0x00,
    0x00, 0x0F, 0x00, 0x7C, 0x3E, 0x00,
    0x00, 0x1E, 0x00, 0x1F, 0xFC, 0x00,
    0x00, 0x3C, 0x00, 0x0F, 0xF8, 0x00,
    0x00, 0x38, 0x00, 0x07, 0xF0, 0x00,
    0x00, 0x08, 0x00, 0x00, 0x00, 0x00,
    0x00, 0x00, 0x00, 0x00, 0x00, 0x00,
    0x00, 0x00, 0x00, 0x00, 0x00, 0x00,
    0x00, 0x00, 0x00, 0x00, 0x00, 0x00,
    0x00, 0x00, 0x00, 0x00, 0x00, 0x00,
    0x00, 0x00, 0x00, 0x00, 0x00, 0x00,
    0x00, 0x00, 0x00, 0x00, 0x00, 0x00,
    0x00, 0x00, 0x00, 0x00, 0x00, 0x00,
};

// 字符: '*' (0x002A)
const uint8_t bender_48_char_002A[288] = {
    0x00, 0x00, 0x00, 0x00, 0x00, 0x00,
    0x00, 0x00, 0x00, 0x00, 0x00, 0x00,
    0x00, 0x00, 0x00, 0x00, 0x00, 0x00,
    0x00, 0x00, 0x00, 0x00, 0x00, 0x00,
    0x00, 0x00, 0x00, 0x00, 0x00, 0x00,
    0x00, 0x00, 0x00, 0x00, 0x00, 0x00,
    0x00, 0x00, 0x00, 0x00, 0x00, 0x00,
    0x00, 0x00, 0x03, 0xC0, 0x00, 0x00,
    0x00, 0x00, 0x03, 0xC0, 0x00, 0x00,
    0x00, 0x00, 0x03, 0xC0, 0x00, 0x00,
    0x00, 0x00, 0x33, 0xCE, 0x00, 0x00,
    0x00, 0x00, 0x7B, 0xDE, 0x00, 0x00,
    0x00, 0x00, 0x7F, 0xFE, 0x00, 0x00,
    0x00, 0x00, 0x3F, 0xFC, 0x00, 0x00,
    0x00, 0x00, 0x0F, 0xF0, 0x00, 0x00,
    0x00, 0x00, 0x0F, 0xF0, 0x00, 0x00,
    0x00, 0x00, 0x3F, 0xFC, 0x00, 0x00,
    0x00, 0x00, 0x7F, 0xFE, 0x00, 0x00,
    0x00, 0x00, 0x7B, 0xDE, 0x00, 0x00,
    0x00, 0x00, 0x33, 0xCE, 0x00, 0x00,
    0x00, 0x00, 0x03, 0xC0, 0x00, 0x00,
    0x00, 0x00, 0x03, 0xC0, 0x00, 0x00,
    0x00, 0x00, 0x03, 0xC0, 0x00, 0x00,
    0x00, 0x00, 0x00, 0x00, 0x00, 0x00,
    0x00, 0x00, 0x00, 0x00, 0x00, 0x00,
    0x00, 0x00, 0x00, 0x00, 0x00, 0x00,
    0x00, 0x00, 0x00, 0x00, 0x00, 0x00,
    0x00, 0x00, 0x00, 0x00, 0x00, 0x00,
    0x00, 0x00, 0x00, 0x00, 0x00, 0x00,
    0x00, 0x00, 0x00, 0x00, 0x00, 0x00,
    0x00, 0x00, 0x00, 0x00, 0x00, 0x00,
    0x00, 0x00, 0x00, 0x00, 0x00, 0x00,
    0x00, 0x00, 0x00, 0x00, 0x00, 0x00,
    0x00, 0x00, 0x00, 0x00, 0x00, 0x00,
    0x00, 0x00, 0x00, 0x00, 0x00, 0x00,
    0x00, 0x00, 0x00, 0x00, 0x00, 0x00,
    0x00, 0x00, 0x00, 0x00, 0x00, 0x00,
    0x00, 0x00, 0x00, 0x00, 0x00, 0x00,
    0x00, 0x00, 0x00, 0x00, 0x00, 0x00,
    0x00, 0x00, 0x00, 0x00, 0x00, 0x00,
    0x00, 0x00, 0x00, 0x00, 0x00, 0x00,
    0x00, 0x00, 0x00, 0x00, 0x00, 0x00,
    0x00, 0x00, 0x00, 0x00, 0x00, 0x00,
    0x00, 0x00, 0x00, 0x00, 0x00, 0x00,
    0x00, 0x00, 0x00, 0x00, 0x00, 0x00,
    0x00, 0x00, 0x00, 0x00, 0x00, 0x00,
    0x00, 0x00, 0x00, 0x00, 0x00, 0x00,
    0x00, 0x00, 0x00, 0x00, 0x00, 0x00,
};

// 字符: '#' (0x0023)
const uint8_t bender_48_char_0023[288] = {
    0x00, 0x00, 0x00, 0x00, 0x00, 0x00,
    0x00, 0x00, 0x00, 0x00, 0x00, 0x00,
    0x00, 0x00, 0x00, 0x00, 0x00, 0x00,
    0x00, 0x00, 0x00, 0x00, 0x00, 0x00,
    0x00, 0x00, 0x00, 0x00, 0x00, 0x00,
    0x00, 0x00, 0x00, 0x00, 0x00, 0x00,
    0x00, 0x00, 0x00, 0x00, 0x00, 0x00,
    0x00, 0x00, 0x03, 0x80, 0x1C, 0x00,
    0x00, 0x00, 0x03, 0x80, 0x1C, 0x00,
    0x00, 0x00, 0x07, 0x00, 0x38, 0x00,
    0x00, 0x00, 0x07, 0x00, 0x38, 0x00,
    0x00, 0x00, 0x0F, 0x00, 0x78, 0x00,
    0x00, 0x00, 0x0E, 0x00, 0x70, 0x00,
    0x00, 0x00, 0x0E, 0x00, 0x70, 0x00,
    0x00, 0x00, 0x1E, 0x00, 0xF0, 0x00,
    0x00, 0x00, 0x1C, 0x00, 0xE0, 0x00,
    0x00, 0x00, 0x1C, 0x00, 0xE0, 0x00,
    0x00, 0x1F, 0xFF, 0xFF, 0xFF, 0x80,
    0x00, 0x1F, 0xFF, 0xFF, 0xFF, 0x80,
    0x00, 0x1F, 0xFF, 0xFF, 0xFF, 0x80,
    0x00, 0x00, 0x70, 0x03, 0x80, 0x00,
    0x00, 0x00, 0x70, 0x03, 0x80, 0x00,
    0x00, 0x00, 0xF0, 0x07, 0x80, 0x00,
    0x00, 0x00, 0xE0, 0x07, 0x00, 0x00,
    0x00, 0x01, 0xE0, 0x0F, 0x00, 0x00,
    0x00, 0x01, 0xC0, 0x0E, 0x00, 0x00,
    0x00, 0x01, 0xC0, 0x0E, 0x00, 0x00,
    0x00, 0x03, 0xC0, 0x1E, 0x00, 0x00,
    0x00, 0x03, 0x80, 0x1C, 0x00, 0x00,
    0x03, 0xFF, 0xFF, 0xFF, 0xF0, 0x00,
    0x03, 0xFF, 0xFF, 0xFF, 0xF0, 0x00,
    0x03, 0xFF, 0xFF, 0xFF, 0xF0, 0x00,
    0x00, 0x0F, 0x00, 0x78, 0x00, 0x00,
    0x00, 0x0E, 0x00, 0x70, 0x00, 0x00,
    0x00, 0x1E, 0x00, 0x70, 0x00, 0x00,
    0x00, 0x1C, 0x00, 0xE0, 0x00, 0x00,
    0x00, 0x1C, 0x00, 0xE0, 0x00, 0x00,
    0x00, 0x3C, 0x01, 0xE0, 0x00, 0x00,
    0x00, 0x38, 0x01, 0xC0, 0x00, 0x00,
    0x00, 0x78, 0x03, 0xC0, 0x00, 0x00,
    0x00, 0x70, 0x03, 0x80, 0x00, 0x00,
    0x00, 0x00, 0x00, 0x00, 0x00, 0x00,
    0x00, 0x00, 0x00, 0x00, 0x00, 0x00,
    0x00, 0x00, 0x00, 0x00, 0x00, 0x00,
    0x00, 0x00, 0x00, 0x00, 0x00, 0x00,
    0x00, 0x00, 0x00, 0x00, 0x00, 0x00,
    0x00, 0x00, 0x00, 0x00, 0x00, 0x00,
    0x00, 0x00, 0x00, 0x00, 0x00, 0x00,
};

// 字符: '@' (0x0040)
const uint8_t bender_48_char_0040[288] = {
    0x00, 0x00, 0x00, 0x00, 0x00, 0x00,
    0x00, 0x00, 0x00, 0x00, 0x00, 0x00,
    0x00, 0x00, 0x00, 0x00, 0x00, 0x00,
    0x00, 0x00, 0x00, 0x00, 0x00, 0x00,
    0x00, 0x0F, 0xFF, 0xFF, 0xF0, 0x00,
    0x00, 0x1F, 0xFF, 0xFF, 0xF8, 0x00,
    0x00, 0x3F, 0xFF, 0xFF, 0xFC, 0x00,
    0x00, 0x7C, 0x00, 0x00, 0x1E, 0x00,
    0x00, 0xF8, 0x00, 0x00, 0x0F, 0x00,
    0x01, 0xF0, 0x00, 0x00, 0x07, 0x80,
    0x03, 0xC0, 0x00, 0x00, 0x03, 0xC0,
    0x03, 0x80, 0x00, 0x00, 0x01, 0xC0,
    0x03, 0x80, 0x00, 0x00, 0x01, 0xC0,
    0x03, 0x80, 0x1F, 0xF8, 0x01, 0xC0,
    0x03, 0x80, 0xFF, 0xFC, 0x01, 0xC0,
    0x03, 0x80, 0xFF, 0xFE, 0x01, 0xC0,
    0x03, 0x80, 0xF0, 0x0F, 0x01, 0xC0,
    0x03, 0x80, 0x00, 0x07, 0x01, 0xC0,
    0x03, 0x80, 0x00, 0x07, 0x01, 0xC0,
    0x03, 0x80, 0x00, 0x07, 0x01, 0xC0,
    0x03, 0x80, 0x00, 0x07, 0x01, 0xC0,
    0x03, 0x80, 0x00, 0x07, 0x01, 0xC0,
    0x03, 0x80, 0x3F, 0xFF, 0x01, 0xC0,
    0x03, 0x80, 0x7F, 0xFF, 0x01, 0xC0,
    0x03, 0x80, 0xFF, 0xFF, 0x01, 0xC0,
    0x03, 0x81, 0xF0, 0x07, 0x01, 0xC0,
    0x03, 0x81, 0xE0, 0x07, 0x01, 0xC0,
    0x03, 0x81, 0xC0, 0x07, 0x01, 0xC0,
    0x03, 0x81, 0xC0, 0x07, 0x01, 0xC0,
    0x03, 0x81, 0xC0, 0x07, 0x01, 0xC0,
    0x03, 0x81, 0xE0, 0x0F, 0x83, 0xC0,
    0x03, 0x81, 0xF0, 0x3F, 0x87, 0x80,
    0x03, 0x80, 0xFF, 0xFF, 0xFF, 0x00,
    0x03, 0x80, 0x7F, 0xFB, 0xFE, 0x00,
    0x03, 0x80, 0x3F, 0xF1, 0xFC, 0x00,
    0x03, 0x80, 0x00, 0x00, 0x00, 0x00,
    0x03, 0xC0, 0x00, 0x00, 0x00, 0x00,
    0x03, 0xE0, 0x00, 0x00, 0x00, 0x00,
    0x00, 0xF0, 0x00, 0x00, 0x00, 0x00,
    0x00, 0x78, 0x00, 0x00, 0x00, 0x00,
    0x00, 0x3F, 0xFF, 0xFF, 0xE0, 0x00,
    0x00, 0x1F, 0xFF, 0xFF, 0xE0, 0x00,
    0x00, 0x0F, 0xFF, 0xFF, 0xE0, 0x00,
    0x00, 0x00, 0x00, 0x00, 0x00, 0x00,
    0x00, 0x00, 0x00, 0x00, 0x00, 0x00,
    0x00, 0x00, 0x00, 0x00, 0x00, 0x00,
    0x00, 0x00, 0x00, 0x00, 0x00, 0x00,
    0x00, 0x00, 0x00, 0x00, 0x00, 0x00,
};

// 字符: '!' (0x0021)
const uint8_t bender_48_char_0021[288] = {
    0x00, 0x00, 0x00, 0x00, 0x00, 0x00,
    0x00, 0x00, 0x00, 0x00, 0x00, 0x00,
    0x00, 0x00, 0x00, 0x00, 0x00, 0x00,
    0x00, 0x00, 0x00, 0x00, 0x00, 0x00,
    0x00, 0x00, 0x00, 0x00, 0x00, 0x00,
    0x00, 0x00, 0x00, 0x00, 0x00, 0x00,
    0x00, 0x00, 0x00, 0x00, 0x00, 0x00,
    0x00, 0x00, 0x03, 0xC0, 0x00, 0x00,
    0x00, 0x00, 0x03, 0xC0, 0x00, 0x00,
    0x00, 0x00, 0x03, 0xC0, 0x00, 0x00,
    0x00, 0x00, 0x03, 0xC0, 0x00, 0x00,
    0x00, 0x00, 0x03, 0xC0, 0x00, 0x00,
    0x00, 0x00, 0x03, 0xC0, 0x00, 0x00,
    0x00, 0x00, 0x03, 0xC0, 0x00, 0x00,
    0x00, 0x00, 0x03, 0xC0, 0x00, 0x00,
    0x00, 0x00, 0x03, 0xC0, 0x00, 0x00,
    0x00, 0x00, 0x03, 0xC0, 0x00, 0x00,
    0x00, 0x00, 0x03, 0xC0, 0x00, 0x00,
    0x00, 0x00, 0x03, 0xC0, 0x00, 0x00,
    0x00, 0x00, 0x03, 0xC0, 0x00, 0x00,
    0x00, 0x00, 0x03, 0xC0, 0x00, 0x00,
    0x00, 0x00, 0x03, 0xC0, 0x00, 0x00,
    0x00, 0x00, 0x03, 0xC0, 0x00, 0x00,
    0x00, 0x00, 0x03, 0xC0, 0x00, 0x00,
    0x00, 0x00, 0x03, 0xC0, 0x00, 0x00,
    0x00, 0x00, 0x03, 0xC0, 0x00, 0x00,
    0x00, 0x00, 0x03, 0xC0, 0x00, 0x00,
    0x00, 0x00, 0x03, 0xC0, 0x00, 0x00,
    0x00, 0x00, 0x03, 0xC0, 0x00, 0x00,
    0x00, 0x00, 0x03, 0xC0, 0x00, 0x00,
    0x00, 0x00, 0x03, 0xC0, 0x00, 0x00,
    0x00, 0x00, 0x03, 0xC0, 0x00, 0x00,
    0x00, 0x00, 0x03, 0xC0, 0x00, 0x00,
    0x00, 0x00, 0x03, 0xC0, 0x00, 0x00,
    0x00, 0x00, 0x03, 0xC0, 0x00, 0x00,
    0x00, 0x00, 0x00, 0x00, 0x00, 0x00,
    0x00, 0x00, 0x00, 0x00, 0x00, 0x00,
    0x00, 0x00, 0x03, 0xC0, 0x00, 0x00,
    0x00, 0x00, 0x03, 0xC0, 0x00, 0x00,
    0x00, 0x00, 0x03, 0xC0, 0x00, 0x00,
    0x00, 0x00, 0x03, 0xC0, 0x00, 0x00,
    0x00, 0x00, 0x00, 0x00, 0x00, 0x00,
    0x00, 0x00, 0x00, 0x00, 0x00, 0x00,
    0x00, 0x00, 0x00, 0x00, 0x00, 0x00,
    0x00, 0x00, 0x00, 0x00, 0x00, 0x00,
    0x00, 0x00, 0x00, 0x00, 0x00, 0x00,
    0x00, 0x00, 0x00, 0x00, 0x00, 0x00,
    0x00, 0x00, 0x00, 0x00, 0x00, 0x00,
};

// 字符: '^' (0x005E)
const uint8_t bender_48_char_005E[288] = {
    0x00, 0x00, 0x00, 0x00, 0x00, 0x00,
    0x00, 0x00, 0x00, 0x00, 0x00, 0x00,
    0x00, 0x00, 0x00, 0x00, 0x00, 0x00,
    0x00, 0x00, 0x00, 0x00, 0x00, 0x00,
    0x00, 0x00, 0x00, 0x00, 0x00, 0x00,
    0x00, 0x00, 0x00, 0x00, 0x00, 0x00,
    0x00, 0x00, 0x00, 0x00, 0x00, 0x00,
    0x00, 0x00, 0x03, 0x80, 0x00, 0x00,
    0x00, 0x00, 0x07, 0x80, 0x00, 0x00,
    0x00, 0x00, 0x0F, 0xC0, 0x00, 0x00,
    0x00, 0x00, 0x0F, 0xE0, 0x00, 0x00,
    0x00, 0x00, 0x1E, 0xF0, 0x00, 0x00,
    0x00, 0x00, 0x3C, 0xF0, 0x00, 0x00,
    0x00, 0x00, 0x78, 0x78, 0x00, 0x00,
    0x00, 0x00, 0x78, 0x3C, 0x00, 0x00,
    0x00, 0x00, 0xF0, 0x1E, 0x00, 0x00,
    0x00, 0x01, 0xE0, 0x1E, 0x00, 0x00,
    0x00, 0x01, 0xC0, 0x0F, 0x00, 0x00,
    0x00, 0x03, 0xC0, 0x07, 0x80, 0x00,
    0x00, 0x07, 0x80, 0x03, 0x80, 0x00,
    0x00, 0x0F, 0x00, 0x03, 0xC0, 0x00,
    0x00, 0x0F, 0x00, 0x01, 0xC0, 0x00,
    0x00, 0x02, 0x00, 0x00, 0x80, 0x00,
    0x00, 0x00, 0x00, 0x00, 0x00, 0x00,
    0x00, 0x00, 0x00, 0x00, 0x00, 0x00,
    0x00, 0x00, 0x00, 0x00, 0x00, 0x00,
    0x00, 0x00, 0x00, 0x00, 0x00, 0x00,
    0x00, 0x00, 0x00, 0x00, 0x00, 0x00,
    0x00, 0x00, 0x00, 0x00, 0x00, 0x00,
    0x00, 0x00, 0x00, 0x00, 0x00, 0x00,
    0x00, 0x00, 0x00, 0x00, 0x00, 0x00,
    0x00, 0x00, 0x00, 0x00, 0x00, 0x00,
    0x00, 0x00, 0x00, 0x00, 0x00, 0x00,
    0x00, 0x00, 0x00, 0x00, 0x00, 0x00,
    0x00, 0x00, 0x00, 0x00, 0x00, 0x00,
    0x00, 0x00, 0x00, 0x00, 0x00, 0x00,
    0x00, 0x00, 0x00, 0x00, 0x00, 0x00,
    0x00, 0x00, 0x00, 0x00, 0x00, 0x00,
    0x00, 0x00, 0x00, 0x00, 0x00, 0x00,
    0x00, 0x00, 0x00, 0x00, 0x00, 0x00,
    0x00, 0x00, 0x00, 0x00, 0x00, 0x00,
    0x00, 0x00, 0x00, 0x00, 0x00, 0x00,
    0x00, 0x00, 0x00, 0x00, 0x00, 0x00,
    0x00, 0x00, 0x00, 0x00, 0x00, 0x00,
    0x00, 0x00, 0x00, 0x00, 0x00, 0x00,
    0x00, 0x00, 0x00, 0x00, 0x00, 0x00,
    0x00, 0x00, 0x00, 0x00, 0x00, 0x00,
    0x00, 0x00, 0x00, 0x00, 0x00, 0x00,
};

// 字符: '&' (0x0026)
const uint8_t bender_48_char_0026[288] = {
    0x00, 0x00, 0x00, 0x00, 0x00, 0x00,
    0x00, 0x00, 0x00, 0x00, 0x00, 0x00,
    0x00, 0x00, 0x00, 0x00, 0x00, 0x00,
    0x00, 0x00, 0x00, 0x00, 0x00, 0x00,
    0x00, 0x00, 0x00, 0x00, 0x00, 0x00,
    0x00, 0x00, 0x00, 0x00, 0x00, 0x00,
    0x00, 0x00, 0x3F, 0xF8, 0x00, 0x00,
    0x00, 0x00, 0x7F, 0xFC, 0x00, 0x00,
    0x00, 0x00, 0xFF, 0xFE, 0x00, 0x00,
    0x00, 0x01, 0xF0, 0x1F, 0x00, 0x00,
    0x00, 0x03, 0xE0, 0x0F, 0x80, 0x00,
    0x00, 0x03, 0xC0, 0x07, 0x80, 0x00,
    0x00, 0x03, 0x80, 0x03, 0x80, 0x00,
    0x00, 0x03, 0x80, 0x03, 0x80, 0x00,
    0x00, 0x03, 0x80, 0x03, 0x80, 0x00,
    0x00, 0x03, 0x80, 0x03, 0x80, 0x00,
    0x00, 0x03, 0xC0, 0x00, 0x00, 0x00,
    0x00, 0x01, 0xE0, 0x00, 0x00, 0x00,
    0x00, 0x00, 0xF0, 0x00, 0x00, 0x00,
    0x00, 0x00, 0xF8, 0x00, 0x00, 0x00,
    0x00, 0x00, 0x7C, 0x00, 0x00, 0x00,
    0x00, 0x00, 0x7C, 0x00, 0x00, 0x00,
    0x00, 0x00, 0xFE, 0x00, 0x00, 0x00,
    0x00, 0x01, 0xFF, 0x00, 0x00, 0x00,
    0x00, 0x03, 0xE7, 0x80, 0x00, 0x00,
    0x00, 0x07, 0xC3, 0xC0, 0x00, 0x00,
    0x00, 0x0F, 0x81, 0xE0, 0x00, 0x00,
    0x00, 0x0F, 0x00, 0xF0, 0x30, 0x00,
    0x00, 0x1E, 0x00, 0xF8, 0x78, 0x00,
    0x00, 0x3C, 0x00, 0x78, 0xF8, 0x00,
    0x00, 0x3C, 0x00, 0x3D, 0xF0, 0x00,
    0x00, 0x3C, 0x00, 0x1F, 0xE0, 0x00,
    0x00, 0x3C, 0x00, 0x0F, 0xC0, 0x00,
    0x00, 0x3C, 0x00, 0x0F, 0x80, 0x00,
    0x00, 0x3C, 0x00, 0x1F, 0xC0, 0x00,
    0x00, 0x1E, 0x00, 0x3F, 0xE0, 0x00,
    0x00, 0x0F, 0x00, 0x7C, 0xE0, 0x00,
    0x00, 0x07, 0xFF, 0xF8, 0xF0, 0x00,
    0x00, 0x03, 0xFF, 0xF0, 0x78, 0x00,
    0x00, 0x01, 0xFF, 0xE0, 0x38, 0x00,
    0x00, 0x00, 0x00, 0x00, 0x10, 0x00,
    0x00, 0x00, 0x00, 0x00, 0x00, 0x00,
    0x00, 0x00, 0x00, 0x00, 0x00, 0x00,
    0x00, 0x00, 0x00, 0x00, 0x00, 0x00,
    0x00, 0x00, 0x00, 0x00, 0x00, 0x00,
    0x00, 0x00, 0x00, 0x00, 0x00, 0x00,
    0x00, 0x00, 0x00, 0x00, 0x00, 0x00,
    0x00, 0x00, 0x00, 0x00, 0x00, 0x00,
};

// 字符: '(' (0x0028)
const uint8_t bender_48_char_0028[288] = {
    0x00, 0x00, 0x00, 0x00, 0x00, 0x00,
    0x00, 0x00, 0x00, 0x00, 0x00, 0x00,
    0x00, 0x00, 0x00, 0x08, 0x00, 0x00,
    0x00, 0x00, 0x00, 0x7C, 0x00, 0x00,
    0x00, 0x00, 0x01, 0xFC, 0x00, 0x00,
    0x00, 0x00, 0x03, 0xF0, 0x00, 0x00,
    0x00, 0x00, 0x03, 0xC0, 0x00, 0x00,
    0x00, 0x00, 0x07, 0x80, 0x00, 0x00,
    0x00, 0x00, 0x07, 0x00, 0x00, 0x00,
    0x00, 0x00, 0x0E, 0x00, 0x00, 0x00,
    0x00, 0x00, 0x0E, 0x00, 0x00, 0x00,
    0x00, 0x00, 0x0E, 0x00, 0x00, 0x00,
    0x00, 0x00, 0x0E, 0x00, 0x00, 0x00,
    0x00, 0x00, 0x0E, 0x00, 0x00, 0x00,
    0x00, 0x00, 0x0E, 0x00, 0x00, 0x00,
    0x00, 0x00, 0x0E, 0x00, 0x00, 0x00,
    0x00, 0x00, 0x0E, 0x00, 0x00, 0x00,
    0x00, 0x00, 0x0E, 0x00, 0x00, 0x00,
    0x00, 0x00, 0x0E, 0x00, 0x00, 0x00,
    0x00, 0x00, 0x0E, 0x00, 0x00, 0x00,
    0x00, 0x00, 0x0E, 0x00, 0x00, 0x00,
    0x00, 0x00, 0x0E, 0x00, 0x00, 0x00,
    0x00, 0x00, 0x0E, 0x00, 0x00, 0x00,
    0x00, 0x00, 0x0E, 0x00, 0x00, 0x00,
    0x00, 0x00, 0x0E, 0x00, 0x00, 0x00,
    0x00, 0x00, 0x0E, 0x00, 0x00, 0x00,
    0x00, 0x00, 0x0E, 0x00, 0x00, 0x00,
    0x00, 0x00, 0x0E, 0x00, 0x00, 0x00,
    0x00, 0x00, 0x0E, 0x00, 0x00, 0x00,
    0x00, 0x00, 0x0E, 0x00, 0x00, 0x00,
    0x00, 0x00, 0x0E, 0x00, 0x00, 0x00,
    0x00, 0x00, 0x0E, 0x00, 0x00, 0x00,
    0x00, 0x00, 0x0E, 0x00, 0x00, 0x00,
    0x00, 0x00, 0x0E, 0x00, 0x00, 0x00,
    0x00, 0x00, 0x0E, 0x00, 0x00, 0x00,
    0x00, 0x00, 0x0E, 0x00, 0x00, 0x00,
    0x00, 0x00, 0x0E, 0x00, 0x00, 0x00,
    0x00, 0x00, 0x0E, 0x00, 0x00, 0x00,
    0x00, 0x00, 0x07, 0x00, 0x00, 0x00,
    0x00, 0x00, 0x07, 0x80, 0x00, 0x00,
    0x00, 0x00, 0x03, 0xC0, 0x00, 0x00,
    0x00, 0x00, 0x03, 0xF0, 0x00, 0x00,
    0x00, 0x00, 0x01, 0xFC, 0x00, 0x00,
    0x00, 0x00, 0x00, 0x78, 0x00, 0x00,
    0x00, 0x00, 0x00, 0x08, 0x00, 0x00,
    0x00, 0x00, 0x00, 0x00, 0x00, 0x00,
    0x00, 0x00, 0x00, 0x00, 0x00, 0x00,
    0x00, 0x00, 0x00, 0x00, 0x00, 0x00,
};

// 字符: ')' (0x0029)
const uint8_t bender_48_char_0029[288] = {
    0x00, 0x00, 0x00, 0x00, 0x00, 0x00,
    0x00, 0x00, 0x00, 0x00, 0x00, 0x00,
    0x00, 0x00, 0x10, 0x00, 0x00, 0x00,
    0x00, 0x00, 0x1E, 0x00, 0x00, 0x00,
    0x00, 0x00, 0x3F, 0x80, 0x00, 0x00,
    0x00, 0x00, 0x0F, 0xC0, 0x00, 0x00,
    0x00, 0x00, 0x03, 0xC0, 0x00, 0x00,
    0x00, 0x00, 0x01, 0xE0, 0x00, 0x00,
    0x00, 0x00, 0x00, 0xE0, 0x00, 0x00,
    0x00, 0x00, 0x00, 0xF0, 0x00, 0x00,
    0x00, 0x00, 0x00, 0x70, 0x00, 0x00,
    0x00, 0x00, 0x00, 0x70, 0x00, 0x00,
    0x00, 0x00, 0x00, 0x70, 0x00, 0x00,
    0x00, 0x00, 0x00, 0x70, 0x00, 0x00,
    0x00, 0x00, 0x00, 0x70, 0x00, 0x00,
    0x00, 0x00, 0x00, 0x70, 0x00, 0x00,
    0x00, 0x00, 0x00, 0x70, 0x00, 0x00,
    0x00, 0x00, 0x00, 0x70, 0x00, 0x00,
    0x00, 0x00, 0x00, 0x70, 0x00, 0x00,
    0x00, 0x00, 0x00, 0x70, 0x00, 0x00,
    0x00, 0x00, 0x00, 0x70, 0x00, 0x00,
    0x00, 0x00, 0x00, 0x70, 0x00, 0x00,
    0x00, 0x00, 0x00, 0x70, 0x00, 0x00,
    0x00, 0x00, 0x00, 0x70, 0x00, 0x00,
    0x00, 0x00, 0x00, 0x70, 0x00, 0x00,
    0x00, 0x00, 0x00, 0x70, 0x00, 0x00,
    0x00, 0x00, 0x00, 0x70, 0x00, 0x00,
    0x00, 0x00, 0x00, 0x70, 0x00, 0x00,
    0x00, 0x00, 0x00, 0x70, 0x00, 0x00,
    0x00, 0x00, 0x00, 0x70, 0x00, 0x00,
    0x00, 0x00, 0x00, 0x70, 0x00, 0x00,
    0x00, 0x00, 0x00, 0x70, 0x00, 0x00,
    0x00, 0x00, 0x00, 0x70, 0x00, 0x00,
    0x00, 0x00, 0x00, 0x70, 0x00, 0x00,
    0x00, 0x00, 0x00, 0x70, 0x00, 0x00,
    0x00, 0x00, 0x00, 0x70, 0x00, 0x00,
    0x00, 0x00, 0x00, 0x70, 0x00, 0x00,
    0x00, 0x00, 0x00, 0x70, 0x00, 0x00,
    0x00, 0x00, 0x00, 0xE0, 0x00, 0x00,
    0x00, 0x00, 0x01, 0xE0, 0x00, 0x00,
    0x00, 0x00, 0x03, 0xC0, 0x00, 0x00,
    0x00, 0x00, 0x0F, 0xC0, 0x00, 0x00,
    0x00, 0x00, 0x3F, 0x80, 0x00, 0x00,
    0x00, 0x00, 0x3E, 0x00, 0x00, 0x00,
    0x00, 0x00, 0x10, 0x00, 0x00, 0x00,
    0x00, 0x00, 0x00, 0x00, 0x00, 0x00,
    0x00, 0x00, 0x00, 0x00, 0x00, 0x00,
    0x00, 0x00, 0x00, 0x00, 0x00, 0x00,
};

#endif /* BENDER_48X48_H */
