#ifndef SAIBA_72X72_H
#define SAIBA_72X72_H

#include "stdint.h"
// 画布尺寸: 72x72
// 字体大小: 72

// 字符: '1' (0x0031)
const uint8_t saiba_72_char_0031[648] = {
    0x00, 0x00, 0x00, 0x00, 0x00, 0x00, 0x00, 0x00, 0x00,
    0x00, 0x00, 0x00, 0x00, 0x00, 0x00, 0x00, 0x00, 0x00,
    0x00, 0x00, 0x00, 0x00, 0x00, 0x00, 0x00, 0x00, 0x00,
    0x00, 0x00, 0x00, 0x00, 0x00, 0x00, 0x00, 0x00, 0x00,
    0x00, 0x00, 0x00, 0x00, 0x00, 0x00, 0x00, 0x00, 0x00,
    0x00, 0x00, 0x00, 0x00, 0x00, 0x00, 0x00, 0x00, 0x00,
    0x00, 0x00, 0x00, 0x00, 0x00, 0x00, 0x00, 0x00, 0x00,
    0x00, 0x00, 0x00, 0x00, 0x00, 0x00, 0x00, 0x00, 0x00,
    0x00, 0x00, 0x00, 0x00, 0x00, 0x00, 0x00, 0x00, 0x00,
    0x00, 0x00, 0x00, 0x00, 0x00, 0x00, 0x00, 0x00, 0x00,
    0x00, 0x00, 0x00, 0x07, 0xFC, 0x00, 0x00, 0x00, 0x00,
    0x00, 0x00, 0x00, 0x07, 0xFE, 0x00, 0x00, 0x00, 0x00,
    0x00, 0x00, 0x00, 0x07, 0xFF, 0x00, 0x00, 0x00, 0x00,
    0x00, 0x00, 0x00, 0x07, 0xFF, 0x80, 0x00, 0x00, 0x00,
    0x00, 0x00, 0x00, 0x07, 0xFF, 0xC0, 0x00, 0x00, 0x00,
    0x00, 0x00, 0x00, 0x07, 0xFF, 0xE0, 0x00, 0x00, 0x00,
    0x00, 0x00, 0x00, 0x07, 0xFF, 0xE0, 0x00, 0x00, 0x00,
    0x00, 0x00, 0x00, 0x07, 0xFF, 0xE0, 0x00, 0x00, 0x00,
    0x00, 0x00, 0x00, 0x07, 0xFF, 0xE0, 0x00, 0x00, 0x00,
    0x00, 0x00, 0x00, 0x07, 0xFF, 0xE0, 0x00, 0x00, 0x00,
    0x00, 0x00, 0x00, 0x07, 0xFF, 0xE0, 0x00, 0x00, 0x00,
    0x00, 0x00, 0x00, 0x07, 0xFF, 0xE0, 0x00, 0x00, 0x00,
    0x00, 0x00, 0x00, 0x07, 0xFF, 0xE0, 0x00, 0x00, 0x00,
    0x00, 0x00, 0x00, 0x07, 0xFF, 0xE0, 0x00, 0x00, 0x00,
    0x00, 0x00, 0x00, 0x07, 0xFF, 0xE0, 0x00, 0x00, 0x00,
    0x00, 0x00, 0x00, 0x07, 0xFF, 0xE0, 0x00, 0x00, 0x00,
    0x00, 0x00, 0x00, 0x07, 0xFF, 0xE0, 0x00, 0x00, 0x00,
    0x00, 0x00, 0x00, 0x07, 0xFF, 0xE0, 0x00, 0x00, 0x00,
    0x00, 0x00, 0x00, 0x07, 0xFF, 0xE0, 0x00, 0x00, 0x00,
    0x00, 0x00, 0x00, 0x07, 0xFF, 0xE0, 0x00, 0x00, 0x00,
    0x00, 0x00, 0x00, 0x07, 0xFF, 0xE0, 0x00, 0x00, 0x00,
    0x00, 0x00, 0x00, 0x07, 0xFF, 0xE0, 0x00, 0x00, 0x00,
    0x00, 0x00, 0x00, 0x07, 0xFF, 0xE0, 0x00, 0x00, 0x00,
    0x00, 0x00, 0x00, 0x03, 0xFF, 0xE0, 0x00, 0x00, 0x00,
    0x00, 0x00, 0x00, 0x01, 0xFF, 0xE0, 0x00, 0x00, 0x00,
    0x00, 0x00, 0x00, 0x00, 0xFF, 0xE0, 0x00, 0x00, 0x00,
    0x00, 0x00, 0x00, 0x00, 0x7F, 0xE0, 0x00, 0x00, 0x00,
    0x00, 0x00, 0x00, 0x00, 0x3F, 0xE0, 0x00, 0x00, 0x00,
    0x00, 0x00, 0x00, 0x04, 0x1F, 0xE0, 0x00, 0x00, 0x00,
    0x00, 0x00, 0x00, 0x04, 0x0F, 0xE0, 0x00, 0x00, 0x00,
    0x00, 0x00, 0x00, 0x06, 0x07, 0xE0, 0x00, 0x00, 0x00,
    0x00, 0x00, 0x00, 0x07, 0x03, 0xE0, 0x00, 0x00, 0x00,
    0x00, 0x00, 0x00, 0x07, 0x81, 0xE0, 0x00, 0x00, 0x00,
    0x00, 0x00, 0x00, 0x07, 0xC0, 0x00, 0x00, 0x00, 0x00,
    0x00, 0x00, 0x00, 0x07, 0xE0, 0x00, 0x00, 0x00, 0x00,
    0x00, 0x00, 0x00, 0x07, 0xF0, 0x00, 0x00, 0x00, 0x00,
    0x00, 0x00, 0x00, 0x07, 0xF8, 0x00, 0x00, 0x00, 0x00,
    0x00, 0x00, 0x00, 0x07, 0xFC, 0x00, 0x00, 0x00, 0x00,
    0x00, 0x00, 0x00, 0x07, 0xFE, 0x00, 0x00, 0x00, 0x00,
    0x00, 0x00, 0x00, 0x07, 0xFF, 0x00, 0x00, 0x00, 0x00,
    0x00, 0x00, 0x00, 0x07, 0xFF, 0x80, 0x00, 0x00, 0x00,
    0x00, 0x00, 0x00, 0x07, 0xFF, 0xC0, 0x00, 0x00, 0x00,
    0x00, 0x00, 0x00, 0x07, 0xFF, 0xE0, 0x00, 0x00, 0x00,
    0x00, 0x00, 0x00, 0x07, 0xFF, 0xE0, 0x00, 0x00, 0x00,
    0x00, 0x00, 0x00, 0x07, 0xFF, 0xE0, 0x00, 0x00, 0x00,
    0x00, 0x00, 0x00, 0x03, 0xFF, 0xE0, 0x00, 0x00, 0x00,
    0x00, 0x00, 0x00, 0x01, 0xFF, 0xE0, 0x00, 0x00, 0x00,
    0x00, 0x00, 0x00, 0x00, 0xFF, 0xE0, 0x00, 0x00, 0x00,
    0x00, 0x00, 0x00, 0x00, 0x7F, 0xE0, 0x00, 0x00, 0x00,
    0x00, 0x00, 0x00, 0x00, 0x3F, 0xE0, 0x00, 0x00, 0x00,
    0x00, 0x00, 0x00, 0x00, 0x00, 0x00, 0x00, 0x00, 0x00,
    0x00, 0x00, 0x00, 0x00, 0x00, 0x00, 0x00, 0x00, 0x00,
    0x00, 0x00, 0x00, 0x00, 0x00, 0x00, 0x00, 0x00, 0x00,
    0x00, 0x00, 0x00, 0x00, 0x00, 0x00, 0x00, 0x00, 0x00,
    0x00, 0x00, 0x00, 0x00, 0x00, 0x00, 0x00, 0x00, 0x00,
    0x00, 0x00, 0x00, 0x00, 0x00, 0x00, 0x00, 0x00, 0x00,
    0x00, 0x00, 0x00, 0x00, 0x00, 0x00, 0x00, 0x00, 0x00,
    0x00, 0x00, 0x00, 0x00, 0x00, 0x00, 0x00, 0x00, 0x00,
    0x00, 0x00, 0x00, 0x00, 0x00, 0x00, 0x00, 0x00, 0x00,
    0x00, 0x00, 0x00, 0x00, 0x00, 0x00, 0x00, 0x00, 0x00,
    0x00, 0x00, 0x00, 0x00, 0x00, 0x00, 0x00, 0x00, 0x00,
    0x00, 0x00, 0x00, 0x00, 0x00, 0x00, 0x00, 0x00, 0x00,
};

// 字符: '2' (0x0032)
const uint8_t saiba_72_char_0032[648] = {
    0x00, 0x00, 0x00, 0x00, 0x00, 0x00, 0x00, 0x00, 0x00,
    0x00, 0x00, 0x00, 0x00, 0x00, 0x00, 0x00, 0x00, 0x00,
    0x00, 0x00, 0x00, 0x00, 0x00, 0x00, 0x00, 0x00, 0x00,
    0x00, 0x00, 0x00, 0x00, 0x00, 0x00, 0x00, 0x00, 0x00,
    0x00, 0x00, 0x00, 0x00, 0x00, 0x00, 0x00, 0x00, 0x00,
    0x00, 0x00, 0x00, 0x00, 0x00, 0x00, 0x00, 0x00, 0x00,
    0x00, 0x00, 0x00, 0x00, 0x00, 0x00, 0x00, 0x00, 0x00,
    0x00, 0x00, 0x00, 0x00, 0x00, 0x00, 0x00, 0x00, 0x00,
    0x00, 0x00, 0x00, 0x00, 0x00, 0x00, 0x00, 0x00, 0x00,
    0x00, 0x00, 0x00, 0x00, 0x00, 0x00, 0x00, 0x00, 0x00,
    0x00, 0x03, 0xFF, 0xFF, 0xFF, 0xFF, 0xF0, 0x00, 0x00,
    0x00, 0x03, 0xFF, 0xFF, 0xFF, 0xFF, 0xF8, 0x00, 0x00,
    0x00, 0x03, 0xFF, 0xFF, 0xFF, 0xFF, 0xFC, 0x00, 0x00,
    0x00, 0x03, 0xFF, 0xFF, 0xFF, 0xFF, 0xFE, 0x00, 0x00,
    0x00, 0x03, 0xFF, 0xFF, 0xFF, 0xFF, 0xFF, 0x00, 0x00,
    0x00, 0x03, 0xFF, 0xFF, 0xFF, 0xFF, 0xFF, 0x80, 0x00,
    0x00, 0x03, 0xFF, 0xFF, 0xFF, 0xFF, 0xFF, 0x80, 0x00,
    0x00, 0x01, 0xFF, 0xFF, 0xFF, 0xFF, 0xFF, 0x80, 0x00,
    0x00, 0x00, 0xFF, 0xFF, 0xFF, 0xFF, 0xFF, 0x80, 0x00,
    0x00, 0x00, 0x7F, 0xFF, 0xFF, 0xFF, 0xFF, 0x80, 0x00,
    0x00, 0x00, 0x3F, 0xFF, 0xFF, 0xFF, 0xFF, 0x80, 0x00,
    0x00, 0x00, 0x1F, 0xFF, 0xFF, 0xFF, 0xFF, 0x80, 0x00,
    0x00, 0x00, 0x0F, 0xFF, 0xFF, 0xFF, 0xFF, 0x80, 0x00,
    0x00, 0x00, 0x00, 0x00, 0x00, 0x0F, 0xFF, 0x80, 0x00,
    0x00, 0x00, 0x00, 0x00, 0x00, 0x0F, 0xFF, 0x80, 0x00,
    0x00, 0x00, 0x00, 0x00, 0x00, 0x0F, 0xFF, 0x80, 0x00,
    0x00, 0x00, 0x00, 0x00, 0x00, 0x0F, 0xFF, 0x80, 0x00,
    0x00, 0x00, 0x00, 0x00, 0x00, 0x0F, 0xFF, 0x80, 0x00,
    0x00, 0x00, 0x00, 0x00, 0x00, 0x0F, 0xFF, 0x80, 0x00,
    0x00, 0x03, 0xFF, 0xFF, 0xFF, 0xFF, 0xFF, 0x80, 0x00,
    0x00, 0x03, 0xFF, 0xFF, 0xFF, 0xFF, 0xFF, 0x80, 0x00,
    0x00, 0x03, 0xFF, 0xFF, 0xFF, 0xFF, 0xFF, 0x80, 0x00,
    0x00, 0x03, 0xFF, 0xFF, 0xFF, 0xFF, 0xFF, 0x80, 0x00,
    0x00, 0x03, 0xFF, 0xFF, 0xFF, 0xFF, 0xFF, 0x80, 0x00,
    0x00, 0x03, 0xFF, 0xFF, 0xFF, 0xFF, 0xFF, 0x80, 0x00,
    0x00, 0x03, 0xFF, 0xFF, 0xFF, 0xFF, 0xFF, 0x80, 0x00,
    0x00, 0x03, 0xFF, 0xFF, 0xFF, 0xFF, 0xFF, 0x80, 0x00,
    0x00, 0x01, 0xFF, 0xFF, 0xFF, 0xFF, 0xFF, 0x80, 0x00,
    0x00, 0x00, 0xFF, 0xFF, 0xFF, 0xFF, 0xFF, 0x80, 0x00,
    0x00, 0x00, 0x7F, 0xFF, 0xFF, 0xFF, 0xFF, 0x80, 0x00,
    0x00, 0x00, 0x3F, 0xFF, 0xFF, 0xFF, 0xFF, 0x80, 0x00,
    0x00, 0x00, 0x1F, 0xFF, 0xFF, 0xFF, 0xFF, 0x80, 0x00,
    0x00, 0x00, 0x0F, 0xFF, 0xFF, 0xFF, 0xFF, 0x80, 0x00,
    0x00, 0x00, 0x00, 0x00, 0x00, 0x00, 0x00, 0x00, 0x00,
    0x00, 0x00, 0x00, 0x00, 0x00, 0x00, 0x00, 0x00, 0x00,
    0x00, 0x00, 0x00, 0x00, 0x00, 0x00, 0x00, 0x00, 0x00,
    0x00, 0x00, 0x00, 0x00, 0x00, 0x00, 0x00, 0x00, 0x00,
    0x00, 0x03, 0xFF, 0xFF, 0xFF, 0xFF, 0xF0, 0x00, 0x00,
    0x00, 0x03, 0xFF, 0xFF, 0xFF, 0xFF, 0xF8, 0x00, 0x00,
    0x00, 0x03, 0xFF, 0xFF, 0xFF, 0xFF, 0xFC, 0x00, 0x00,
    0x00, 0x03, 0xFF, 0xFF, 0xFF, 0xFF, 0xFE, 0x00, 0x00,
    0x00, 0x03, 0xFF, 0xFF, 0xFF, 0xFF, 0xFF, 0x00, 0x00,
    0x00, 0x03, 0xFF, 0xFF, 0xFF, 0xFF, 0xFF, 0x80, 0x00,
    0x00, 0x03, 0xFF, 0xFF, 0xFF, 0xFF, 0xFF, 0x80, 0x00,
    0x00, 0x03, 0xFF, 0xFF, 0xFF, 0xFF, 0xFF, 0x80, 0x00,
    0x00, 0x01, 0xFF, 0xFF, 0xFF, 0xFF, 0xFF, 0x80, 0x00,
    0x00, 0x00, 0xFF, 0xFF, 0xFF, 0xFF, 0xFF, 0x80, 0x00,
    0x00, 0x00, 0x7F, 0xFF, 0xFF, 0xFF, 0xFF, 0x80, 0x00,
    0x00, 0x00, 0x3F, 0xFF, 0xFF, 0xFF, 0xFF, 0x80, 0x00,
    0x00, 0x00, 0x1F, 0xFF, 0xFF, 0xFF, 0xFF, 0x80, 0x00,
    0x00, 0x00, 0x00, 0x00, 0x00, 0x00, 0x00, 0x00, 0x00,
    0x00, 0x00, 0x00, 0x00, 0x00, 0x00, 0x00, 0x00, 0x00,
    0x00, 0x00, 0x00, 0x00, 0x00, 0x00, 0x00, 0x00, 0x00,
    0x00, 0x00, 0x00, 0x00, 0x00, 0x00, 0x00, 0x00, 0x00,
    0x00, 0x00, 0x00, 0x00, 0x00, 0x00, 0x00, 0x00, 0x00,
    0x00, 0x00, 0x00, 0x00, 0x00, 0x00, 0x00, 0x00, 0x00,
    0x00, 0x00, 0x00, 0x00, 0x00, 0x00, 0x00, 0x00, 0x00,
    0x00, 0x00, 0x00, 0x00, 0x00, 0x00, 0x00, 0x00, 0x00,
    0x00, 0x00, 0x00, 0x00, 0x00, 0x00, 0x00, 0x00, 0x00,
    0x00, 0x00, 0x00, 0x00, 0x00, 0x00, 0x00, 0x00, 0x00,
    0x00, 0x00, 0x00, 0x00, 0x00, 0x00, 0x00, 0x00, 0x00,
    0x00, 0x00, 0x00, 0x00, 0x00, 0x00, 0x00, 0x00, 0x00,
};

// 字符: '3' (0x0033)
const uint8_t saiba_72_char_0033[648] = {
    0x00, 0x00, 0x00, 0x00, 0x00, 0x00, 0x00, 0x00, 0x00,
    0x00, 0x00, 0x00, 0x00, 0x00, 0x00, 0x00, 0x00, 0x00,
    0x00, 0x00, 0x00, 0x00, 0x00, 0x00, 0x00, 0x00, 0x00,
    0x00, 0x00, 0x00, 0x00, 0x00, 0x00, 0x00, 0x00, 0x00,
    0x00, 0x00, 0x00, 0x00, 0x00, 0x00, 0x00, 0x00, 0x00,
    0x00, 0x00, 0x00, 0x00, 0x00, 0x00, 0x00, 0x00, 0x00,
    0x00, 0x00, 0x00, 0x00, 0x00, 0x00, 0x00, 0x00, 0x00,
    0x00, 0x00, 0x00, 0x00, 0x00, 0x00, 0x00, 0x00, 0x00,
    0x00, 0x00, 0x00, 0x00, 0x00, 0x00, 0x00, 0x00, 0x00,
    0x00, 0x00, 0x00, 0x00, 0x00, 0x00, 0x00, 0x00, 0x00,
    0x00, 0x03, 0xFF, 0xFF, 0xFF, 0xFF, 0xF0, 0x00, 0x00,
    0x00, 0x03, 0xFF, 0xFF, 0xFF, 0xFF, 0xF8, 0x00, 0x00,
    0x00, 0x03, 0xFF, 0xFF, 0xFF, 0xFF, 0xFC, 0x00, 0x00,
    0x00, 0x03, 0xFF, 0xFF, 0xFF, 0xFF, 0xFE, 0x00, 0x00,
    0x00, 0x03, 0xFF, 0xFF, 0xFF, 0xFF, 0xFF, 0x00, 0x00,
    0x00, 0x03, 0xFF, 0xFF, 0xFF, 0xFF, 0xFF, 0x80, 0x00,
    0x00, 0x03, 0xFF, 0xFF, 0xFF, 0xFF, 0xFF, 0x80, 0x00,
    0x00, 0x01, 0xFF, 0xFF, 0xFF, 0xFF, 0xFF, 0x80, 0x00,
    0x00, 0x00, 0xFF, 0xFF, 0xFF, 0xFF, 0xFF, 0x80, 0x00,
    0x00, 0x00, 0x7F, 0xFF, 0xFF, 0xFF, 0xFF, 0x80, 0x00,
    0x00, 0x00, 0x3F, 0xFF, 0xFF, 0xFF, 0xFF, 0x80, 0x00,
    0x00, 0x00, 0x1F, 0xFF, 0xFF, 0xFF, 0xFF, 0x80, 0x00,
    0x00, 0x00, 0x0F, 0xFF, 0xFF, 0xFF, 0xFF, 0x80, 0x00,
    0x00, 0x00, 0x00, 0x00, 0x00, 0x00, 0x00, 0x00, 0x00,
    0x00, 0x00, 0x00, 0x00, 0x00, 0x00, 0x00, 0x00, 0x00,
    0x00, 0x00, 0x00, 0x00, 0x00, 0x00, 0x00, 0x00, 0x00,
    0x00, 0x00, 0x00, 0x00, 0x00, 0x00, 0x00, 0x00, 0x00,
    0x00, 0x00, 0x00, 0x00, 0x00, 0x00, 0x00, 0x00, 0x00,
    0x00, 0x03, 0xFF, 0xFF, 0xFF, 0xFF, 0xE0, 0x00, 0x00,
    0x00, 0x03, 0xFF, 0xFF, 0xFF, 0xFF, 0xF0, 0x00, 0x00,
    0x00, 0x03, 0xFF, 0xFF, 0xFF, 0xFF, 0xF8, 0x00, 0x00,
    0x00, 0x03, 0xFF, 0xFF, 0xFF, 0xFF, 0xFE, 0x00, 0x00,
    0x00, 0x03, 0xFF, 0xFF, 0xFF, 0xFF, 0xFF, 0x00, 0x00,
    0x00, 0x03, 0xFF, 0xFF, 0xFF, 0xFF, 0xFF, 0x80, 0x00,
    0x00, 0x03, 0xFF, 0xFF, 0xFF, 0xFF, 0xFF, 0x80, 0x00,
    0x00, 0x03, 0xFF, 0xFF, 0xFF, 0xFF, 0xFF, 0x80, 0x00,
    0x00, 0x01, 0xFF, 0xFF, 0xFF, 0xFF, 0xFF, 0x80, 0x00,
    0x00, 0x00, 0xFF, 0xFF, 0xFF, 0xFF, 0xFF, 0x80, 0x00,
    0x00, 0x00, 0x7F, 0xFF, 0xFF, 0xFF, 0xFF, 0x80, 0x00,
    0x00, 0x00, 0x3F, 0xFF, 0xFF, 0xFF, 0xFF, 0x80, 0x00,
    0x00, 0x00, 0x1F, 0xFF, 0xFF, 0xFF, 0xFF, 0x80, 0x00,
    0x00, 0x00, 0x00, 0x00, 0x00, 0x00, 0x00, 0x00, 0x00,
    0x00, 0x00, 0x00, 0x00, 0x00, 0x00, 0x00, 0x00, 0x00,
    0x00, 0x00, 0x00, 0x00, 0x00, 0x00, 0x00, 0x00, 0x00,
    0x00, 0x00, 0x00, 0x00, 0x00, 0x00, 0x00, 0x00, 0x00,
    0x00, 0x00, 0x00, 0x00, 0x00, 0x00, 0x00, 0x00, 0x00,
    0x00, 0x00, 0x00, 0x00, 0x00, 0x00, 0x00, 0x00, 0x00,
    0x00, 0x03, 0xFF, 0xFF, 0xFF, 0xFF, 0xF0, 0x00, 0x00,
    0x00, 0x03, 0xFF, 0xFF, 0xFF, 0xFF, 0xF8, 0x00, 0x00,
    0x00, 0x03, 0xFF, 0xFF, 0xFF, 0xFF, 0xFC, 0x00, 0x00,
    0x00, 0x03, 0xFF, 0xFF, 0xFF, 0xFF, 0xFE, 0x00, 0x00,
    0x00, 0x03, 0xFF, 0xFF, 0xFF, 0xFF, 0xFF, 0x00, 0x00,
    0x00, 0x03, 0xFF, 0xFF, 0xFF, 0xFF, 0xFF, 0x80, 0x00,
    0x00, 0x03, 0xFF, 0xFF, 0xFF, 0xFF, 0xFF, 0x80, 0x00,
    0x00, 0x03, 0xFF, 0xFF, 0xFF, 0xFF, 0xFF, 0x80, 0x00,
    0x00, 0x01, 0xFF, 0xFF, 0xFF, 0xFF, 0xFF, 0x80, 0x00,
    0x00, 0x00, 0xFF, 0xFF, 0xFF, 0xFF, 0xFF, 0x80, 0x00,
    0x00, 0x00, 0x7F, 0xFF, 0xFF, 0xFF, 0xFF, 0x80, 0x00,
    0x00, 0x00, 0x3F, 0xFF, 0xFF, 0xFF, 0xFF, 0x80, 0x00,
    0x00, 0x00, 0x1F, 0xFF, 0xFF, 0xFF, 0xFF, 0x80, 0x00,
    0x00, 0x00, 0x00, 0x00, 0x00, 0x00, 0x00, 0x00, 0x00,
    0x00, 0x00, 0x00, 0x00, 0x00, 0x00, 0x00, 0x00, 0x00,
    0x00, 0x00, 0x00, 0x00, 0x00, 0x00, 0x00, 0x00, 0x00,
    0x00, 0x00, 0x00, 0x00, 0x00, 0x00, 0x00, 0x00, 0x00,
    0x00, 0x00, 0x00, 0x00, 0x00, 0x00, 0x00, 0x00, 0x00,
    0x00, 0x00, 0x00, 0x00, 0x00, 0x00, 0x00, 0x00, 0x00,
    0x00, 0x00, 0x00, 0x00, 0x00, 0x00, 0x00, 0x00, 0x00,
    0x00, 0x00, 0x00, 0x00, 0x00, 0x00, 0x00, 0x00, 0x00,
    0x00, 0x00, 0x00, 0x00, 0x00, 0x00, 0x00, 0x00, 0x00,
    0x00, 0x00, 0x00, 0x00, 0x00, 0x00, 0x00, 0x00, 0x00,
    0x00, 0x00, 0x00, 0x00, 0x00, 0x00, 0x00, 0x00, 0x00,
    0x00, 0x00, 0x00, 0x00, 0x00, 0x00, 0x00, 0x00, 0x00,
};

// 字符: '4' (0x0034)
const uint8_t saiba_72_char_0034[648] = {
    0x00, 0x00, 0x00, 0x00, 0x00, 0x00, 0x00, 0x00, 0x00,
    0x00, 0x00, 0x00, 0x00, 0x00, 0x00, 0x00, 0x00, 0x00,
    0x00, 0x00, 0x00, 0x00, 0x00, 0x00, 0x00, 0x00, 0x00,
    0x00, 0x00, 0x00, 0x00, 0x00, 0x00, 0x00, 0x00, 0x00,
    0x00, 0x00, 0x00, 0x00, 0x00, 0x00, 0x00, 0x00, 0x00,
    0x00, 0x00, 0x00, 0x00, 0x00, 0x00, 0x00, 0x00, 0x00,
    0x00, 0x00, 0x00, 0x00, 0x00, 0x00, 0x00, 0x00, 0x00,
    0x00, 0x00, 0x00, 0x00, 0x00, 0x00, 0x00, 0x00, 0x00,
    0x00, 0x00, 0x00, 0x00, 0x00, 0x00, 0x00, 0x00, 0x00,
    0x00, 0x00, 0x00, 0x00, 0x00, 0x00, 0x00, 0x00, 0x00,
    0x00, 0x03, 0xF8, 0x00, 0x00, 0x7F, 0xF0, 0x00, 0x00,
    0x00, 0x03, 0xFC, 0x00, 0x00, 0x7F, 0xF8, 0x00, 0x00,
    0x00, 0x03, 0xFE, 0x00, 0x00, 0x7F, 0xFC, 0x00, 0x00,
    0x00, 0x03, 0xFF, 0x00, 0x00, 0x7F, 0xFE, 0x00, 0x00,
    0x00, 0x03, 0xFF, 0x80, 0x00, 0x7F, 0xFF, 0x00, 0x00,
    0x00, 0x03, 0xFF, 0xC0, 0x00, 0x7F, 0xFF, 0x80, 0x00,
    0x00, 0x03, 0xFF, 0xE0, 0x00, 0x3F, 0xFF, 0x80, 0x00,
    0x00, 0x03, 0xFF, 0xE0, 0x00, 0x1F, 0xFF, 0x80, 0x00,
    0x00, 0x03, 0xFF, 0xE0, 0x00, 0x0F, 0xFF, 0x80, 0x00,
    0x00, 0x03, 0xFF, 0xE0, 0x00, 0x07, 0xFF, 0x80, 0x00,
    0x00, 0x03, 0xFF, 0xE0, 0x00, 0x03, 0xFF, 0x80, 0x00,
    0x00, 0x03, 0xFF, 0xE0, 0x00, 0x01, 0xFF, 0x80, 0x00,
    0x00, 0x03, 0xFF, 0xE0, 0x00, 0x00, 0xFF, 0x80, 0x00,
    0x00, 0x03, 0xFF, 0xE0, 0x00, 0x40, 0x7F, 0x80, 0x00,
    0x00, 0x03, 0xFF, 0xE0, 0x00, 0x60, 0x3F, 0x80, 0x00,
    0x00, 0x03, 0xFF, 0xF0, 0x00, 0x70, 0x1F, 0x80, 0x00,
    0x00, 0x03, 0xFF, 0xF8, 0x00, 0x78, 0x0F, 0x80, 0x00,
    0x00, 0x03, 0xFF, 0xFF, 0xFF, 0xFC, 0x07, 0x80, 0x00,
    0x00, 0x03, 0xFF, 0xFF, 0xFF, 0xFE, 0x00, 0x00, 0x00,
    0x00, 0x03, 0xFF, 0xFF, 0xFF, 0xFF, 0x00, 0x00, 0x00,
    0x00, 0x03, 0xFF, 0xFF, 0xFF, 0xFF, 0x80, 0x00, 0x00,
    0x00, 0x03, 0xFF, 0xFF, 0xFF, 0xFF, 0xC0, 0x00, 0x00,
    0x00, 0x03, 0xFF, 0xFF, 0xFF, 0xFF, 0xE0, 0x00, 0x00,
    0x00, 0x03, 0xFF, 0xFF, 0xFF, 0xFF, 0xF0, 0x00, 0x00,
    0x00, 0x01, 0xFF, 0xFF, 0xFF, 0xFF, 0xF8, 0x00, 0x00,
    0x00, 0x00, 0xFF, 0xFF, 0xFF, 0xFF, 0xFC, 0x00, 0x00,
    0x00, 0x00, 0x7F, 0xFF, 0xFF, 0xFF, 0xFE, 0x00, 0x00,
    0x00, 0x00, 0x3F, 0xFF, 0xFF, 0xFF, 0xFF, 0x00, 0x00,
    0x00, 0x00, 0x1F, 0xFF, 0xFF, 0xFF, 0xFF, 0x80, 0x00,
    0x00, 0x00, 0x0F, 0xFF, 0xFF, 0xFF, 0xFF, 0x80, 0x00,
    0x00, 0x00, 0x00, 0x00, 0x00, 0x7F, 0xFF, 0x80, 0x00,
    0x00, 0x00, 0x00, 0x00, 0x00, 0x7F, 0xFF, 0x80, 0x00,
    0x00, 0x00, 0x00, 0x00, 0x00, 0x7F, 0xFF, 0x80, 0x00,
    0x00, 0x00, 0x00, 0x00, 0x00, 0x7F, 0xFF, 0x80, 0x00,
    0x00, 0x00, 0x00, 0x00, 0x00, 0x7F, 0xFF, 0x80, 0x00,
    0x00, 0x00, 0x00, 0x00, 0x00, 0x7F, 0xFF, 0x80, 0x00,
    0x00, 0x00, 0x00, 0x00, 0x00, 0x7F, 0xFF, 0x80, 0x00,
    0x00, 0x00, 0x00, 0x00, 0x00, 0x7F, 0xFF, 0x80, 0x00,
    0x00, 0x00, 0x00, 0x00, 0x00, 0x7F, 0xFF, 0x80, 0x00,
    0x00, 0x00, 0x00, 0x00, 0x00, 0x7F, 0xFF, 0x80, 0x00,
    0x00, 0x00, 0x00, 0x00, 0x00, 0x7F, 0xFF, 0x80, 0x00,
    0x00, 0x00, 0x00, 0x00, 0x00, 0x7F, 0xFF, 0x80, 0x00,
    0x00, 0x00, 0x00, 0x00, 0x00, 0x7F, 0xFF, 0x80, 0x00,
    0x00, 0x00, 0x00, 0x00, 0x00, 0x7F, 0xFF, 0x80, 0x00,
    0x00, 0x00, 0x00, 0x00, 0x00, 0x3F, 0xFF, 0x80, 0x00,
    0x00, 0x00, 0x00, 0x00, 0x00, 0x1F, 0xFF, 0x80, 0x00,
    0x00, 0x00, 0x00, 0x00, 0x00, 0x0F, 0xFF, 0x80, 0x00,
    0x00, 0x00, 0x00, 0x00, 0x00, 0x07, 0xFF, 0x80, 0x00,
    0x00, 0x00, 0x00, 0x00, 0x00, 0x03, 0xFF, 0x80, 0x00,
    0x00, 0x00, 0x00, 0x00, 0x00, 0x01, 0xFF, 0x80, 0x00,
    0x00, 0x00, 0x00, 0x00, 0x00, 0x00, 0x00, 0x00, 0x00,
    0x00, 0x00, 0x00, 0x00, 0x00, 0x00, 0x00, 0x00, 0x00,
    0x00, 0x00, 0x00, 0x00, 0x00, 0x00, 0x00, 0x00, 0x00,
    0x00, 0x00, 0x00, 0x00, 0x00, 0x00, 0x00, 0x00, 0x00,
    0x00, 0x00, 0x00, 0x00, 0x00, 0x00, 0x00, 0x00, 0x00,
    0x00, 0x00, 0x00, 0x00, 0x00, 0x00, 0x00, 0x00, 0x00,
    0x00, 0x00, 0x00, 0x00, 0x00, 0x00, 0x00, 0x00, 0x00,
    0x00, 0x00, 0x00, 0x00, 0x00, 0x00, 0x00, 0x00, 0x00,
    0x00, 0x00, 0x00, 0x00, 0x00, 0x00, 0x00, 0x00, 0x00,
    0x00, 0x00, 0x00, 0x00, 0x00, 0x00, 0x00, 0x00, 0x00,
    0x00, 0x00, 0x00, 0x00, 0x00, 0x00, 0x00, 0x00, 0x00,
    0x00, 0x00, 0x00, 0x00, 0x00, 0x00, 0x00, 0x00, 0x00,
};

// 字符: '5' (0x0035)
const uint8_t saiba_72_char_0035[648] = {
    0x00, 0x00, 0x00, 0x00, 0x00, 0x00, 0x00, 0x00, 0x00,
    0x00, 0x00, 0x00, 0x00, 0x00, 0x00, 0x00, 0x00, 0x00,
    0x00, 0x00, 0x00, 0x00, 0x00, 0x00, 0x00, 0x00, 0x00,
    0x00, 0x00, 0x00, 0x00, 0x00, 0x00, 0x00, 0x00, 0x00,
    0x00, 0x00, 0x00, 0x00, 0x00, 0x00, 0x00, 0x00, 0x00,
    0x00, 0x00, 0x00, 0x00, 0x00, 0x00, 0x00, 0x00, 0x00,
    0x00, 0x00, 0x00, 0x00, 0x00, 0x00, 0x00, 0x00, 0x00,
    0x00, 0x00, 0x00, 0x00, 0x00, 0x00, 0x00, 0x00, 0x00,
    0x00, 0x00, 0x00, 0x00, 0x00, 0x00, 0x00, 0x00, 0x00,
    0x00, 0x00, 0x00, 0x00, 0x00, 0x00, 0x00, 0x00, 0x00,
    0x00, 0x03, 0xFF, 0xFF, 0xFF, 0xFF, 0xF0, 0x00, 0x00,
    0x00, 0x03, 0xFF, 0xFF, 0xFF, 0xFF, 0xF8, 0x00, 0x00,
    0x00, 0x03, 0xFF, 0xFF, 0xFF, 0xFF, 0xFC, 0x00, 0x00,
    0x00, 0x03, 0xFF, 0xFF, 0xFF, 0xFF, 0xFE, 0x00, 0x00,
    0x00, 0x03, 0xFF, 0xFF, 0xFF, 0xFF, 0xFF, 0x00, 0x00,
    0x00, 0x03, 0xFF, 0xFF, 0xFF, 0xFF, 0xFF, 0x80, 0x00,
    0x00, 0x03, 0xFF, 0xFF, 0xFF, 0xFF, 0xFF, 0x80, 0x00,
    0x00, 0x03, 0xFF, 0xFF, 0xFF, 0xFF, 0xFF, 0x80, 0x00,
    0x00, 0x03, 0xFF, 0xFF, 0xFF, 0xFF, 0xFF, 0x80, 0x00,
    0x00, 0x03, 0xFF, 0xFF, 0xFF, 0xFF, 0xFF, 0x80, 0x00,
    0x00, 0x03, 0xFF, 0xFF, 0xFF, 0xFF, 0xFF, 0x80, 0x00,
    0x00, 0x03, 0xFF, 0xFF, 0xFF, 0xFF, 0xFF, 0x80, 0x00,
    0x00, 0x03, 0xFF, 0xFF, 0xFF, 0xFF, 0xFF, 0x80, 0x00,
    0x00, 0x03, 0xFF, 0xF8, 0x00, 0x00, 0x00, 0x00, 0x00,
    0x00, 0x03, 0xFF, 0xFC, 0x00, 0x00, 0x00, 0x00, 0x00,
    0x00, 0x03, 0xFF, 0xFE, 0x00, 0x00, 0x00, 0x00, 0x00,
    0x00, 0x03, 0xFF, 0xFF, 0x00, 0x00, 0x00, 0x00, 0x00,
    0x00, 0x03, 0xFF, 0xFF, 0xFF, 0xFF, 0xF0, 0x00, 0x00,
    0x00, 0x03, 0xFF, 0xFF, 0xFF, 0xFF, 0xF8, 0x00, 0x00,
    0x00, 0x03, 0xFF, 0xFF, 0xFF, 0xFF, 0xFC, 0x00, 0x00,
    0x00, 0x03, 0xFF, 0xFF, 0xFF, 0xFF, 0xFE, 0x00, 0x00,
    0x00, 0x03, 0xFF, 0xFF, 0xFF, 0xFF, 0xFF, 0x00, 0x00,
    0x00, 0x03, 0xFF, 0xFF, 0xFF, 0xFF, 0xFF, 0x80, 0x00,
    0x00, 0x03, 0xFF, 0xFF, 0xFF, 0xFF, 0xFF, 0x80, 0x00,
    0x00, 0x03, 0xFF, 0xFF, 0xFF, 0xFF, 0xFF, 0x80, 0x00,
    0x00, 0x03, 0xFF, 0xFF, 0xFF, 0xFF, 0xFF, 0x80, 0x00,
    0x00, 0x03, 0xFF, 0xFF, 0xFF, 0xFF, 0xFF, 0x80, 0x00,
    0x00, 0x03, 0xFF, 0xFF, 0xFF, 0xFF, 0xFF, 0x80, 0x00,
    0x00, 0x01, 0xFF, 0xFF, 0xFF, 0xFF, 0xFF, 0x80, 0x00,
    0x00, 0x00, 0xFF, 0xFF, 0xFF, 0xFF, 0xFF, 0x80, 0x00,
    0x00, 0x00, 0x7F, 0xFF, 0xFF, 0xFF, 0xFF, 0x80, 0x00,
    0x00, 0x00, 0x1F, 0xFF, 0xFF, 0xFF, 0xFF, 0x80, 0x00,
    0x00, 0x00, 0x0F, 0xFF, 0xFF, 0xFF, 0xFF, 0x80, 0x00,
    0x00, 0x00, 0x00, 0x00, 0x00, 0x00, 0x00, 0x00, 0x00,
    0x00, 0x00, 0x00, 0x00, 0x00, 0x00, 0x00, 0x00, 0x00,
    0x00, 0x00, 0x00, 0x00, 0x00, 0x00, 0x00, 0x00, 0x00,
    0x00, 0x00, 0x00, 0x00, 0x00, 0x00, 0x00, 0x00, 0x00,
    0x00, 0x03, 0xFF, 0xFF, 0xFF, 0xFF, 0xE0, 0x00, 0x00,
    0x00, 0x03, 0xFF, 0xFF, 0xFF, 0xFF, 0xF0, 0x00, 0x00,
    0x00, 0x03, 0xFF, 0xFF, 0xFF, 0xFF, 0xF8, 0x00, 0x00,
    0x00, 0x03, 0xFF, 0xFF, 0xFF, 0xFF, 0xFC, 0x00, 0x00,
    0x00, 0x03, 0xFF, 0xFF, 0xFF, 0xFF, 0xFE, 0x00, 0x00,
    0x00, 0x03, 0xFF, 0xFF, 0xFF, 0xFF, 0xFF, 0x00, 0x00,
    0x00, 0x03, 0xFF, 0xFF, 0xFF, 0xFF, 0xFF, 0x80, 0x00,
    0x00, 0x03, 0xFF, 0xFF, 0xFF, 0xFF, 0xFF, 0x80, 0x00,
    0x00, 0x01, 0xFF, 0xFF, 0xFF, 0xFF, 0xFF, 0x80, 0x00,
    0x00, 0x00, 0xFF, 0xFF, 0xFF, 0xFF, 0xFF, 0x80, 0x00,
    0x00, 0x00, 0x7F, 0xFF, 0xFF, 0xFF, 0xFF, 0x80, 0x00,
    0x00, 0x00, 0x3F, 0xFF, 0xFF, 0xFF, 0xFF, 0x80, 0x00,
    0x00, 0x00, 0x1F, 0xFF, 0xFF, 0xFF, 0xFF, 0x80, 0x00,
    0x00, 0x00, 0x00, 0x00, 0x00, 0x00, 0x00, 0x00, 0x00,
    0x00, 0x00, 0x00, 0x00, 0x00, 0x00, 0x00, 0x00, 0x00,
    0x00, 0x00, 0x00, 0x00, 0x00, 0x00, 0x00, 0x00, 0x00,
    0x00, 0x00, 0x00, 0x00, 0x00, 0x00, 0x00, 0x00, 0x00,
    0x00, 0x00, 0x00, 0x00, 0x00, 0x00, 0x00, 0x00, 0x00,
    0x00, 0x00, 0x00, 0x00, 0x00, 0x00, 0x00, 0x00, 0x00,
    0x00, 0x00, 0x00, 0x00, 0x00, 0x00, 0x00, 0x00, 0x00,
    0x00, 0x00, 0x00, 0x00, 0x00, 0x00, 0x00, 0x00, 0x00,
    0x00, 0x00, 0x00, 0x00, 0x00, 0x00, 0x00, 0x00, 0x00,
    0x00, 0x00, 0x00, 0x00, 0x00, 0x00, 0x00, 0x00, 0x00,
    0x00, 0x00, 0x00, 0x00, 0x00, 0x00, 0x00, 0x00, 0x00,
    0x00, 0x00, 0x00, 0x00, 0x00, 0x00, 0x00, 0x00, 0x00,
};

// 字符: '6' (0x0036)
const uint8_t saiba_72_char_0036[648] = {
    0x00, 0x00, 0x00, 0x00, 0x00, 0x00, 0x00, 0x00, 0x00,
    0x00, 0x00, 0x00, 0x00, 0x00, 0x00, 0x00, 0x00, 0x00,
    0x00, 0x00, 0x00, 0x00, 0x00, 0x00, 0x00, 0x00, 0x00,
    0x00, 0x00, 0x00, 0x00, 0x00, 0x00, 0x00, 0x00, 0x00,
    0x00, 0x00, 0x00, 0x00, 0x00, 0x00, 0x00, 0x00, 0x00,
    0x00, 0x00, 0x00, 0x00, 0x00, 0x00, 0x00, 0x00, 0x00,
    0x00, 0x00, 0x00, 0x00, 0x00, 0x00, 0x00, 0x00, 0x00,
    0x00, 0x00, 0x00, 0x00, 0x00, 0x00, 0x00, 0x00, 0x00,
    0x00, 0x00, 0x00, 0x00, 0x00, 0x00, 0x00, 0x00, 0x00,
    0x00, 0x00, 0x00, 0x00, 0x00, 0x00, 0x00, 0x00, 0x00,
    0x00, 0x03, 0xF8, 0x00, 0x00, 0x00, 0x00, 0x00, 0x00,
    0x00, 0x03, 0xFC, 0x00, 0x00, 0x00, 0x00, 0x00, 0x00,
    0x00, 0x03, 0xFE, 0x00, 0x00, 0x00, 0x00, 0x00, 0x00,
    0x00, 0x03, 0xFF, 0x00, 0x00, 0x00, 0x00, 0x00, 0x00,
    0x00, 0x03, 0xFF, 0x80, 0x00, 0x00, 0x00, 0x00, 0x00,
    0x00, 0x03, 0xFF, 0xC0, 0x00, 0x00, 0x00, 0x00, 0x00,
    0x00, 0x03, 0xFF, 0xE0, 0x00, 0x00, 0x00, 0x00, 0x00,
    0x00, 0x03, 0xFF, 0xE0, 0x00, 0x00, 0x00, 0x00, 0x00,
    0x00, 0x03, 0xFF, 0xE0, 0x00, 0x00, 0x00, 0x00, 0x00,
    0x00, 0x03, 0xFF, 0xE0, 0x00, 0x00, 0x00, 0x00, 0x00,
    0x00, 0x03, 0xFF, 0xE0, 0x00, 0x00, 0x00, 0x00, 0x00,
    0x00, 0x03, 0xFF, 0xE0, 0x00, 0x00, 0x00, 0x00, 0x00,
    0x00, 0x03, 0xFF, 0xF0, 0x00, 0x00, 0x00, 0x00, 0x00,
    0x00, 0x03, 0xFF, 0xF8, 0x00, 0x00, 0x00, 0x00, 0x00,
    0x00, 0x03, 0xFF, 0xFC, 0x00, 0x00, 0x00, 0x00, 0x00,
    0x00, 0x03, 0xFF, 0xFE, 0x00, 0x00, 0x00, 0x00, 0x00,
    0x00, 0x03, 0xFF, 0xFF, 0x00, 0x00, 0x00, 0x00, 0x00,
    0x00, 0x03, 0xFF, 0xFF, 0xFF, 0xFF, 0xF0, 0x00, 0x00,
    0x00, 0x03, 0xFF, 0xFF, 0xFF, 0xFF, 0xF8, 0x00, 0x00,
    0x00, 0x03, 0xFF, 0xFF, 0xFF, 0xFF, 0xFC, 0x00, 0x00,
    0x00, 0x03, 0xFF, 0xFF, 0xFF, 0xFF, 0xFE, 0x00, 0x00,
    0x00, 0x03, 0xFF, 0xFF, 0xFF, 0xFF, 0xFF, 0x00, 0x00,
    0x00, 0x03, 0xFF, 0xFF, 0xFF, 0xFF, 0xFF, 0x80, 0x00,
    0x00, 0x03, 0xFF, 0xFF, 0xFF, 0xFF, 0xFF, 0x80, 0x00,
    0x00, 0x03, 0xFF, 0xFF, 0xFF, 0xFF, 0xFF, 0x80, 0x00,
    0x00, 0x03, 0xFF, 0xFF, 0xFF, 0xFF, 0xFF, 0x80, 0x00,
    0x00, 0x03, 0xFF, 0xFF, 0xFF, 0xFF, 0xFF, 0x80, 0x00,
    0x00, 0x03, 0xFF, 0xFF, 0xFF, 0xFF, 0xFF, 0x80, 0x00,
    0x00, 0x03, 0xFF, 0xFF, 0xFF, 0xFF, 0xFF, 0x80, 0x00,
    0x00, 0x03, 0xFF, 0xFF, 0xFF, 0xFF, 0xFF, 0x80, 0x00,
    0x00, 0x03, 0xFF, 0xFF, 0xFF, 0xFF, 0xFF, 0x80, 0x00,
    0x00, 0x03, 0xFF, 0xFF, 0xFF, 0xFF, 0xFF, 0x80, 0x00,
    0x00, 0x03, 0xFF, 0xFF, 0xFF, 0xFF, 0xFF, 0x80, 0x00,
    0x00, 0x03, 0xFF, 0xF8, 0x00, 0x07, 0xFF, 0x80, 0x00,
    0x00, 0x03, 0xFF, 0xFC, 0x00, 0x03, 0xFF, 0x80, 0x00,
    0x00, 0x03, 0xFF, 0xFE, 0x00, 0x01, 0xFF, 0x80, 0x00,
    0x00, 0x03, 0xFF, 0xFF, 0x00, 0x00, 0xFF, 0x80, 0x00,
    0x00, 0x03, 0xFF, 0xFF, 0xFF, 0xE0, 0x7F, 0x80, 0x00,
    0x00, 0x03, 0xFF, 0xFF, 0xFF, 0xF0, 0x3F, 0x80, 0x00,
    0x00, 0x03, 0xFF, 0xFF, 0xFF, 0xF8, 0x1F, 0x80, 0x00,
    0x00, 0x03, 0xFF, 0xFF, 0xFF, 0xFC, 0x0F, 0x80, 0x00,
    0x00, 0x03, 0xFF, 0xFF, 0xFF, 0xFE, 0x07, 0x80, 0x00,
    0x00, 0x03, 0xFF, 0xFF, 0xFF, 0xFF, 0x03, 0x80, 0x00,
    0x00, 0x03, 0xFF, 0xFF, 0xFF, 0xFF, 0x81, 0x80, 0x00,
    0x00, 0x03, 0xFF, 0xFF, 0xFF, 0xFF, 0xC0, 0x80, 0x00,
    0x00, 0x01, 0xFF, 0xFF, 0xFF, 0xFF, 0xE0, 0x00, 0x00,
    0x00, 0x00, 0xFF, 0xFF, 0xFF, 0xFF, 0xE0, 0x00, 0x00,
    0x00, 0x00, 0x7F, 0xFF, 0xFF, 0xFF, 0xE0, 0x00, 0x00,
    0x00, 0x00, 0x3F, 0xFF, 0xFF, 0xFF, 0xE0, 0x00, 0x00,
    0x00, 0x00, 0x1F, 0xFF, 0xFF, 0xFF, 0xE0, 0x00, 0x00,
    0x00, 0x00, 0x00, 0x00, 0x00, 0x00, 0x00, 0x00, 0x00,
    0x00, 0x00, 0x00, 0x00, 0x00, 0x00, 0x00, 0x00, 0x00,
    0x00, 0x00, 0x00, 0x00, 0x00, 0x00, 0x00, 0x00, 0x00,
    0x00, 0x00, 0x00, 0x00, 0x00, 0x00, 0x00, 0x00, 0x00,
    0x00, 0x00, 0x00, 0x00, 0x00, 0x00, 0x00, 0x00, 0x00,
    0x00, 0x00, 0x00, 0x00, 0x00, 0x00, 0x00, 0x00, 0x00,
    0x00, 0x00, 0x00, 0x00, 0x00, 0x00, 0x00, 0x00, 0x00,
    0x00, 0x00, 0x00, 0x00, 0x00, 0x00, 0x00, 0x00, 0x00,
    0x00, 0x00, 0x00, 0x00, 0x00, 0x00, 0x00, 0x00, 0x00,
    0x00, 0x00, 0x00, 0x00, 0x00, 0x00, 0x00, 0x00, 0x00,
    0x00, 0x00, 0x00, 0x00, 0x00, 0x00, 0x00, 0x00, 0x00,
    0x00, 0x00, 0x00, 0x00, 0x00, 0x00, 0x00, 0x00, 0x00,
};

// 字符: '7' (0x0037)
const uint8_t saiba_72_char_0037[648] = {
    0x00, 0x00, 0x00, 0x00, 0x00, 0x00, 0x00, 0x00, 0x00,
    0x00, 0x00, 0x00, 0x00, 0x00, 0x00, 0x00, 0x00, 0x00,
    0x00, 0x00, 0x00, 0x00, 0x00, 0x00, 0x00, 0x00, 0x00,
    0x00, 0x00, 0x00, 0x00, 0x00, 0x00, 0x00, 0x00, 0x00,
    0x00, 0x00, 0x00, 0x00, 0x00, 0x00, 0x00, 0x00, 0x00,
    0x00, 0x00, 0x00, 0x00, 0x00, 0x00, 0x00, 0x00, 0x00,
    0x00, 0x00, 0x00, 0x00, 0x00, 0x00, 0x00, 0x00, 0x00,
    0x00, 0x00, 0x00, 0x00, 0x00, 0x00, 0x00, 0x00, 0x00,
    0x00, 0x00, 0x00, 0x00, 0x00, 0x00, 0x00, 0x00, 0x00,
    0x00, 0x00, 0x00, 0x00, 0x00, 0x00, 0x00, 0x00, 0x00,
    0x00, 0x03, 0xFF, 0xFF, 0xFF, 0xFF, 0xF0, 0x00, 0x00,
    0x00, 0x03, 0xFF, 0xFF, 0xFF, 0xFF, 0xF8, 0x00, 0x00,
    0x00, 0x03, 0xFF, 0xFF, 0xFF, 0xFF, 0xFC, 0x00, 0x00,
    0x00, 0x03, 0xFF, 0xFF, 0xFF, 0xFF, 0xFE, 0x00, 0x00,
    0x00, 0x03, 0xFF, 0xFF, 0xFF, 0xFF, 0xFF, 0x00, 0x00,
    0x00, 0x03, 0xFF, 0xFF, 0xFF, 0xFF, 0xFF, 0x80, 0x00,
    0x00, 0x03, 0xFF, 0xFF, 0xFF, 0xFF, 0xFF, 0x80, 0x00,
    0x00, 0x01, 0xFF, 0xFF, 0xFF, 0xFF, 0xFF, 0x80, 0x00,
    0x00, 0x00, 0xFF, 0xFF, 0xFF, 0xFF, 0xFF, 0x80, 0x00,
    0x00, 0x00, 0x7F, 0xFF, 0xFF, 0xFF, 0xFF, 0x80, 0x00,
    0x00, 0x00, 0x3F, 0xFF, 0xFF, 0xFF, 0xFF, 0x80, 0x00,
    0x00, 0x00, 0x1F, 0xFF, 0xFF, 0xFF, 0xFF, 0x80, 0x00,
    0x00, 0x00, 0x0F, 0xFF, 0xFF, 0xFF, 0xFF, 0x80, 0x00,
    0x00, 0x00, 0x00, 0x00, 0x00, 0xFF, 0xFC, 0x00, 0x00,
    0x00, 0x00, 0x00, 0x00, 0x00, 0x7F, 0xFC, 0x00, 0x00,
    0x00, 0x00, 0x00, 0x00, 0x00, 0x3F, 0xFC, 0x00, 0x00,
    0x00, 0x00, 0x00, 0x00, 0x00, 0x1F, 0xFC, 0x00, 0x00,
    0x00, 0x00, 0x00, 0x00, 0x00, 0x0F, 0xFC, 0x00, 0x00,
    0x00, 0x00, 0x00, 0x00, 0x00, 0x07, 0xFC, 0x00, 0x00,
    0x00, 0x00, 0x00, 0x00, 0x01, 0x03, 0xFC, 0x00, 0x00,
    0x00, 0x00, 0x00, 0x00, 0x01, 0x81, 0xFC, 0x00, 0x00,
    0x00, 0x00, 0x00, 0x00, 0x01, 0xC0, 0xFC, 0x00, 0x00,
    0x00, 0x00, 0x00, 0x00, 0x01, 0xE0, 0x7C, 0x00, 0x00,
    0x00, 0x00, 0x00, 0x00, 0x01, 0xF0, 0x00, 0x00, 0x00,
    0x00, 0x00, 0x00, 0x00, 0x01, 0xF8, 0x00, 0x00, 0x00,
    0x00, 0x00, 0x00, 0x00, 0x01, 0xFC, 0x00, 0x00, 0x00,
    0x00, 0x00, 0x00, 0x00, 0x01, 0xFE, 0x00, 0x00, 0x00,
    0x00, 0x00, 0x00, 0x00, 0x01, 0xFF, 0x00, 0x00, 0x00,
    0x00, 0x00, 0x00, 0x00, 0x01, 0xFF, 0x80, 0x00, 0x00,
    0x00, 0x00, 0x00, 0x00, 0x01, 0xFF, 0xC0, 0x00, 0x00,
    0x00, 0x00, 0x00, 0x00, 0x01, 0xFF, 0xE0, 0x00, 0x00,
    0x00, 0x00, 0x00, 0x00, 0x01, 0xFF, 0xF0, 0x00, 0x00,
    0x00, 0x00, 0x00, 0x00, 0x01, 0xFF, 0xF8, 0x00, 0x00,
    0x00, 0x00, 0x00, 0x00, 0x01, 0xFF, 0xFC, 0x00, 0x00,
    0x00, 0x00, 0x00, 0x00, 0x01, 0xFF, 0xFC, 0x00, 0x00,
    0x00, 0x00, 0x00, 0x00, 0x01, 0xFF, 0xFC, 0x00, 0x00,
    0x00, 0x00, 0x00, 0x00, 0x01, 0xFF, 0xFC, 0x00, 0x00,
    0x00, 0x00, 0x00, 0x00, 0x01, 0xFF, 0xFC, 0x00, 0x00,
    0x00, 0x00, 0x00, 0x00, 0x01, 0xFF, 0xFC, 0x00, 0x00,
    0x00, 0x00, 0x00, 0x00, 0x01, 0xFF, 0xFC, 0x00, 0x00,
    0x00, 0x00, 0x00, 0x00, 0x01, 0xFF, 0xFC, 0x00, 0x00,
    0x00, 0x00, 0x00, 0x00, 0x01, 0xFF, 0xFC, 0x00, 0x00,
    0x00, 0x00, 0x00, 0x00, 0x01, 0xFF, 0xFC, 0x00, 0x00,
    0x00, 0x00, 0x00, 0x00, 0x01, 0xFF, 0xFC, 0x00, 0x00,
    0x00, 0x00, 0x00, 0x00, 0x00, 0xFF, 0xFC, 0x00, 0x00,
    0x00, 0x00, 0x00, 0x00, 0x00, 0x7F, 0xFC, 0x00, 0x00,
    0x00, 0x00, 0x00, 0x00, 0x00, 0x3F, 0xFC, 0x00, 0x00,
    0x00, 0x00, 0x00, 0x00, 0x00, 0x1F, 0xFC, 0x00, 0x00,
    0x00, 0x00, 0x00, 0x00, 0x00, 0x0F, 0xFC, 0x00, 0x00,
    0x00, 0x00, 0x00, 0x00, 0x00, 0x07, 0xFC, 0x00, 0x00,
    0x00, 0x00, 0x00, 0x00, 0x00, 0x00, 0x00, 0x00, 0x00,
    0x00, 0x00, 0x00, 0x00, 0x00, 0x00, 0x00, 0x00, 0x00,
    0x00, 0x00, 0x00, 0x00, 0x00, 0x00, 0x00, 0x00, 0x00,
    0x00, 0x00, 0x00, 0x00, 0x00, 0x00, 0x00, 0x00, 0x00,
    0x00, 0x00, 0x00, 0x00, 0x00, 0x00, 0x00, 0x00, 0x00,
    0x00, 0x00, 0x00, 0x00, 0x00, 0x00, 0x00, 0x00, 0x00,
    0x00, 0x00, 0x00, 0x00, 0x00, 0x00, 0x00, 0x00, 0x00,
    0x00, 0x00, 0x00, 0x00, 0x00, 0x00, 0x00, 0x00, 0x00,
    0x00, 0x00, 0x00, 0x00, 0x00, 0x00, 0x00, 0x00, 0x00,
    0x00, 0x00, 0x00, 0x00, 0x00, 0x00, 0x00, 0x00, 0x00,
    0x00, 0x00, 0x00, 0x00, 0x00, 0x00, 0x00, 0x00, 0x00,
    0x00, 0x00, 0x00, 0x00, 0x00, 0x00, 0x00, 0x00, 0x00,
};

// 字符: '8' (0x0038)
const uint8_t saiba_72_char_0038[648] = {
    0x00, 0x00, 0x00, 0x00, 0x00, 0x00, 0x00, 0x00, 0x00,
    0x00, 0x00, 0x00, 0x00, 0x00, 0x00, 0x00, 0x00, 0x00,
    0x00, 0x00, 0x00, 0x00, 0x00, 0x00, 0x00, 0x00, 0x00,
    0x00, 0x00, 0x00, 0x00, 0x00, 0x00, 0x00, 0x00, 0x00,
    0x00, 0x00, 0x00, 0x00, 0x00, 0x00, 0x00, 0x00, 0x00,
    0x00, 0x00, 0x00, 0x00, 0x00, 0x00, 0x00, 0x00, 0x00,
    0x00, 0x00, 0x00, 0x00, 0x00, 0x00, 0x00, 0x00, 0x00,
    0x00, 0x00, 0x00, 0x00, 0x00, 0x00, 0x00, 0x00, 0x00,
    0x00, 0x00, 0x00, 0x00, 0x00, 0x00, 0x00, 0x00, 0x00,
    0x00, 0x00, 0x00, 0x00, 0x00, 0x00, 0x00, 0x00, 0x00,
    0x00, 0x00, 0xFF, 0xFF, 0xFF, 0xFF, 0xF0, 0x00, 0x00,
    0x00, 0x00, 0x7F, 0xFF, 0xFF, 0xFF, 0xF8, 0x00, 0x00,
    0x00, 0x00, 0x3F, 0xFF, 0xFF, 0xFF, 0xFC, 0x00, 0x00,
    0x00, 0x00, 0x1F, 0xFF, 0xFF, 0xFF, 0xFE, 0x00, 0x00,
    0x00, 0x00, 0x0F, 0xFF, 0xFF, 0xFF, 0xFF, 0x00, 0x00,
    0x00, 0x00, 0x07, 0xFF, 0xFF, 0xFF, 0xFF, 0x80, 0x00,
    0x00, 0x00, 0x03, 0xFF, 0xFF, 0xFF, 0xFF, 0x80, 0x00,
    0x00, 0x00, 0x01, 0xFF, 0xFF, 0xFF, 0xFF, 0x80, 0x00,
    0x00, 0x03, 0xC0, 0xFF, 0xFF, 0xFF, 0xFF, 0x80, 0x00,
    0x00, 0x03, 0xE0, 0x7F, 0xFF, 0xFF, 0xFF, 0x80, 0x00,
    0x00, 0x03, 0xF0, 0x3F, 0xFF, 0xFF, 0xFF, 0x80, 0x00,
    0x00, 0x03, 0xF8, 0x1F, 0xFF, 0xFF, 0xFF, 0x80, 0x00,
    0x00, 0x03, 0xFC, 0x0F, 0xFF, 0xFF, 0xFF, 0x80, 0x00,
    0x00, 0x03, 0xFE, 0x00, 0x01, 0xFF, 0xFF, 0x80, 0x00,
    0x00, 0x03, 0xFF, 0x00, 0x00, 0xFF, 0xFF, 0x80, 0x00,
    0x00, 0x03, 0xFF, 0x80, 0x00, 0x7F, 0xFF, 0x80, 0x00,
    0x00, 0x03, 0xFF, 0xC0, 0x00, 0x3F, 0xFF, 0x80, 0x00,
    0x00, 0x03, 0xFF, 0xFF, 0xFF, 0xFF, 0xFF, 0x80, 0x00,
    0x00, 0x03, 0xFF, 0xFF, 0xFF, 0xFF, 0xFF, 0x80, 0x00,
    0x00, 0x03, 0xFF, 0xFF, 0xFF, 0xFF, 0xFF, 0x80, 0x00,
    0x00, 0x03, 0xFF, 0xFF, 0xFF, 0xFF, 0xFF, 0x80, 0x00,
    0x00, 0x03, 0xFF, 0xFF, 0xFF, 0xFF, 0xFF, 0x80, 0x00,
    0x00, 0x03, 0xFF, 0xFF, 0xFF, 0xFF, 0xFF, 0x80, 0x00,
    0x00, 0x03, 0xFF, 0xFF, 0xFF, 0xFF, 0xFF, 0x80, 0x00,
    0x00, 0x03, 0xFF, 0xFF, 0xFF, 0xFF, 0xFF, 0x80, 0x00,
    0x00, 0x03, 0xFF, 0xFF, 0xFF, 0xFF, 0xFF, 0x80, 0x00,
    0x00, 0x03, 0xFF, 0xFF, 0xFF, 0xFF, 0xFF, 0x80, 0x00,
    0x00, 0x03, 0xFF, 0xFF, 0xFF, 0xFF, 0xFF, 0x80, 0x00,
    0x00, 0x03, 0xFF, 0xFF, 0xFF, 0xFF, 0xFF, 0x80, 0x00,
    0x00, 0x03, 0xFF, 0xFF, 0xFF, 0xFF, 0xFF, 0x80, 0x00,
    0x00, 0x03, 0xFF, 0xFF, 0xFF, 0xFF, 0xFF, 0x80, 0x00,
    0x00, 0x03, 0xFF, 0xFF, 0xFF, 0xFF, 0xFF, 0x80, 0x00,
    0x00, 0x03, 0xFF, 0xFF, 0xFF, 0xFF, 0xFF, 0x80, 0x00,
    0x00, 0x03, 0xFF, 0xF8, 0x00, 0x03, 0xFF, 0x80, 0x00,
    0x00, 0x03, 0xFF, 0xFC, 0x00, 0x01, 0xFF, 0x80, 0x00,
    0x00, 0x03, 0xFF, 0xFE, 0x00, 0x00, 0xFF, 0x80, 0x00,
    0x00, 0x03, 0xFF, 0xFF, 0x00, 0x00, 0x7F, 0x80, 0x00,
    0x00, 0x03, 0xFF, 0xFF, 0xFF, 0xF0, 0x3F, 0x80, 0x00,
    0x00, 0x03, 0xFF, 0xFF, 0xFF, 0xF8, 0x1F, 0x80, 0x00,
    0x00, 0x03, 0xFF, 0xFF, 0xFF, 0xFC, 0x0F, 0x80, 0x00,
    0x00, 0x03, 0xFF, 0xFF, 0xFF, 0xFE, 0x07, 0x80, 0x00,
    0x00, 0x03, 0xFF, 0xFF, 0xFF, 0xFF, 0x00, 0x00, 0x00,
    0x00, 0x03, 0xFF, 0xFF, 0xFF, 0xFF, 0x80, 0x00, 0x00,
    0x00, 0x03, 0xFF, 0xFF, 0xFF, 0xFF, 0xC0, 0x00, 0x00,
    0x00, 0x03, 0xFF, 0xFF, 0xFF, 0xFF, 0xE0, 0x00, 0x00,
    0x00, 0x01, 0xFF, 0xFF, 0xFF, 0xFF, 0xF0, 0x00, 0x00,
    0x00, 0x00, 0xFF, 0xFF, 0xFF, 0xFF, 0xF8, 0x00, 0x00,
    0x00, 0x00, 0x7F, 0xFF, 0xFF, 0xFF, 0xFC, 0x00, 0x00,
    0x00, 0x00, 0x3F, 0xFF, 0xFF, 0xFF, 0xFE, 0x00, 0x00,
    0x00, 0x00, 0x1F, 0xFF, 0xFF, 0xFF, 0xFF, 0x00, 0x00,
    0x00, 0x00, 0x00, 0x00, 0x00, 0x00, 0x00, 0x00, 0x00,
    0x00, 0x00, 0x00, 0x00, 0x00, 0x00, 0x00, 0x00, 0x00,
    0x00, 0x00, 0x00, 0x00, 0x00, 0x00, 0x00, 0x00, 0x00,
    0x00, 0x00, 0x00, 0x00, 0x00, 0x00, 0x00, 0x00, 0x00,
    0x00, 0x00, 0x00, 0x00, 0x00, 0x00, 0x00, 0x00, 0x00,
    0x00, 0x00, 0x00, 0x00, 0x00, 0x00, 0x00, 0x00, 0x00,
    0x00, 0x00, 0x00, 0x00, 0x00, 0x00, 0x00, 0x00, 0x00,
    0x00, 0x00, 0x00, 0x00, 0x00, 0x00, 0x00, 0x00, 0x00,
    0x00, 0x00, 0x00, 0x00, 0x00, 0x00, 0x00, 0x00, 0x00,
    0x00, 0x00, 0x00, 0x00, 0x00, 0x00, 0x00, 0x00, 0x00,
    0x00, 0x00, 0x00, 0x00, 0x00, 0x00, 0x00, 0x00, 0x00,
    0x00, 0x00, 0x00, 0x00, 0x00, 0x00, 0x00, 0x00, 0x00,
};

// 字符: '9' (0x0039)
const uint8_t saiba_72_char_0039[648] = {
    0x00, 0x00, 0x00, 0x00, 0x00, 0x00, 0x00, 0x00, 0x00,
    0x00, 0x00, 0x00, 0x00, 0x00, 0x00, 0x00, 0x00, 0x00,
    0x00, 0x00, 0x00, 0x00, 0x00, 0x00, 0x00, 0x00, 0x00,
    0x00, 0x00, 0x00, 0x00, 0x00, 0x00, 0x00, 0x00, 0x00,
    0x00, 0x00, 0x00, 0x00, 0x00, 0x00, 0x00, 0x00, 0x00,
    0x00, 0x00, 0x00, 0x00, 0x00, 0x00, 0x00, 0x00, 0x00,
    0x00, 0x00, 0x00, 0x00, 0x00, 0x00, 0x00, 0x00, 0x00,
    0x00, 0x00, 0x00, 0x00, 0x00, 0x00, 0x00, 0x00, 0x00,
    0x00, 0x00, 0x00, 0x00, 0x00, 0x00, 0x00, 0x00, 0x00,
    0x00, 0x00, 0x00, 0x00, 0x00, 0x00, 0x00, 0x00, 0x00,
    0x00, 0x03, 0xFF, 0xFF, 0xFF, 0xFF, 0xF0, 0x00, 0x00,
    0x00, 0x03, 0xFF, 0xFF, 0xFF, 0xFF, 0xF8, 0x00, 0x00,
    0x00, 0x03, 0xFF, 0xFF, 0xFF, 0xFF, 0xFC, 0x00, 0x00,
    0x00, 0x03, 0xFF, 0xFF, 0xFF, 0xFF, 0xFE, 0x00, 0x00,
    0x00, 0x03, 0xFF, 0xFF, 0xFF, 0xFF, 0xFF, 0x00, 0x00,
    0x00, 0x03, 0xFF, 0xFF, 0xFF, 0xFF, 0xFF, 0x80, 0x00,
    0x00, 0x03, 0xFF, 0xFF, 0xFF, 0xFF, 0xFF, 0x80, 0x00,
    0x00, 0x03, 0xFF, 0xFF, 0xFF, 0xFF, 0xFF, 0x80, 0x00,
    0x00, 0x03, 0xFF, 0xFF, 0xFF, 0xFF, 0xFF, 0x80, 0x00,
    0x00, 0x03, 0xFF, 0xFF, 0xFF, 0xFF, 0xFF, 0x80, 0x00,
    0x00, 0x03, 0xFF, 0xFF, 0xFF, 0xFF, 0xFF, 0x80, 0x00,
    0x00, 0x03, 0xFF, 0xFF, 0xFF, 0xFF, 0xFF, 0x80, 0x00,
    0x00, 0x03, 0xFF, 0xFF, 0xFF, 0xFF, 0xFF, 0x80, 0x00,
    0x00, 0x03, 0xFF, 0xE0, 0x00, 0xFF, 0xFE, 0x00, 0x00,
    0x00, 0x03, 0xFF, 0xF0, 0x00, 0x7F, 0xFE, 0x00, 0x00,
    0x00, 0x03, 0xFF, 0xF8, 0x00, 0x3F, 0xFE, 0x00, 0x00,
    0x00, 0x03, 0xFF, 0xFC, 0x00, 0x3F, 0xFE, 0x00, 0x00,
    0x00, 0x03, 0xFF, 0xFF, 0xE0, 0x3F, 0xFE, 0x00, 0x00,
    0x00, 0x03, 0xFF, 0xFF, 0xF0, 0x3F, 0xFE, 0x00, 0x00,
    0x00, 0x03, 0xFF, 0xFF, 0xF8, 0x3F, 0xFE, 0x00, 0x00,
    0x00, 0x03, 0xFF, 0xFF, 0xF8, 0x3F, 0xFE, 0x00, 0x00,
    0x00, 0x03, 0xFF, 0xFF, 0xF8, 0x3F, 0xFE, 0x00, 0x00,
    0x00, 0x03, 0xFF, 0xFF, 0xF8, 0x3F, 0xFE, 0x00, 0x00,
    0x00, 0x03, 0xFF, 0xFF, 0xF8, 0x3F, 0xFE, 0x00, 0x00,
    0x00, 0x03, 0xFF, 0xFF, 0xF8, 0x3F, 0xFE, 0x00, 0x00,
    0x00, 0x03, 0xFF, 0xFF, 0xF8, 0x3F, 0xFE, 0x00, 0x00,
    0x00, 0x03, 0xFF, 0xFF, 0xF8, 0x3F, 0xFE, 0x00, 0x00,
    0x00, 0x01, 0xFF, 0xFF, 0xF8, 0x3F, 0xFE, 0x00, 0x00,
    0x00, 0x00, 0xFF, 0xFF, 0xF8, 0x3F, 0xFE, 0x00, 0x00,
    0x00, 0x00, 0x7F, 0xFF, 0xF8, 0x3F, 0xFE, 0x00, 0x00,
    0x00, 0x00, 0x3F, 0xFF, 0xF8, 0x3F, 0xFE, 0x00, 0x00,
    0x00, 0x00, 0x1F, 0xFF, 0xF8, 0x3F, 0xFE, 0x00, 0x00,
    0x00, 0x00, 0x0F, 0xFF, 0xF8, 0x3F, 0xFE, 0x00, 0x00,
    0x00, 0x00, 0x00, 0x00, 0x00, 0x3F, 0xFE, 0x00, 0x00,
    0x00, 0x00, 0x00, 0x00, 0x00, 0x3F, 0xFE, 0x00, 0x00,
    0x00, 0x00, 0x00, 0x00, 0x00, 0x3F, 0xFE, 0x00, 0x00,
    0x00, 0x00, 0x00, 0x00, 0x00, 0x3F, 0xFE, 0x00, 0x00,
    0x00, 0x00, 0x00, 0x00, 0x00, 0x3F, 0xFE, 0x00, 0x00,
    0x00, 0x00, 0x00, 0x00, 0x00, 0x3F, 0xFE, 0x00, 0x00,
    0x00, 0x00, 0x00, 0x00, 0x00, 0x3F, 0xFE, 0x00, 0x00,
    0x00, 0x00, 0x00, 0x00, 0x00, 0x3F, 0xFE, 0x00, 0x00,
    0x00, 0x00, 0x00, 0x00, 0x00, 0x3F, 0xFE, 0x00, 0x00,
    0x00, 0x00, 0x00, 0x00, 0x00, 0x3F, 0xFE, 0x00, 0x00,
    0x00, 0x00, 0x00, 0x00, 0x00, 0x3F, 0xFE, 0x00, 0x00,
    0x00, 0x00, 0x00, 0x00, 0x00, 0x1F, 0xFE, 0x00, 0x00,
    0x00, 0x00, 0x00, 0x00, 0x00, 0x0F, 0xFE, 0x00, 0x00,
    0x00, 0x00, 0x00, 0x00, 0x00, 0x07, 0xFE, 0x00, 0x00,
    0x00, 0x00, 0x00, 0x00, 0x00, 0x07, 0xFE, 0x00, 0x00,
    0x00, 0x00, 0x00, 0x00, 0x00, 0x03, 0xFE, 0x00, 0x00,
    0x00, 0x00, 0x00, 0x00, 0x00, 0x01, 0xFE, 0x00, 0x00,
    0x00, 0x00, 0x00, 0x00, 0x00, 0x00, 0x00, 0x00, 0x00,
    0x00, 0x00, 0x00, 0x00, 0x00, 0x00, 0x00, 0x00, 0x00,
    0x00, 0x00, 0x00, 0x00, 0x00, 0x00, 0x00, 0x00, 0x00,
    0x00, 0x00, 0x00, 0x00, 0x00, 0x00, 0x00, 0x00, 0x00,
    0x00, 0x00, 0x00, 0x00, 0x00, 0x00, 0x00, 0x00, 0x00,
    0x00, 0x00, 0x00, 0x00, 0x00, 0x00, 0x00, 0x00, 0x00,
    0x00, 0x00, 0x00, 0x00, 0x00, 0x00, 0x00, 0x00, 0x00,
    0x00, 0x00, 0x00, 0x00, 0x00, 0x00, 0x00, 0x00, 0x00,
    0x00, 0x00, 0x00, 0x00, 0x00, 0x00, 0x00, 0x00, 0x00,
    0x00, 0x00, 0x00, 0x00, 0x00, 0x00, 0x00, 0x00, 0x00,
    0x00, 0x00, 0x00, 0x00, 0x00, 0x00, 0x00, 0x00, 0x00,
    0x00, 0x00, 0x00, 0x00, 0x00, 0x00, 0x00, 0x00, 0x00,
};

// 字符: '0' (0x0030)
const uint8_t saiba_72_char_0030[648] = {
    0x00, 0x00, 0x00, 0x00, 0x00, 0x00, 0x00, 0x00, 0x00,
    0x00, 0x00, 0x00, 0x00, 0x00, 0x00, 0x00, 0x00, 0x00,
    0x00, 0x00, 0x00, 0x00, 0x00, 0x00, 0x00, 0x00, 0x00,
    0x00, 0x00, 0x00, 0x00, 0x00, 0x00, 0x00, 0x00, 0x00,
    0x00, 0x00, 0x00, 0x00, 0x00, 0x00, 0x00, 0x00, 0x00,
    0x00, 0x00, 0x00, 0x00, 0x00, 0x00, 0x00, 0x00, 0x00,
    0x00, 0x00, 0x00, 0x00, 0x00, 0x00, 0x00, 0x00, 0x00,
    0x00, 0x00, 0x00, 0x00, 0x00, 0x00, 0x00, 0x00, 0x00,
    0x00, 0x00, 0x00, 0x00, 0x00, 0x00, 0x00, 0x00, 0x00,
    0x00, 0x00, 0x00, 0x00, 0x00, 0x00, 0x00, 0x00, 0x00,
    0x00, 0x00, 0x3F, 0xFF, 0xFF, 0xFF, 0xF0, 0x00, 0x00,
    0x00, 0x00, 0x3F, 0xFF, 0xFF, 0xFF, 0xF8, 0x00, 0x00,
    0x00, 0x00, 0x3F, 0xFF, 0xFF, 0xFF, 0xFC, 0x00, 0x00,
    0x00, 0x00, 0x3F, 0xFF, 0xFF, 0xFF, 0xFE, 0x00, 0x00,
    0x00, 0x00, 0x1F, 0xFF, 0xFF, 0xFF, 0xFF, 0x00, 0x00,
    0x00, 0x00, 0x0F, 0xFF, 0xFF, 0xFF, 0xFF, 0x80, 0x00,
    0x00, 0x00, 0x07, 0xFF, 0xFF, 0xFF, 0xFF, 0x80, 0x00,
    0x00, 0x00, 0x03, 0xFF, 0xFF, 0xFF, 0xFF, 0x80, 0x00,
    0x00, 0x00, 0x01, 0xFF, 0xFF, 0xFF, 0xFF, 0x80, 0x00,
    0x00, 0x00, 0x00, 0xFF, 0xFF, 0xFF, 0xFF, 0x80, 0x00,
    0x00, 0x03, 0xC0, 0x7F, 0xFF, 0xFF, 0xFF, 0x80, 0x00,
    0x00, 0x03, 0xE0, 0x3F, 0xFF, 0xFF, 0xFF, 0x80, 0x00,
    0x00, 0x03, 0xF0, 0x1F, 0xFF, 0xFF, 0xFF, 0x80, 0x00,
    0x00, 0x03, 0xF8, 0x00, 0x01, 0xFF, 0xFF, 0x80, 0x00,
    0x00, 0x03, 0xFC, 0x00, 0x00, 0xFF, 0xFF, 0x80, 0x00,
    0x00, 0x03, 0xFE, 0x00, 0x00, 0x7F, 0xFF, 0x80, 0x00,
    0x00, 0x03, 0xFF, 0x00, 0x00, 0x3F, 0xFF, 0x80, 0x00,
    0x00, 0x03, 0xFF, 0x80, 0x00, 0x1F, 0xFF, 0x80, 0x00,
    0x00, 0x03, 0xFF, 0xC0, 0x00, 0x0F, 0xFF, 0x80, 0x00,
    0x00, 0x03, 0xFF, 0xE0, 0x00, 0x0F, 0xFF, 0x80, 0x00,
    0x00, 0x03, 0xFF, 0xE0, 0xFC, 0x0F, 0xFF, 0x80, 0x00,
    0x00, 0x03, 0xFF, 0xE0, 0xFE, 0x0F, 0xFF, 0x80, 0x00,
    0x00, 0x03, 0xFF, 0xE0, 0xFE, 0x0F, 0xFF, 0x80, 0x00,
    0x00, 0x03, 0xFF, 0xE0, 0xFE, 0x0F, 0xFF, 0x80, 0x00,
    0x00, 0x03, 0xFF, 0xE0, 0xFE, 0x0F, 0xFF, 0x80, 0x00,
    0x00, 0x03, 0xFF, 0xE0, 0xFE, 0x0F, 0xFF, 0x80, 0x00,
    0x00, 0x03, 0xFF, 0xE0, 0xFE, 0x0F, 0xFF, 0x80, 0x00,
    0x00, 0x03, 0xFF, 0xE0, 0xFE, 0x0F, 0xFF, 0x80, 0x00,
    0x00, 0x03, 0xFF, 0xE0, 0xFE, 0x0F, 0xFF, 0x80, 0x00,
    0x00, 0x03, 0xFF, 0xE0, 0xFE, 0x0F, 0xFF, 0x80, 0x00,
    0x00, 0x03, 0xFF, 0xE0, 0xFE, 0x07, 0xFF, 0x80, 0x00,
    0x00, 0x03, 0xFF, 0xE0, 0x00, 0x03, 0xFF, 0x80, 0x00,
    0x00, 0x03, 0xFF, 0xE0, 0x00, 0x01, 0xFF, 0x80, 0x00,
    0x00, 0x03, 0xFF, 0xE0, 0x00, 0x00, 0xFF, 0x80, 0x00,
    0x00, 0x03, 0xFF, 0xE0, 0x00, 0x00, 0x7F, 0x80, 0x00,
    0x00, 0x03, 0xFF, 0xF0, 0x00, 0x00, 0x3F, 0x80, 0x00,
    0x00, 0x03, 0xFF, 0xF8, 0x00, 0x00, 0x1F, 0x80, 0x00,
    0x00, 0x03, 0xFF, 0xFF, 0xFF, 0xF8, 0x0F, 0x80, 0x00,
    0x00, 0x03, 0xFF, 0xFF, 0xFF, 0xFC, 0x07, 0x80, 0x00,
    0x00, 0x03, 0xFF, 0xFF, 0xFF, 0xFE, 0x00, 0x00, 0x00,
    0x00, 0x03, 0xFF, 0xFF, 0xFF, 0xFF, 0x00, 0x00, 0x00,
    0x00, 0x03, 0xFF, 0xFF, 0xFF, 0xFF, 0x80, 0x00, 0x00,
    0x00, 0x03, 0xFF, 0xFF, 0xFF, 0xFF, 0xC0, 0x00, 0x00,
    0x00, 0x03, 0xFF, 0xFF, 0xFF, 0xFF, 0xE0, 0x00, 0x00,
    0x00, 0x03, 0xFF, 0xFF, 0xFF, 0xFF, 0xF0, 0x00, 0x00,
    0x00, 0x01, 0xFF, 0xFF, 0xFF, 0xFF, 0xF8, 0x00, 0x00,
    0x00, 0x00, 0xFF, 0xFF, 0xFF, 0xFF, 0xF8, 0x00, 0x00,
    0x00, 0x00, 0x7F, 0xFF, 0xFF, 0xFF, 0xF8, 0x00, 0x00,
    0x00, 0x00, 0x3F, 0xFF, 0xFF, 0xFF, 0xF8, 0x00, 0x00,
    0x00, 0x00, 0x1F, 0xFF, 0xFF, 0xFF, 0xF8, 0x00, 0x00,
    0x00, 0x00, 0x00, 0x00, 0x00, 0x00, 0x00, 0x00, 0x00,
    0x00, 0x00, 0x00, 0x00, 0x00, 0x00, 0x00, 0x00, 0x00,
    0x00, 0x00, 0x00, 0x00, 0x00, 0x00, 0x00, 0x00, 0x00,
    0x00, 0x00, 0x00, 0x00, 0x00, 0x00, 0x00, 0x00, 0x00,
    0x00, 0x00, 0x00, 0x00, 0x00, 0x00, 0x00, 0x00, 0x00,
    0x00, 0x00, 0x00, 0x00, 0x00, 0x00, 0x00, 0x00, 0x00,
    0x00, 0x00, 0x00, 0x00, 0x00, 0x00, 0x00, 0x00, 0x00,
    0x00, 0x00, 0x00, 0x00, 0x00, 0x00, 0x00, 0x00, 0x00,
    0x00, 0x00, 0x00, 0x00, 0x00, 0x00, 0x00, 0x00, 0x00,
    0x00, 0x00, 0x00, 0x00, 0x00, 0x00, 0x00, 0x00, 0x00,
    0x00, 0x00, 0x00, 0x00, 0x00, 0x00, 0x00, 0x00, 0x00,
    0x00, 0x00, 0x00, 0x00, 0x00, 0x00, 0x00, 0x00, 0x00,
};

// 字符: 'q' (0x0071)
const uint8_t saiba_72_char_0071[648] = {
    0x00, 0x00, 0x00, 0x00, 0x00, 0x00, 0x00, 0x00, 0x00,
    0x00, 0x00, 0x00, 0x00, 0x00, 0x00, 0x00, 0x00, 0x00,
    0x00, 0x00, 0x00, 0x00, 0x00, 0x00, 0x00, 0x00, 0x00,
    0x00, 0x00, 0x00, 0x00, 0x00, 0x00, 0x00, 0x00, 0x00,
    0x00, 0x00, 0x00, 0x00, 0x00, 0x00, 0x00, 0x00, 0x00,
    0x00, 0x00, 0x00, 0x00, 0x00, 0x00, 0x00, 0x00, 0x00,
    0x00, 0x00, 0x00, 0x00, 0x00, 0x00, 0x00, 0x00, 0x00,
    0x00, 0x00, 0x00, 0x00, 0x00, 0x00, 0x00, 0x00, 0x00,
    0x00, 0x00, 0x00, 0x00, 0x00, 0x00, 0x00, 0x00, 0x00,
    0x00, 0x00, 0x00, 0x00, 0x00, 0x00, 0x00, 0x00, 0x00,
    0x00, 0x00, 0x1F, 0xFF, 0xFF, 0xFF, 0xF0, 0x00, 0x00,
    0x00, 0x00, 0x3F, 0xFF, 0xFF, 0xFF, 0xF8, 0x00, 0x00,
    0x00, 0x00, 0x7F, 0xFF, 0xFF, 0xFF, 0xFC, 0x00, 0x00,
    0x00, 0x00, 0xFF, 0xFF, 0xFF, 0xFF, 0xFE, 0x00, 0x00,
    0x00, 0x01, 0xFF, 0xFF, 0xFF, 0xFF, 0xFF, 0x00, 0x00,
    0x00, 0x03, 0xFF, 0xFF, 0xFF, 0xFF, 0xFF, 0x80, 0x00,
    0x00, 0x03, 0xFF, 0xFF, 0xFF, 0xFF, 0xFF, 0x80, 0x00,
    0x00, 0x03, 0xFF, 0xFF, 0xFF, 0xFF, 0xFF, 0x80, 0x00,
    0x00, 0x03, 0xFF, 0xFF, 0xFF, 0xFF, 0xFF, 0x80, 0x00,
    0x00, 0x03, 0xFF, 0xFF, 0xFF, 0xFF, 0xFF, 0x80, 0x00,
    0x00, 0x03, 0xFF, 0xFF, 0xFF, 0xFF, 0xFF, 0x80, 0x00,
    0x00, 0x03, 0xFF, 0xFF, 0xFF, 0xFF, 0xFF, 0x80, 0x00,
    0x00, 0x03, 0xFF, 0xFF, 0xFF, 0xFF, 0xFF, 0x80, 0x00,
    0x00, 0x03, 0xFF, 0x80, 0x00, 0x3F, 0xFF, 0x80, 0x00,
    0x00, 0x03, 0xFF, 0xC0, 0x00, 0x1F, 0xFF, 0x80, 0x00,
    0x00, 0x03, 0xFF, 0xE0, 0x00, 0x0F, 0xFF, 0x80, 0x00,
    0x00, 0x03, 0xFF, 0xE0, 0x00, 0x0F, 0xFF, 0x80, 0x00,
    0x00, 0x03, 0xFF, 0xE0, 0x00, 0x0F, 0xFF, 0x80, 0x00,
    0x00, 0x03, 0xFF, 0xE0, 0x00, 0x0F, 0xFF, 0x80, 0x00,
    0x00, 0x03, 0xFF, 0xE0, 0x00, 0x0F, 0xFF, 0x80, 0x00,
    0x00, 0x03, 0xFF, 0xE0, 0x00, 0x0F, 0xFF, 0x80, 0x00,
    0x00, 0x03, 0xFF, 0xE0, 0x00, 0x0F, 0xFF, 0x80, 0x00,
    0x00, 0x03, 0xFF, 0xE0, 0x00, 0x07, 0xFF, 0x80, 0x00,
    0x00, 0x03, 0xFF, 0xE0, 0x00, 0x03, 0xFF, 0x80, 0x00,
    0x00, 0x03, 0xFF, 0xE1, 0xFF, 0xC1, 0xFF, 0x80, 0x00,
    0x00, 0x03, 0xFF, 0xE1, 0xFF, 0xE0, 0xFF, 0x80, 0x00,
    0x00, 0x03, 0xFF, 0xE1, 0xFF, 0xF0, 0x7F, 0x80, 0x00,
    0x00, 0x03, 0xFF, 0xE1, 0xFF, 0xF8, 0x3F, 0x80, 0x00,
    0x00, 0x03, 0xFF, 0xE1, 0xFF, 0xFC, 0x1F, 0x80, 0x00,
    0x00, 0x03, 0xFF, 0xE1, 0xFF, 0xFE, 0x0F, 0x80, 0x00,
    0x00, 0x03, 0xFF, 0xE1, 0xFF, 0xFF, 0x00, 0x00, 0x00,
    0x00, 0x03, 0xFF, 0xE1, 0xFF, 0xFF, 0x80, 0x00, 0x00,
    0x00, 0x03, 0xFF, 0xE1, 0xFF, 0xFF, 0xC0, 0x00, 0x00,
    0x00, 0x03, 0xFF, 0xE0, 0xFF, 0xFF, 0xE0, 0x00, 0x00,
    0x00, 0x03, 0xFF, 0xE0, 0x7F, 0xFF, 0xF0, 0x00, 0x00,
    0x00, 0x03, 0xFF, 0xE0, 0x3F, 0xFF, 0xF8, 0x00, 0x00,
    0x00, 0x03, 0xFF, 0xE0, 0x1F, 0xFF, 0xFC, 0x00, 0x00,
    0x00, 0x03, 0xFF, 0xFC, 0x0F, 0xFF, 0xFE, 0x00, 0x00,
    0x00, 0x03, 0xFF, 0xFE, 0x07, 0xFF, 0xFF, 0x00, 0x00,
    0x00, 0x03, 0xFF, 0xFF, 0x03, 0xFF, 0xFF, 0x80, 0x00,
    0x00, 0x03, 0xFF, 0xFF, 0x81, 0xFF, 0xFF, 0x80, 0x00,
    0x00, 0x03, 0xFF, 0xFF, 0xC0, 0xFF, 0xFF, 0x80, 0x00,
    0x00, 0x03, 0xFF, 0xFF, 0xE0, 0x7F, 0xFF, 0x80, 0x00,
    0x00, 0x03, 0xFF, 0xFF, 0xF0, 0x3F, 0xFF, 0x80, 0x00,
    0x00, 0x03, 0xFF, 0xFF, 0xF8, 0x1F, 0xFF, 0x80, 0x00,
    0x00, 0x01, 0xFF, 0xFF, 0xFC, 0x0F, 0xFF, 0x80, 0x00,
    0x00, 0x00, 0xFF, 0xFF, 0xFC, 0x07, 0xFF, 0x80, 0x00,
    0x00, 0x00, 0x7F, 0xFF, 0xFC, 0x03, 0xFF, 0x80, 0x00,
    0x00, 0x00, 0x3F, 0xFF, 0xFC, 0x01, 0xFF, 0x80, 0x00,
    0x00, 0x00, 0x1F, 0xFF, 0xFC, 0x00, 0xFF, 0x80, 0x00,
    0x00, 0x00, 0x00, 0x00, 0x00, 0x00, 0x00, 0x00, 0x00,
    0x00, 0x00, 0x00, 0x00, 0x00, 0x00, 0x00, 0x00, 0x00,
    0x00, 0x00, 0x00, 0x00, 0x00, 0x00, 0x00, 0x00, 0x00,
    0x00, 0x00, 0x00, 0x00, 0x00, 0x00, 0x00, 0x00, 0x00,
    0x00, 0x00, 0x00, 0x00, 0x00, 0x00, 0x00, 0x00, 0x00,
    0x00, 0x00, 0x00, 0x00, 0x00, 0x00, 0x00, 0x00, 0x00,
    0x00, 0x00, 0x00, 0x00, 0x00, 0x00, 0x00, 0x00, 0x00,
    0x00, 0x00, 0x00, 0x00, 0x00, 0x00, 0x00, 0x00, 0x00,
    0x00, 0x00, 0x00, 0x00, 0x00, 0x00, 0x00, 0x00, 0x00,
    0x00, 0x00, 0x00, 0x00, 0x00, 0x00, 0x00, 0x00, 0x00,
    0x00, 0x00, 0x00, 0x00, 0x00, 0x00, 0x00, 0x00, 0x00,
    0x00, 0x00, 0x00, 0x00, 0x00, 0x00, 0x00, 0x00, 0x00,
};

// 字符: 'w' (0x0077)
const uint8_t saiba_72_char_0077[648] = {
    0x00, 0x00, 0x00, 0x00, 0x00, 0x00, 0x00, 0x00, 0x00,
    0x00, 0x00, 0x00, 0x00, 0x00, 0x00, 0x00, 0x00, 0x00,
    0x00, 0x00, 0x00, 0x00, 0x00, 0x00, 0x00, 0x00, 0x00,
    0x00, 0x00, 0x00, 0x00, 0x00, 0x00, 0x00, 0x00, 0x00,
    0x00, 0x00, 0x00, 0x00, 0x00, 0x00, 0x00, 0x00, 0x00,
    0x00, 0x00, 0x00, 0x00, 0x00, 0x00, 0x00, 0x00, 0x00,
    0x00, 0x00, 0x00, 0x00, 0x00, 0x00, 0x00, 0x00, 0x00,
    0x00, 0x00, 0x00, 0x00, 0x00, 0x00, 0x00, 0x00, 0x00,
    0x00, 0x00, 0x00, 0x00, 0x00, 0x00, 0x00, 0x00, 0x00,
    0x00, 0x00, 0x00, 0x00, 0x00, 0x00, 0x00, 0x00, 0x00,
    0x00, 0x03, 0xFF, 0xE0, 0x00, 0x0F, 0xF0, 0x00, 0x00,
    0x00, 0x03, 0xFF, 0xE0, 0x00, 0x0F, 0xF8, 0x00, 0x00,
    0x00, 0x03, 0xFF, 0xE0, 0x00, 0x0F, 0xFC, 0x00, 0x00,
    0x00, 0x01, 0xFF, 0xE0, 0x00, 0x0F, 0xFE, 0x00, 0x00,
    0x00, 0x00, 0xFF, 0xE0, 0x00, 0x0F, 0xFF, 0x00, 0x00,
    0x00, 0x00, 0x7F, 0xE0, 0x00, 0x0F, 0xFF, 0x80, 0x00,
    0x00, 0x00, 0x3F, 0xE0, 0x00, 0x0F, 0xFF, 0x80, 0x00,
    0x00, 0x00, 0x1F, 0xE0, 0x00, 0x0F, 0xFF, 0x80, 0x00,
    0x00, 0x00, 0x0F, 0xE0, 0x00, 0x0F, 0xFF, 0x80, 0x00,
    0x00, 0x00, 0x07, 0xE0, 0x00, 0x0F, 0xFF, 0x80, 0x00,
    0x00, 0x00, 0x03, 0xE0, 0x00, 0x0F, 0xFF, 0x80, 0x00,
    0x00, 0x00, 0x00, 0x00, 0x00, 0x0F, 0xFF, 0x80, 0x00,
    0x00, 0x00, 0x00, 0x00, 0x00, 0x0F, 0xFF, 0x80, 0x00,
    0x00, 0x03, 0xC0, 0x00, 0x00, 0x0F, 0xFF, 0x80, 0x00,
    0x00, 0x03, 0xE0, 0x1F, 0xF0, 0x0F, 0xFF, 0x80, 0x00,
    0x00, 0x03, 0xF0, 0x1F, 0xF8, 0x0F, 0xFF, 0x80, 0x00,
    0x00, 0x03, 0xF8, 0x1F, 0xFC, 0x0F, 0xFF, 0x80, 0x00,
    0x00, 0x03, 0xFC, 0x1F, 0xFE, 0x0F, 0xFF, 0x80, 0x00,
    0x00, 0x03, 0xFE, 0x1F, 0xFF, 0x0F, 0xFF, 0x80, 0x00,
    0x00, 0x03, 0xFF, 0x1F, 0xFF, 0x0F, 0xFF, 0x80, 0x00,
    0x00, 0x03, 0xFF, 0x9F, 0xFF, 0x0F, 0xFF, 0x80, 0x00,
    0x00, 0x03, 0xFF, 0xDF, 0xFF, 0x8F, 0xFF, 0x80, 0x00,
    0x00, 0x03, 0xFF, 0xFF, 0xFF, 0xCF, 0xFF, 0x80, 0x00,
    0x00, 0x03, 0xFF, 0xFF, 0xFF, 0xEF, 0xFF, 0x80, 0x00,
    0x00, 0x03, 0xFF, 0xFF, 0xFF, 0xFF, 0xFF, 0x80, 0x00,
    0x00, 0x03, 0xFF, 0xFF, 0xFF, 0xFF, 0xFF, 0x80, 0x00,
    0x00, 0x03, 0xFF, 0xFF, 0xFF, 0xFF, 0xFF, 0x80, 0x00,
    0x00, 0x03, 0xFF, 0xFF, 0xFF, 0xFF, 0xFF, 0x80, 0x00,
    0x00, 0x03, 0xFF, 0xFF, 0xFF, 0xFF, 0xFF, 0x80, 0x00,
    0x00, 0x03, 0xFF, 0xFF, 0xFF, 0xFF, 0xFF, 0x80, 0x00,
    0x00, 0x03, 0xFF, 0xFF, 0xFF, 0xFF, 0xFF, 0x80, 0x00,
    0x00, 0x03, 0xFF, 0xFF, 0xFF, 0xFF, 0xFF, 0x80, 0x00,
    0x00, 0x03, 0xFF, 0xFF, 0xFF, 0xFF, 0xFF, 0x80, 0x00,
    0x00, 0x03, 0xFF, 0xFF, 0xFF, 0xFF, 0xFF, 0x80, 0x00,
    0x00, 0x03, 0xFF, 0xFF, 0xFF, 0xFF, 0xFF, 0x80, 0x00,
    0x00, 0x03, 0xFF, 0xFF, 0xFF, 0xFF, 0xFF, 0x80, 0x00,
    0x00, 0x03, 0xFF, 0xFF, 0xFF, 0xFF, 0xFF, 0x80, 0x00,
    0x00, 0x03, 0xFF, 0xFF, 0xFF, 0xFF, 0xFF, 0x80, 0x00,
    0x00, 0x03, 0xFF, 0xFF, 0xFF, 0xFF, 0xFF, 0x80, 0x00,
    0x00, 0x03, 0xFF, 0xFF, 0xFF, 0xFF, 0xFF, 0x80, 0x00,
    0x00, 0x03, 0xFF, 0xFF, 0xFF, 0xFF, 0xFF, 0x80, 0x00,
    0x00, 0x03, 0xFF, 0xFE, 0x0F, 0xFF, 0xFF, 0x80, 0x00,
    0x00, 0x03, 0xFF, 0xFE, 0x07, 0xFF, 0xFF, 0x80, 0x00,
    0x00, 0x03, 0xFF, 0xFE, 0x03, 0xFF, 0xFF, 0x80, 0x00,
    0x00, 0x03, 0xFF, 0xFE, 0x01, 0xFF, 0xFF, 0x80, 0x00,
    0x00, 0x01, 0xFF, 0xFE, 0x00, 0xFF, 0xFF, 0x80, 0x00,
    0x00, 0x00, 0xFF, 0xFE, 0x00, 0x7F, 0xFF, 0x80, 0x00,
    0x00, 0x00, 0x7F, 0xFE, 0x00, 0x3F, 0xFF, 0x80, 0x00,
    0x00, 0x00, 0x3F, 0xFE, 0x00, 0x1F, 0xFF, 0x80, 0x00,
    0x00, 0x00, 0x1F, 0xFE, 0x00, 0x0F, 0xFF, 0x80, 0x00,
    0x00, 0x00, 0x00, 0x00, 0x00, 0x00, 0x00, 0x00, 0x00,
    0x00, 0x00, 0x00, 0x00, 0x00, 0x00, 0x00, 0x00, 0x00,
    0x00, 0x00, 0x00, 0x00, 0x00, 0x00, 0x00, 0x00, 0x00,
    0x00, 0x00, 0x00, 0x00, 0x00, 0x00, 0x00, 0x00, 0x00,
    0x00, 0x00, 0x00, 0x00, 0x00, 0x00, 0x00, 0x00, 0x00,
    0x00, 0x00, 0x00, 0x00, 0x00, 0x00, 0x00, 0x00, 0x00,
    0x00, 0x00, 0x00, 0x00, 0x00, 0x00, 0x00, 0x00, 0x00,
    0x00, 0x00, 0x00, 0x00, 0x00, 0x00, 0x00, 0x00, 0x00,
    0x00, 0x00, 0x00, 0x00, 0x00, 0x00, 0x00, 0x00, 0x00,
    0x00, 0x00, 0x00, 0x00, 0x00, 0x00, 0x00, 0x00, 0x00,
    0x00, 0x00, 0x00, 0x00, 0x00, 0x00, 0x00, 0x00, 0x00,
    0x00, 0x00, 0x00, 0x00, 0x00, 0x00, 0x00, 0x00, 0x00,
};

// 字符: 'e' (0x0065)
const uint8_t saiba_72_char_0065[648] = {
    0x00, 0x00, 0x00, 0x00, 0x00, 0x00, 0x00, 0x00, 0x00,
    0x00, 0x00, 0x00, 0x00, 0x00, 0x00, 0x00, 0x00, 0x00,
    0x00, 0x00, 0x00, 0x00, 0x00, 0x00, 0x00, 0x00, 0x00,
    0x00, 0x00, 0x00, 0x00, 0x00, 0x00, 0x00, 0x00, 0x00,
    0x00, 0x00, 0x00, 0x00, 0x00, 0x00, 0x00, 0x00, 0x00,
    0x00, 0x00, 0x00, 0x00, 0x00, 0x00, 0x00, 0x00, 0x00,
    0x00, 0x00, 0x00, 0x00, 0x00, 0x00, 0x00, 0x00, 0x00,
    0x00, 0x00, 0x00, 0x00, 0x00, 0x00, 0x00, 0x00, 0x00,
    0x00, 0x00, 0x00, 0x00, 0x00, 0x00, 0x00, 0x00, 0x00,
    0x00, 0x00, 0x00, 0x00, 0x00, 0x00, 0x00, 0x00, 0x00,
    0x00, 0x00, 0x3F, 0xFF, 0xFF, 0xFF, 0xF0, 0x00, 0x00,
    0x00, 0x00, 0x3F, 0xFF, 0xFF, 0xFF, 0xF8, 0x00, 0x00,
    0x00, 0x00, 0x3F, 0xFF, 0xFF, 0xFF, 0xFC, 0x00, 0x00,
    0x00, 0x00, 0x3F, 0xFF, 0xFF, 0xFF, 0xFE, 0x00, 0x00,
    0x00, 0x00, 0x3F, 0xFF, 0xFF, 0xFF, 0xFF, 0x00, 0x00,
    0x00, 0x00, 0x1F, 0xFF, 0xFF, 0xFF, 0xFF, 0x80, 0x00,
    0x00, 0x02, 0x0F, 0xFF, 0xFF, 0xFF, 0xFF, 0x80, 0x00,
    0x00, 0x02, 0x07, 0xFF, 0xFF, 0xFF, 0xFF, 0x80, 0x00,
    0x00, 0x03, 0x03, 0xFF, 0xFF, 0xFF, 0xFF, 0x80, 0x00,
    0x00, 0x03, 0x81, 0xFF, 0xFF, 0xFF, 0xFF, 0x80, 0x00,
    0x00, 0x03, 0xC0, 0xFF, 0xFF, 0xFF, 0xFF, 0x80, 0x00,
    0x00, 0x03, 0xE0, 0x7F, 0xFF, 0xFF, 0xFF, 0x80, 0x00,
    0x00, 0x03, 0xF0, 0x3F, 0xFF, 0xFF, 0xFF, 0x80, 0x00,
    0x00, 0x03, 0xF8, 0x00, 0x00, 0x01, 0xFF, 0x80, 0x00,
    0x00, 0x03, 0xFC, 0x00, 0x00, 0x00, 0xFF, 0x80, 0x00,
    0x00, 0x03, 0xFE, 0x00, 0x00, 0x00, 0x7F, 0x80, 0x00,
    0x00, 0x03, 0xFF, 0x00, 0x00, 0x00, 0x3F, 0x80, 0x00,
    0x00, 0x03, 0xFF, 0x80, 0x00, 0x00, 0x1F, 0x80, 0x00,
    0x00, 0x03, 0xFF, 0xC0, 0x00, 0x00, 0x0F, 0x80, 0x00,
    0x00, 0x03, 0xFF, 0xE1, 0xFF, 0xE0, 0x00, 0x00, 0x00,
    0x00, 0x03, 0xFF, 0xE1, 0xFF, 0xF0, 0x00, 0x00, 0x00,
    0x00, 0x03, 0xFF, 0xE1, 0xFF, 0xF8, 0x00, 0x00, 0x00,
    0x00, 0x03, 0xFF, 0xE1, 0xFF, 0xFC, 0x00, 0x00, 0x00,
    0x00, 0x03, 0xFF, 0xE1, 0xFF, 0xFE, 0x00, 0x00, 0x00,
    0x00, 0x03, 0xFF, 0xE1, 0xFF, 0xFF, 0x00, 0x00, 0x00,
    0x00, 0x03, 0xFF, 0xE1, 0xFF, 0xFF, 0x80, 0x00, 0x00,
    0x00, 0x03, 0xFF, 0xE1, 0xFF, 0xFF, 0xC0, 0x00, 0x00,
    0x00, 0x03, 0xFF, 0xE1, 0xFF, 0xFF, 0xE0, 0x00, 0x00,
    0x00, 0x03, 0xFF, 0xE1, 0xFF, 0xFF, 0xE0, 0x00, 0x00,
    0x00, 0x03, 0xFF, 0xE1, 0xFF, 0xFF, 0xE0, 0x00, 0x00,
    0x00, 0x03, 0xFF, 0xE0, 0xFF, 0xFF, 0xE0, 0x00, 0x00,
    0x00, 0x03, 0xFF, 0xE0, 0x7F, 0xFF, 0xE0, 0x00, 0x00,
    0x00, 0x03, 0xFF, 0xE0, 0x00, 0x00, 0x00, 0x00, 0x00,
    0x00, 0x03, 0xFF, 0xE0, 0x00, 0x00, 0x00, 0x00, 0x00,
    0x00, 0x03, 0xFF, 0xE0, 0x00, 0x00, 0x00, 0x00, 0x00,
    0x00, 0x03, 0xFF, 0xF0, 0x00, 0x00, 0x00, 0x00, 0x00,
    0x00, 0x03, 0xFF, 0xF8, 0x00, 0x00, 0x00, 0x00, 0x00,
    0x00, 0x03, 0xFF, 0xFF, 0xFF, 0xFF, 0xF0, 0x00, 0x00,
    0x00, 0x03, 0xFF, 0xFF, 0xFF, 0xFF, 0xF8, 0x00, 0x00,
    0x00, 0x03, 0xFF, 0xFF, 0xFF, 0xFF, 0xFC, 0x00, 0x00,
    0x00, 0x03, 0xFF, 0xFF, 0xFF, 0xFF, 0xFE, 0x00, 0x00,
    0x00, 0x03, 0xFF, 0xFF, 0xFF, 0xFF, 0xFF, 0x00, 0x00,
    0x00, 0x03, 0xFF, 0xFF, 0xFF, 0xFF, 0xFF, 0x80, 0x00,
    0x00, 0x03, 0xFF, 0xFF, 0xFF, 0xFF, 0xFF, 0x80, 0x00,
    0x00, 0x03, 0xFF, 0xFF, 0xFF, 0xFF, 0xFF, 0x80, 0x00,
    0x00, 0x01, 0xFF, 0xFF, 0xFF, 0xFF, 0xFF, 0x80, 0x00,
    0x00, 0x00, 0xFF, 0xFF, 0xFF, 0xFF, 0xFF, 0x80, 0x00,
    0x00, 0x00, 0x7F, 0xFF, 0xFF, 0xFF, 0xFF, 0x80, 0x00,
    0x00, 0x00, 0x3F, 0xFF, 0xFF, 0xFF, 0xFF, 0x80, 0x00,
    0x00, 0x00, 0x1F, 0xFF, 0xFF, 0xFF, 0xFF, 0x80, 0x00,
    0x00, 0x00, 0x00, 0x00, 0x00, 0x00, 0x00, 0x00, 0x00,
    0x00, 0x00, 0x00, 0x00, 0x00, 0x00, 0x00, 0x00, 0x00,
    0x00, 0x00, 0x00, 0x00, 0x00, 0x00, 0x00, 0x00, 0x00,
    0x00, 0x00, 0x00, 0x00, 0x00, 0x00, 0x00, 0x00, 0x00,
    0x00, 0x00, 0x00, 0x00, 0x00, 0x00, 0x00, 0x00, 0x00,
    0x00, 0x00, 0x00, 0x00, 0x00, 0x00, 0x00, 0x00, 0x00,
    0x00, 0x00, 0x00, 0x00, 0x00, 0x00, 0x00, 0x00, 0x00,
    0x00, 0x00, 0x00, 0x00, 0x00, 0x00, 0x00, 0x00, 0x00,
    0x00, 0x00, 0x00, 0x00, 0x00, 0x00, 0x00, 0x00, 0x00,
    0x00, 0x00, 0x00, 0x00, 0x00, 0x00, 0x00, 0x00, 0x00,
    0x00, 0x00, 0x00, 0x00, 0x00, 0x00, 0x00, 0x00, 0x00,
    0x00, 0x00, 0x00, 0x00, 0x00, 0x00, 0x00, 0x00, 0x00,
};

// 字符: 'r' (0x0072)
const uint8_t saiba_72_char_0072[648] = {
    0x00, 0x00, 0x00, 0x00, 0x00, 0x00, 0x00, 0x00, 0x00,
    0x00, 0x00, 0x00, 0x00, 0x00, 0x00, 0x00, 0x00, 0x00,
    0x00, 0x00, 0x00, 0x00, 0x00, 0x00, 0x00, 0x00, 0x00,
    0x00, 0x00, 0x00, 0x00, 0x00, 0x00, 0x00, 0x00, 0x00,
    0x00, 0x00, 0x00, 0x00, 0x00, 0x00, 0x00, 0x00, 0x00,
    0x00, 0x00, 0x00, 0x00, 0x00, 0x00, 0x00, 0x00, 0x00,
    0x00, 0x00, 0x00, 0x00, 0x00, 0x00, 0x00, 0x00, 0x00,
    0x00, 0x00, 0x00, 0x00, 0x00, 0x00, 0x00, 0x00, 0x00,
    0x00, 0x00, 0x00, 0x00, 0x00, 0x00, 0x00, 0x00, 0x00,
    0x00, 0x00, 0x00, 0x00, 0x00, 0x00, 0x00, 0x00, 0x00,
    0x00, 0x03, 0xFF, 0xFF, 0xFF, 0xF8, 0x00, 0x00, 0x00,
    0x00, 0x03, 0xFF, 0xFF, 0xFF, 0xFC, 0x00, 0x00, 0x00,
    0x00, 0x03, 0xFF, 0xFF, 0xFF, 0xFE, 0x00, 0x00, 0x00,
    0x00, 0x03, 0xFF, 0xFF, 0xFF, 0xFF, 0x00, 0x00, 0x00,
    0x00, 0x03, 0xFF, 0xFF, 0xFF, 0xFF, 0x80, 0x00, 0x00,
    0x00, 0x03, 0xFF, 0xFF, 0xFF, 0xFF, 0xC0, 0x00, 0x00,
    0x00, 0x03, 0xFF, 0xFF, 0xFF, 0xFF, 0xE0, 0x00, 0x00,
    0x00, 0x03, 0xFF, 0xFF, 0xFF, 0xFF, 0xF0, 0x00, 0x00,
    0x00, 0x03, 0xFF, 0xFF, 0xFF, 0xFF, 0xF8, 0x00, 0x00,
    0x00, 0x01, 0xFF, 0xFF, 0xFF, 0xFF, 0xFC, 0x00, 0x00,
    0x00, 0x00, 0xFF, 0xFF, 0xFF, 0xFF, 0xFE, 0x00, 0x00,
    0x00, 0x00, 0x7F, 0xFF, 0xFF, 0xFF, 0xFF, 0x00, 0x00,
    0x00, 0x00, 0x3F, 0xFF, 0xFF, 0xFF, 0xFF, 0x80, 0x00,
    0x00, 0x00, 0x1F, 0xFF, 0xFF, 0xFF, 0xFF, 0x80, 0x00,
    0x00, 0x00, 0x00, 0x00, 0x00, 0x3F, 0xFF, 0x80, 0x00,
    0x00, 0x00, 0x00, 0x00, 0x00, 0x1F, 0xFF, 0x80, 0x00,
    0x00, 0x00, 0x00, 0x00, 0x00, 0x0F, 0xFF, 0x80, 0x00,
    0x00, 0x00, 0x00, 0x00, 0x00, 0x0F, 0xFF, 0x80, 0x00,
    0x00, 0x00, 0x00, 0x00, 0x00, 0x0F, 0xFF, 0x80, 0x00,
    0x00, 0x00, 0x07, 0xFF, 0xFF, 0xFF, 0xFF, 0x80, 0x00,
    0x00, 0x00, 0x07, 0xFF, 0xFF, 0xFF, 0xFF, 0x80, 0x00,
    0x00, 0x00, 0x07, 0xFF, 0xFF, 0xFF, 0xFF, 0x80, 0x00,
    0x00, 0x02, 0x07, 0xFF, 0xFF, 0xFF, 0xFF, 0x80, 0x00,
    0x00, 0x02, 0x07, 0xFF, 0xFF, 0xFF, 0xFF, 0x80, 0x00,
    0x00, 0x03, 0x03, 0xFF, 0xFF, 0xFF, 0xFF, 0x80, 0x00,
    0x00, 0x03, 0x81, 0xFF, 0xFF, 0xFF, 0xFF, 0x80, 0x00,
    0x00, 0x03, 0xC0, 0xFF, 0xFF, 0xFF, 0xFF, 0x80, 0x00,
    0x00, 0x03, 0xE0, 0x7F, 0xFF, 0xFF, 0xFF, 0x80, 0x00,
    0x00, 0x03, 0xF0, 0x3F, 0xFF, 0xFF, 0xFF, 0x80, 0x00,
    0x00, 0x03, 0xF8, 0x1F, 0xFF, 0xFF, 0xFF, 0x80, 0x00,
    0x00, 0x03, 0xFC, 0x0F, 0xFF, 0xFF, 0xFF, 0x80, 0x00,
    0x00, 0x03, 0xFE, 0x07, 0xFF, 0xFF, 0xFF, 0x80, 0x00,
    0x00, 0x03, 0xFF, 0x03, 0xFF, 0xFF, 0x80, 0x00, 0x00,
    0x00, 0x03, 0xFF, 0x81, 0xFF, 0xFF, 0xC0, 0x00, 0x00,
    0x00, 0x03, 0xFF, 0xC0, 0xFF, 0xFF, 0xE0, 0x00, 0x00,
    0x00, 0x03, 0xFF, 0xE0, 0x7F, 0xFF, 0xF0, 0x00, 0x00,
    0x00, 0x03, 0xFF, 0xE0, 0x3F, 0xFF, 0xF8, 0x00, 0x00,
    0x00, 0x03, 0xFF, 0xE0, 0x1F, 0xFF, 0xFC, 0x00, 0x00,
    0x00, 0x03, 0xFF, 0xE0, 0x0F, 0xFF, 0xFE, 0x00, 0x00,
    0x00, 0x03, 0xFF, 0xE0, 0x07, 0xFF, 0xFF, 0x00, 0x00,
    0x00, 0x03, 0xFF, 0xE0, 0x03, 0xFF, 0xFF, 0x80, 0x00,
    0x00, 0x03, 0xFF, 0xE0, 0x01, 0xFF, 0xFF, 0x80, 0x00,
    0x00, 0x03, 0xFF, 0xE0, 0x00, 0xFF, 0xFF, 0x80, 0x00,
    0x00, 0x03, 0xFF, 0xE0, 0x00, 0x7F, 0xFF, 0x80, 0x00,
    0x00, 0x03, 0xFF, 0xE0, 0x00, 0x3F, 0xFF, 0x80, 0x00,
    0x00, 0x01, 0xFF, 0xE0, 0x00, 0x1F, 0xFF, 0x80, 0x00,
    0x00, 0x00, 0xFF, 0xE0, 0x00, 0x0F, 0xFF, 0x80, 0x00,
    0x00, 0x00, 0x7F, 0xE0, 0x00, 0x07, 0xFF, 0x80, 0x00,
    0x00, 0x00, 0x3F, 0xE0, 0x00, 0x03, 0xFF, 0x80, 0x00,
    0x00, 0x00, 0x1F, 0xE0, 0x00, 0x01, 0xFF, 0x80, 0x00,
    0x00, 0x00, 0x00, 0x00, 0x00, 0x00, 0x00, 0x00, 0x00,
    0x00, 0x00, 0x00, 0x00, 0x00, 0x00, 0x00, 0x00, 0x00,
    0x00, 0x00, 0x00, 0x00, 0x00, 0x00, 0x00, 0x00, 0x00,
    0x00, 0x00, 0x00, 0x00, 0x00, 0x00, 0x00, 0x00, 0x00,
    0x00, 0x00, 0x00, 0x00, 0x00, 0x00, 0x00, 0x00, 0x00,
    0x00, 0x00, 0x00, 0x00, 0x00, 0x00, 0x00, 0x00, 0x00,
    0x00, 0x00, 0x00, 0x00, 0x00, 0x00, 0x00, 0x00, 0x00,
    0x00, 0x00, 0x00, 0x00, 0x00, 0x00, 0x00, 0x00, 0x00,
    0x00, 0x00, 0x00, 0x00, 0x00, 0x00, 0x00, 0x00, 0x00,
    0x00, 0x00, 0x00, 0x00, 0x00, 0x00, 0x00, 0x00, 0x00,
    0x00, 0x00, 0x00, 0x00, 0x00, 0x00, 0x00, 0x00, 0x00,
    0x00, 0x00, 0x00, 0x00, 0x00, 0x00, 0x00, 0x00, 0x00,
};

// 字符: 't' (0x0074)
const uint8_t saiba_72_char_0074[648] = {
    0x00, 0x00, 0x00, 0x00, 0x00, 0x00, 0x00, 0x00, 0x00,
    0x00, 0x00, 0x00, 0x00, 0x00, 0x00, 0x00, 0x00, 0x00,
    0x00, 0x00, 0x00, 0x00, 0x00, 0x00, 0x00, 0x00, 0x00,
    0x00, 0x00, 0x00, 0x00, 0x00, 0x00, 0x00, 0x00, 0x00,
    0x00, 0x00, 0x00, 0x00, 0x00, 0x00, 0x00, 0x00, 0x00,
    0x00, 0x00, 0x00, 0x00, 0x00, 0x00, 0x00, 0x00, 0x00,
    0x00, 0x00, 0x00, 0x00, 0x00, 0x00, 0x00, 0x00, 0x00,
    0x00, 0x00, 0x00, 0x00, 0x00, 0x00, 0x00, 0x00, 0x00,
    0x00, 0x00, 0x00, 0x00, 0x00, 0x00, 0x00, 0x00, 0x00,
    0x00, 0x00, 0x00, 0x00, 0x00, 0x00, 0x00, 0x00, 0x00,
    0x00, 0x03, 0xFF, 0xFF, 0xFF, 0xFF, 0xF0, 0x00, 0x00,
    0x00, 0x03, 0xFF, 0xFF, 0xFF, 0xFF, 0xF8, 0x00, 0x00,
    0x00, 0x03, 0xFF, 0xFF, 0xFF, 0xFF, 0xFC, 0x00, 0x00,
    0x00, 0x03, 0xFF, 0xFF, 0xFF, 0xFF, 0xFE, 0x00, 0x00,
    0x00, 0x03, 0xFF, 0xFF, 0xFF, 0xFF, 0xFF, 0x00, 0x00,
    0x00, 0x03, 0xFF, 0xFF, 0xFF, 0xFF, 0xFF, 0x80, 0x00,
    0x00, 0x03, 0xFF, 0xFF, 0xFF, 0xFF, 0xFF, 0x80, 0x00,
    0x00, 0x03, 0xFF, 0xFF, 0xFF, 0xFF, 0xFF, 0x80, 0x00,
    0x00, 0x03, 0xFF, 0xFF, 0xFF, 0xFF, 0xFF, 0x80, 0x00,
    0x00, 0x03, 0xFF, 0xFF, 0xFF, 0xFF, 0xFF, 0x80, 0x00,
    0x00, 0x03, 0xFF, 0xFF, 0xFF, 0xFF, 0xFF, 0x80, 0x00,
    0x00, 0x03, 0xFF, 0xFF, 0xFF, 0xFF, 0xFF, 0x80, 0x00,
    0x00, 0x03, 0xFF, 0xFF, 0xFF, 0xFF, 0xFF, 0x80, 0x00,
    0x00, 0x01, 0xFF, 0xFF, 0xFF, 0xFF, 0xFF, 0x80, 0x00,
    0x00, 0x00, 0x00, 0x1F, 0xFE, 0x00, 0x00, 0x00, 0x00,
    0x00, 0x00, 0x00, 0x1F, 0xFF, 0x00, 0x00, 0x00, 0x00,
    0x00, 0x00, 0x00, 0x1F, 0xFF, 0x80, 0x00, 0x00, 0x00,
    0x00, 0x00, 0x00, 0x1F, 0xFF, 0xC0, 0x00, 0x00, 0x00,
    0x00, 0x00, 0x00, 0x1F, 0xFF, 0xC0, 0x00, 0x00, 0x00,
    0x00, 0x00, 0x00, 0x1F, 0xFF, 0xC0, 0x00, 0x00, 0x00,
    0x00, 0x00, 0x00, 0x1F, 0xFF, 0xC0, 0x00, 0x00, 0x00,
    0x00, 0x00, 0x00, 0x1F, 0xFF, 0xC0, 0x00, 0x00, 0x00,
    0x00, 0x00, 0x00, 0x0F, 0xFF, 0xC0, 0x00, 0x00, 0x00,
    0x00, 0x00, 0x00, 0x07, 0xFF, 0xC0, 0x00, 0x00, 0x00,
    0x00, 0x00, 0x00, 0x03, 0xFF, 0xC0, 0x00, 0x00, 0x00,
    0x00, 0x00, 0x00, 0x01, 0xFF, 0xC0, 0x00, 0x00, 0x00,
    0x00, 0x00, 0x00, 0x00, 0xFF, 0xC0, 0x00, 0x00, 0x00,
    0x00, 0x00, 0x00, 0x00, 0x7F, 0xC0, 0x00, 0x00, 0x00,
    0x00, 0x00, 0x00, 0x00, 0x3F, 0xC0, 0x00, 0x00, 0x00,
    0x00, 0x00, 0x00, 0x00, 0x1F, 0xC0, 0x00, 0x00, 0x00,
    0x00, 0x00, 0x00, 0x00, 0x0F, 0xC0, 0x00, 0x00, 0x00,
    0x00, 0x00, 0x00, 0x00, 0x07, 0xC0, 0x00, 0x00, 0x00,
    0x00, 0x00, 0x00, 0x1E, 0x03, 0xC0, 0x00, 0x00, 0x00,
    0x00, 0x00, 0x00, 0x1F, 0x00, 0x00, 0x00, 0x00, 0x00,
    0x00, 0x00, 0x00, 0x1F, 0x80, 0x00, 0x00, 0x00, 0x00,
    0x00, 0x00, 0x00, 0x1F, 0xC0, 0x00, 0x00, 0x00, 0x00,
    0x00, 0x00, 0x00, 0x1F, 0xE0, 0x00, 0x00, 0x00, 0x00,
    0x00, 0x00, 0x00, 0x1F, 0xF0, 0x00, 0x00, 0x00, 0x00,
    0x00, 0x00, 0x00, 0x1F, 0xF8, 0x00, 0x00, 0x00, 0x00,
    0x00, 0x00, 0x00, 0x1F, 0xFC, 0x00, 0x00, 0x00, 0x00,
    0x00, 0x00, 0x00, 0x1F, 0xFE, 0x00, 0x00, 0x00, 0x00,
    0x00, 0x00, 0x00, 0x1F, 0xFF, 0x00, 0x00, 0x00, 0x00,
    0x00, 0x00, 0x00, 0x1F, 0xFF, 0x80, 0x00, 0x00, 0x00,
    0x00, 0x00, 0x00, 0x1F, 0xFF, 0xC0, 0x00, 0x00, 0x00,
    0x00, 0x00, 0x00, 0x1F, 0xFF, 0xC0, 0x00, 0x00, 0x00,
    0x00, 0x00, 0x00, 0x1F, 0xFF, 0xC0, 0x00, 0x00, 0x00,
    0x00, 0x00, 0x00, 0x1F, 0xFF, 0xC0, 0x00, 0x00, 0x00,
    0x00, 0x00, 0x00, 0x1F, 0xFF, 0xC0, 0x00, 0x00, 0x00,
    0x00, 0x00, 0x00, 0x1F, 0xFF, 0xC0, 0x00, 0x00, 0x00,
    0x00, 0x00, 0x00, 0x1F, 0xFF, 0xC0, 0x00, 0x00, 0x00,
    0x00, 0x00, 0x00, 0x00, 0x00, 0x00, 0x00, 0x00, 0x00,
    0x00, 0x00, 0x00, 0x00, 0x00, 0x00, 0x00, 0x00, 0x00,
    0x00, 0x00, 0x00, 0x00, 0x00, 0x00, 0x00, 0x00, 0x00,
    0x00, 0x00, 0x00, 0x00, 0x00, 0x00, 0x00, 0x00, 0x00,
    0x00, 0x00, 0x00, 0x00, 0x00, 0x00, 0x00, 0x00, 0x00,
    0x00, 0x00, 0x00, 0x00, 0x00, 0x00, 0x00, 0x00, 0x00,
    0x00, 0x00, 0x00, 0x00, 0x00, 0x00, 0x00, 0x00, 0x00,
    0x00, 0x00, 0x00, 0x00, 0x00, 0x00, 0x00, 0x00, 0x00,
    0x00, 0x00, 0x00, 0x00, 0x00, 0x00, 0x00, 0x00, 0x00,
    0x00, 0x00, 0x00, 0x00, 0x00, 0x00, 0x00, 0x00, 0x00,
    0x00, 0x00, 0x00, 0x00, 0x00, 0x00, 0x00, 0x00, 0x00,
    0x00, 0x00, 0x00, 0x00, 0x00, 0x00, 0x00, 0x00, 0x00,
};

// 字符: 'y' (0x0079)
const uint8_t saiba_72_char_0079[648] = {
    0x00, 0x00, 0x00, 0x00, 0x00, 0x00, 0x00, 0x00, 0x00,
    0x00, 0x00, 0x00, 0x00, 0x00, 0x00, 0x00, 0x00, 0x00,
    0x00, 0x00, 0x00, 0x00, 0x00, 0x00, 0x00, 0x00, 0x00,
    0x00, 0x00, 0x00, 0x00, 0x00, 0x00, 0x00, 0x00, 0x00,
    0x00, 0x00, 0x00, 0x00, 0x00, 0x00, 0x00, 0x00, 0x00,
    0x00, 0x00, 0x00, 0x00, 0x00, 0x00, 0x00, 0x00, 0x00,
    0x00, 0x00, 0x00, 0x00, 0x00, 0x00, 0x00, 0x00, 0x00,
    0x00, 0x00, 0x00, 0x00, 0x00, 0x00, 0x00, 0x00, 0x00,
    0x00, 0x00, 0x00, 0x00, 0x00, 0x00, 0x00, 0x00, 0x00,
    0x00, 0x00, 0x00, 0x00, 0x00, 0x00, 0x00, 0x00, 0x00,
    0x00, 0x03, 0xF8, 0x00, 0x00, 0xFF, 0xF0, 0x00, 0x00,
    0x00, 0x03, 0xFC, 0x00, 0x00, 0xFF, 0xF8, 0x00, 0x00,
    0x00, 0x03, 0xFE, 0x00, 0x00, 0xFF, 0xFC, 0x00, 0x00,
    0x00, 0x03, 0xFF, 0x00, 0x00, 0xFF, 0xFE, 0x00, 0x00,
    0x00, 0x03, 0xFF, 0x80, 0x00, 0xFF, 0xFF, 0x00, 0x00,
    0x00, 0x03, 0xFF, 0xC0, 0x00, 0xFF, 0xFF, 0x80, 0x00,
    0x00, 0x03, 0xFF, 0xE0, 0x00, 0xFF, 0xFF, 0x80, 0x00,
    0x00, 0x03, 0xFF, 0xE0, 0x00, 0xFF, 0xFF, 0x80, 0x00,
    0x00, 0x03, 0xFF, 0xE0, 0x00, 0xFF, 0xFF, 0x80, 0x00,
    0x00, 0x03, 0xFF, 0xE0, 0x00, 0xFF, 0xFF, 0x80, 0x00,
    0x00, 0x03, 0xFF, 0xE0, 0x00, 0xFF, 0xFF, 0x80, 0x00,
    0x00, 0x03, 0xFF, 0xE0, 0x00, 0x7F, 0xFF, 0x80, 0x00,
    0x00, 0x03, 0xFF, 0xE0, 0x00, 0x3F, 0xFF, 0x80, 0x00,
    0x00, 0x03, 0xFF, 0xE0, 0x00, 0x0F, 0xFF, 0x80, 0x00,
    0x00, 0x03, 0xFF, 0xE0, 0x00, 0x0F, 0xFF, 0x80, 0x00,
    0x00, 0x03, 0xFF, 0xE0, 0x00, 0x0F, 0xFF, 0x80, 0x00,
    0x00, 0x03, 0xFF, 0xE0, 0x00, 0x0F, 0xFF, 0x80, 0x00,
    0x00, 0x03, 0xFF, 0xE0, 0x00, 0x0F, 0xFF, 0x80, 0x00,
    0x00, 0x03, 0xFF, 0xE0, 0x00, 0x0F, 0xFF, 0x80, 0x00,
    0x00, 0x03, 0xFF, 0xF0, 0x00, 0x0F, 0xFF, 0x80, 0x00,
    0x00, 0x03, 0xFF, 0xF8, 0x00, 0x0F, 0xFF, 0x80, 0x00,
    0x00, 0x03, 0xFF, 0xFF, 0xFF, 0xFF, 0xFF, 0x80, 0x00,
    0x00, 0x03, 0xFF, 0xFF, 0xFF, 0xFF, 0xFF, 0x80, 0x00,
    0x00, 0x03, 0xFF, 0xFF, 0xFF, 0xFF, 0xFF, 0x80, 0x00,
    0x00, 0x03, 0xFF, 0xFF, 0xFF, 0xFF, 0xFF, 0x80, 0x00,
    0x00, 0x03, 0xFF, 0xFF, 0xFF, 0xFF, 0xFF, 0x80, 0x00,
    0x00, 0x03, 0xFF, 0xFF, 0xFF, 0xFF, 0xFF, 0x80, 0x00,
    0x00, 0x03, 0xFF, 0xFF, 0xFF, 0xFF, 0xFF, 0x80, 0x00,
    0x00, 0x01, 0xFF, 0xFF, 0xFF, 0xFF, 0xFF, 0x80, 0x00,
    0x00, 0x00, 0xFF, 0xFF, 0xFF, 0xFF, 0xFF, 0x80, 0x00,
    0x00, 0x00, 0x7F, 0xFF, 0xFF, 0xFF, 0xFF, 0x80, 0x00,
    0x00, 0x00, 0x3F, 0xFF, 0xFF, 0xFF, 0xFF, 0x80, 0x00,
    0x00, 0x00, 0x1F, 0xFF, 0xFF, 0xFF, 0xFF, 0x80, 0x00,
    0x00, 0x00, 0x00, 0x00, 0x00, 0x07, 0xFF, 0x80, 0x00,
    0x00, 0x00, 0x00, 0x00, 0x00, 0x03, 0xFF, 0x80, 0x00,
    0x00, 0x00, 0x00, 0x00, 0x00, 0x01, 0xFF, 0x80, 0x00,
    0x00, 0x00, 0x00, 0x00, 0x00, 0x00, 0xFF, 0x80, 0x00,
    0x00, 0x03, 0xFF, 0xFF, 0xFF, 0xE0, 0x7F, 0x80, 0x00,
    0x00, 0x03, 0xFF, 0xFF, 0xFF, 0xF0, 0x3F, 0x80, 0x00,
    0x00, 0x03, 0xFF, 0xFF, 0xFF, 0xF8, 0x1F, 0x80, 0x00,
    0x00, 0x03, 0xFF, 0xFF, 0xFF, 0xFC, 0x0F, 0x80, 0x00,
    0x00, 0x03, 0xFF, 0xFF, 0xFF, 0xFE, 0x07, 0x80, 0x00,
    0x00, 0x03, 0xFF, 0xFF, 0xFF, 0xFF, 0x00, 0x00, 0x00,
    0x00, 0x03, 0xFF, 0xFF, 0xFF, 0xFF, 0x80, 0x00, 0x00,
    0x00, 0x03, 0xFF, 0xFF, 0xFF, 0xFF, 0xC0, 0x00, 0x00,
    0x00, 0x01, 0xFF, 0xFF, 0xFF, 0xFF, 0xE0, 0x00, 0x00,
    0x00, 0x00, 0xFF, 0xFF, 0xFF, 0xFF, 0xF0, 0x00, 0x00,
    0x00, 0x00, 0x7F, 0xFF, 0xFF, 0xFF, 0xF8, 0x00, 0x00,
    0x00, 0x00, 0x3F, 0xFF, 0xFF, 0xFF, 0xFC, 0x00, 0x00,
    0x00, 0x00, 0x1F, 0xFF, 0xFF, 0xFF, 0xFE, 0x00, 0x00,
    0x00, 0x00, 0x00, 0x00, 0x00, 0x00, 0x00, 0x00, 0x00,
    0x00, 0x00, 0x00, 0x00, 0x00, 0x00, 0x00, 0x00, 0x00,
    0x00, 0x00, 0x00, 0x00, 0x00, 0x00, 0x00, 0x00, 0x00,
    0x00, 0x00, 0x00, 0x00, 0x00, 0x00, 0x00, 0x00, 0x00,
    0x00, 0x00, 0x00, 0x00, 0x00, 0x00, 0x00, 0x00, 0x00,
    0x00, 0x00, 0x00, 0x00, 0x00, 0x00, 0x00, 0x00, 0x00,
    0x00, 0x00, 0x00, 0x00, 0x00, 0x00, 0x00, 0x00, 0x00,
    0x00, 0x00, 0x00, 0x00, 0x00, 0x00, 0x00, 0x00, 0x00,
    0x00, 0x00, 0x00, 0x00, 0x00, 0x00, 0x00, 0x00, 0x00,
    0x00, 0x00, 0x00, 0x00, 0x00, 0x00, 0x00, 0x00, 0x00,
    0x00, 0x00, 0x00, 0x00, 0x00, 0x00, 0x00, 0x00, 0x00,
    0x00, 0x00, 0x00, 0x00, 0x00, 0x00, 0x00, 0x00, 0x00,
};

// 字符: 'u' (0x0075)
const uint8_t saiba_72_char_0075[648] = {
    0x00, 0x00, 0x00, 0x00, 0x00, 0x00, 0x00, 0x00, 0x00,
    0x00, 0x00, 0x00, 0x00, 0x00, 0x00, 0x00, 0x00, 0x00,
    0x00, 0x00, 0x00, 0x00, 0x00, 0x00, 0x00, 0x00, 0x00,
    0x00, 0x00, 0x00, 0x00, 0x00, 0x00, 0x00, 0x00, 0x00,
    0x00, 0x00, 0x00, 0x00, 0x00, 0x00, 0x00, 0x00, 0x00,
    0x00, 0x00, 0x00, 0x00, 0x00, 0x00, 0x00, 0x00, 0x00,
    0x00, 0x00, 0x00, 0x00, 0x00, 0x00, 0x00, 0x00, 0x00,
    0x00, 0x00, 0x00, 0x00, 0x00, 0x00, 0x00, 0x00, 0x00,
    0x00, 0x00, 0x00, 0x00, 0x00, 0x00, 0x00, 0x00, 0x00,
    0x00, 0x00, 0x00, 0x00, 0x00, 0x00, 0x00, 0x00, 0x00,
    0x00, 0x03, 0xFE, 0x00, 0x00, 0x1F, 0xF0, 0x00, 0x00,
    0x00, 0x03, 0xFF, 0x00, 0x00, 0x1F, 0xF8, 0x00, 0x00,
    0x00, 0x03, 0xFF, 0x80, 0x00, 0x1F, 0xFC, 0x00, 0x00,
    0x00, 0x03, 0xFF, 0xC0, 0x00, 0x1F, 0xFE, 0x00, 0x00,
    0x00, 0x03, 0xFF, 0xE0, 0x00, 0x1F, 0xFF, 0x00, 0x00,
    0x00, 0x03, 0xFF, 0xF0, 0x00, 0x0F, 0xFF, 0x80, 0x00,
    0x00, 0x03, 0xFF, 0xF0, 0x00, 0x07, 0xFF, 0x80, 0x00,
    0x00, 0x03, 0xFF, 0xF0, 0x00, 0x03, 0xFF, 0x80, 0x00,
    0x00, 0x03, 0xFF, 0xF0, 0x00, 0x01, 0xFF, 0x80, 0x00,
    0x00, 0x03, 0xFF, 0xF0, 0x00, 0x00, 0xFF, 0x80, 0x00,
    0x00, 0x03, 0xFF, 0xF0, 0x00, 0x00, 0x7F, 0x80, 0x00,
    0x00, 0x03, 0xFF, 0xF0, 0x00, 0x00, 0x3F, 0x80, 0x00,
    0x00, 0x03, 0xFF, 0xF0, 0x00, 0x00, 0x1F, 0x80, 0x00,
    0x00, 0x03, 0xFF, 0xF0, 0x00, 0x00, 0x0F, 0x80, 0x00,
    0x00, 0x03, 0xFF, 0xF0, 0x00, 0x00, 0x07, 0x80, 0x00,
    0x00, 0x03, 0xFF, 0xF0, 0x00, 0x1F, 0x00, 0x00, 0x00,
    0x00, 0x03, 0xFF, 0xF0, 0x00, 0x1F, 0x80, 0x00, 0x00,
    0x00, 0x03, 0xFF, 0xF0, 0x00, 0x1F, 0xC0, 0x00, 0x00,
    0x00, 0x03, 0xFF, 0xF0, 0x00, 0x1F, 0xE0, 0x00, 0x00,
    0x00, 0x03, 0xFF, 0xF0, 0x00, 0x1F, 0xF0, 0x00, 0x00,
    0x00, 0x03, 0xFF, 0xF0, 0x00, 0x1F, 0xF8, 0x00, 0x00,
    0x00, 0x03, 0xFF, 0xF0, 0x00, 0x1F, 0xFC, 0x00, 0x00,
    0x00, 0x03, 0xFF, 0xF0, 0x00, 0x1F, 0xFE, 0x00, 0x00,
    0x00, 0x03, 0xFF, 0xF0, 0x00, 0x1F, 0xFF, 0x00, 0x00,
    0x00, 0x03, 0xFF, 0xF0, 0x00, 0x1F, 0xFF, 0x80, 0x00,
    0x00, 0x03, 0xFF, 0xF0, 0x00, 0x1F, 0xFF, 0x80, 0x00,
    0x00, 0x03, 0xFF, 0xF0, 0x00, 0x1F, 0xFF, 0x80, 0x00,
    0x00, 0x03, 0xFF, 0xF0, 0x00, 0x1F, 0xFF, 0x80, 0x00,
    0x00, 0x03, 0xFF, 0xF0, 0x00, 0x1F, 0xFF, 0x80, 0x00,
    0x00, 0x03, 0xFF, 0xF0, 0x00, 0x1F, 0xFF, 0x80, 0x00,
    0x00, 0x03, 0xFF, 0xF0, 0x00, 0x1F, 0xFF, 0x80, 0x00,
    0x00, 0x03, 0xFF, 0xF0, 0x00, 0x1F, 0xFF, 0x80, 0x00,
    0x00, 0x03, 0xFF, 0xF0, 0x00, 0x1F, 0xFF, 0x80, 0x00,
    0x00, 0x03, 0xFF, 0xF8, 0x00, 0x1F, 0xFF, 0x80, 0x00,
    0x00, 0x03, 0xFF, 0xFC, 0x00, 0x1F, 0xFF, 0x80, 0x00,
    0x00, 0x03, 0xFF, 0xFF, 0xFF, 0xFF, 0xFF, 0x80, 0x00,
    0x00, 0x03, 0xFF, 0xFF, 0xFF, 0xFF, 0xFF, 0x80, 0x00,
    0x00, 0x01, 0xFF, 0xFF, 0xFF, 0xFF, 0xFF, 0x80, 0x00,
    0x00, 0x00, 0xFF, 0xFF, 0xFF, 0xFF, 0xFF, 0x80, 0x00,
    0x00, 0x00, 0x7F, 0xFF, 0xFF, 0xFF, 0xFF, 0x80, 0x00,
    0x00, 0x00, 0x3F, 0xFF, 0xFF, 0xFF, 0xFF, 0x80, 0x00,
    0x00, 0x00, 0x1F, 0xFF, 0xFF, 0xFF, 0xFF, 0x80, 0x00,
    0x00, 0x00, 0x0F, 0xFF, 0xFF, 0xFF, 0xFF, 0x80, 0x00,
    0x00, 0x00, 0x07, 0xFF, 0xFF, 0xFF, 0xFF, 0x80, 0x00,
    0x00, 0x00, 0x03, 0xFF, 0xFF, 0xFF, 0xFF, 0x80, 0x00,
    0x00, 0x00, 0x01, 0xFF, 0xFF, 0xFF, 0xFF, 0x80, 0x00,
    0x00, 0x00, 0x00, 0xFF, 0xFF, 0xFF, 0xFF, 0x80, 0x00,
    0x00, 0x00, 0x00, 0x7F, 0xFF, 0xFF, 0xFF, 0x80, 0x00,
    0x00, 0x00, 0x00, 0x3F, 0xFF, 0xFF, 0xFF, 0x80, 0x00,
    0x00, 0x00, 0x00, 0x1F, 0xFF, 0xFF, 0xFF, 0x80, 0x00,
    0x00, 0x00, 0x00, 0x00, 0x00, 0x00, 0x00, 0x00, 0x00,
    0x00, 0x00, 0x00, 0x00, 0x00, 0x00, 0x00, 0x00, 0x00,
    0x00, 0x00, 0x00, 0x00, 0x00, 0x00, 0x00, 0x00, 0x00,
    0x00, 0x00, 0x00, 0x00, 0x00, 0x00, 0x00, 0x00, 0x00,
    0x00, 0x00, 0x00, 0x00, 0x00, 0x00, 0x00, 0x00, 0x00,
    0x00, 0x00, 0x00, 0x00, 0x00, 0x00, 0x00, 0x00, 0x00,
    0x00, 0x00, 0x00, 0x00, 0x00, 0x00, 0x00, 0x00, 0x00,
    0x00, 0x00, 0x00, 0x00, 0x00, 0x00, 0x00, 0x00, 0x00,
    0x00, 0x00, 0x00, 0x00, 0x00, 0x00, 0x00, 0x00, 0x00,
    0x00, 0x00, 0x00, 0x00, 0x00, 0x00, 0x00, 0x00, 0x00,
    0x00, 0x00, 0x00, 0x00, 0x00, 0x00, 0x00, 0x00, 0x00,
    0x00, 0x00, 0x00, 0x00, 0x00, 0x00, 0x00, 0x00, 0x00,
};

// 字符: 'i' (0x0069)
const uint8_t saiba_72_char_0069[648] = {
    0x00, 0x00, 0x00, 0x00, 0x00, 0x00, 0x00, 0x00, 0x00,
    0x00, 0x00, 0x00, 0x00, 0x00, 0x00, 0x00, 0x00, 0x00,
    0x00, 0x00, 0x00, 0x00, 0x00, 0x00, 0x00, 0x00, 0x00,
    0x00, 0x00, 0x00, 0x00, 0x00, 0x00, 0x00, 0x00, 0x00,
    0x00, 0x00, 0x00, 0x00, 0x00, 0x00, 0x00, 0x00, 0x00,
    0x00, 0x00, 0x00, 0x00, 0x00, 0x00, 0x00, 0x00, 0x00,
    0x00, 0x00, 0x00, 0x00, 0x00, 0x00, 0x00, 0x00, 0x00,
    0x00, 0x00, 0x00, 0x00, 0x00, 0x00, 0x00, 0x00, 0x00,
    0x00, 0x00, 0x00, 0x00, 0x00, 0x00, 0x00, 0x00, 0x00,
    0x00, 0x00, 0x00, 0x00, 0x00, 0x00, 0x00, 0x00, 0x00,
    0x00, 0x00, 0x00, 0x07, 0xFC, 0x00, 0x00, 0x00, 0x00,
    0x00, 0x00, 0x00, 0x07, 0xFE, 0x00, 0x00, 0x00, 0x00,
    0x00, 0x00, 0x00, 0x07, 0xFF, 0x00, 0x00, 0x00, 0x00,
    0x00, 0x00, 0x00, 0x07, 0xFF, 0x80, 0x00, 0x00, 0x00,
    0x00, 0x00, 0x00, 0x07, 0xFF, 0xC0, 0x00, 0x00, 0x00,
    0x00, 0x00, 0x00, 0x07, 0xFF, 0xE0, 0x00, 0x00, 0x00,
    0x00, 0x00, 0x00, 0x07, 0xFF, 0xE0, 0x00, 0x00, 0x00,
    0x00, 0x00, 0x00, 0x07, 0xFF, 0xE0, 0x00, 0x00, 0x00,
    0x00, 0x00, 0x00, 0x03, 0xFF, 0xE0, 0x00, 0x00, 0x00,
    0x00, 0x00, 0x00, 0x01, 0xFF, 0xE0, 0x00, 0x00, 0x00,
    0x00, 0x00, 0x00, 0x00, 0xFF, 0xE0, 0x00, 0x00, 0x00,
    0x00, 0x00, 0x00, 0x00, 0x7F, 0xE0, 0x00, 0x00, 0x00,
    0x00, 0x00, 0x00, 0x00, 0x3F, 0xE0, 0x00, 0x00, 0x00,
    0x00, 0x00, 0x00, 0x00, 0x1F, 0xE0, 0x00, 0x00, 0x00,
    0x00, 0x00, 0x00, 0x00, 0x0F, 0xE0, 0x00, 0x00, 0x00,
    0x00, 0x00, 0x00, 0x00, 0x07, 0xE0, 0x00, 0x00, 0x00,
    0x00, 0x00, 0x00, 0x00, 0x03, 0xE0, 0x00, 0x00, 0x00,
    0x00, 0x00, 0x00, 0x07, 0x81, 0xE0, 0x00, 0x00, 0x00,
    0x00, 0x00, 0x00, 0x07, 0xC0, 0xE0, 0x00, 0x00, 0x00,
    0x00, 0x00, 0x00, 0x07, 0xE0, 0x60, 0x00, 0x00, 0x00,
    0x00, 0x00, 0x00, 0x07, 0xF0, 0x20, 0x00, 0x00, 0x00,
    0x00, 0x00, 0x00, 0x07, 0xF8, 0x00, 0x00, 0x00, 0x00,
    0x00, 0x00, 0x00, 0x07, 0xFC, 0x00, 0x00, 0x00, 0x00,
    0x00, 0x00, 0x00, 0x07, 0xFE, 0x00, 0x00, 0x00, 0x00,
    0x00, 0x00, 0x00, 0x07, 0xFF, 0x00, 0x00, 0x00, 0x00,
    0x00, 0x00, 0x00, 0x07, 0xFF, 0x80, 0x00, 0x00, 0x00,
    0x00, 0x00, 0x00, 0x07, 0xFF, 0xC0, 0x00, 0x00, 0x00,
    0x00, 0x00, 0x00, 0x07, 0xFF, 0xE0, 0x00, 0x00, 0x00,
    0x00, 0x00, 0x00, 0x07, 0xFF, 0xE0, 0x00, 0x00, 0x00,
    0x00, 0x00, 0x00, 0x07, 0xFF, 0xE0, 0x00, 0x00, 0x00,
    0x00, 0x00, 0x00, 0x07, 0xFF, 0xE0, 0x00, 0x00, 0x00,
    0x00, 0x00, 0x00, 0x07, 0xFF, 0xE0, 0x00, 0x00, 0x00,
    0x00, 0x00, 0x00, 0x07, 0xFF, 0xE0, 0x00, 0x00, 0x00,
    0x00, 0x00, 0x00, 0x07, 0xFF, 0xE0, 0x00, 0x00, 0x00,
    0x00, 0x00, 0x00, 0x07, 0xFF, 0xE0, 0x00, 0x00, 0x00,
    0x00, 0x00, 0x00, 0x07, 0xFF, 0xE0, 0x00, 0x00, 0x00,
    0x00, 0x00, 0x00, 0x07, 0xFF, 0xE0, 0x00, 0x00, 0x00,
    0x00, 0x00, 0x00, 0x07, 0xFF, 0xE0, 0x00, 0x00, 0x00,
    0x00, 0x00, 0x00, 0x07, 0xFF, 0xE0, 0x00, 0x00, 0x00,
    0x00, 0x00, 0x00, 0x07, 0xFF, 0xE0, 0x00, 0x00, 0x00,
    0x00, 0x00, 0x00, 0x07, 0xFF, 0xE0, 0x00, 0x00, 0x00,
    0x00, 0x00, 0x00, 0x07, 0xFF, 0xE0, 0x00, 0x00, 0x00,
    0x00, 0x00, 0x00, 0x07, 0xFF, 0xE0, 0x00, 0x00, 0x00,
    0x00, 0x00, 0x00, 0x07, 0xFF, 0xE0, 0x00, 0x00, 0x00,
    0x00, 0x00, 0x00, 0x07, 0xFF, 0xE0, 0x00, 0x00, 0x00,
    0x00, 0x00, 0x00, 0x03, 0xFF, 0xE0, 0x00, 0x00, 0x00,
    0x00, 0x00, 0x00, 0x01, 0xFF, 0xE0, 0x00, 0x00, 0x00,
    0x00, 0x00, 0x00, 0x00, 0xFF, 0xE0, 0x00, 0x00, 0x00,
    0x00, 0x00, 0x00, 0x00, 0x7F, 0xE0, 0x00, 0x00, 0x00,
    0x00, 0x00, 0x00, 0x00, 0x3F, 0xE0, 0x00, 0x00, 0x00,
    0x00, 0x00, 0x00, 0x00, 0x00, 0x00, 0x00, 0x00, 0x00,
    0x00, 0x00, 0x00, 0x00, 0x00, 0x00, 0x00, 0x00, 0x00,
    0x00, 0x00, 0x00, 0x00, 0x00, 0x00, 0x00, 0x00, 0x00,
    0x00, 0x00, 0x00, 0x00, 0x00, 0x00, 0x00, 0x00, 0x00,
    0x00, 0x00, 0x00, 0x00, 0x00, 0x00, 0x00, 0x00, 0x00,
    0x00, 0x00, 0x00, 0x00, 0x00, 0x00, 0x00, 0x00, 0x00,
    0x00, 0x00, 0x00, 0x00, 0x00, 0x00, 0x00, 0x00, 0x00,
    0x00, 0x00, 0x00, 0x00, 0x00, 0x00, 0x00, 0x00, 0x00,
    0x00, 0x00, 0x00, 0x00, 0x00, 0x00, 0x00, 0x00, 0x00,
    0x00, 0x00, 0x00, 0x00, 0x00, 0x00, 0x00, 0x00, 0x00,
    0x00, 0x00, 0x00, 0x00, 0x00, 0x00, 0x00, 0x00, 0x00,
    0x00, 0x00, 0x00, 0x00, 0x00, 0x00, 0x00, 0x00, 0x00,
};

// 字符: 'o' (0x006F)
const uint8_t saiba_72_char_006F[648] = {
    0x00, 0x00, 0x00, 0x00, 0x00, 0x00, 0x00, 0x00, 0x00,
    0x00, 0x00, 0x00, 0x00, 0x00, 0x00, 0x00, 0x00, 0x00,
    0x00, 0x00, 0x00, 0x00, 0x00, 0x00, 0x00, 0x00, 0x00,
    0x00, 0x00, 0x00, 0x00, 0x00, 0x00, 0x00, 0x00, 0x00,
    0x00, 0x00, 0x00, 0x00, 0x00, 0x00, 0x00, 0x00, 0x00,
    0x00, 0x00, 0x00, 0x00, 0x00, 0x00, 0x00, 0x00, 0x00,
    0x00, 0x00, 0x00, 0x00, 0x00, 0x00, 0x00, 0x00, 0x00,
    0x00, 0x00, 0x00, 0x00, 0x00, 0x00, 0x00, 0x00, 0x00,
    0x00, 0x00, 0x00, 0x00, 0x00, 0x00, 0x00, 0x00, 0x00,
    0x00, 0x00, 0x00, 0x00, 0x00, 0x00, 0x00, 0x00, 0x00,
    0x00, 0x00, 0x3F, 0xFF, 0xFF, 0xFF, 0xF0, 0x00, 0x00,
    0x00, 0x00, 0x3F, 0xFF, 0xFF, 0xFF, 0xF8, 0x00, 0x00,
    0x00, 0x00, 0x3F, 0xFF, 0xFF, 0xFF, 0xFC, 0x00, 0x00,
    0x00, 0x00, 0x3F, 0xFF, 0xFF, 0xFF, 0xFE, 0x00, 0x00,
    0x00, 0x00, 0x1F, 0xFF, 0xFF, 0xFF, 0xFF, 0x00, 0x00,
    0x00, 0x00, 0x0F, 0xFF, 0xFF, 0xFF, 0xFF, 0x80, 0x00,
    0x00, 0x00, 0x07, 0xFF, 0xFF, 0xFF, 0xFF, 0x80, 0x00,
    0x00, 0x00, 0x03, 0xFF, 0xFF, 0xFF, 0xFF, 0x80, 0x00,
    0x00, 0x00, 0x01, 0xFF, 0xFF, 0xFF, 0xFF, 0x80, 0x00,
    0x00, 0x00, 0x00, 0xFF, 0xFF, 0xFF, 0xFF, 0x80, 0x00,
    0x00, 0x03, 0xC0, 0x7F, 0xFF, 0xFF, 0xFF, 0x80, 0x00,
    0x00, 0x03, 0xE0, 0x3F, 0xFF, 0xFF, 0xFF, 0x80, 0x00,
    0x00, 0x03, 0xF0, 0x1F, 0xFF, 0xFF, 0xFF, 0x80, 0x00,
    0x00, 0x03, 0xF8, 0x00, 0x01, 0xFF, 0xFF, 0x80, 0x00,
    0x00, 0x03, 0xFC, 0x00, 0x00, 0xFF, 0xFF, 0x80, 0x00,
    0x00, 0x03, 0xFE, 0x00, 0x00, 0x7F, 0xFF, 0x80, 0x00,
    0x00, 0x03, 0xFF, 0x00, 0x00, 0x3F, 0xFF, 0x80, 0x00,
    0x00, 0x03, 0xFF, 0x80, 0x00, 0x1F, 0xFF, 0x80, 0x00,
    0x00, 0x03, 0xFF, 0xC0, 0x00, 0x0F, 0xFF, 0x80, 0x00,
    0x00, 0x03, 0xFF, 0xE0, 0x00, 0x0F, 0xFF, 0x80, 0x00,
    0x00, 0x03, 0xFF, 0xE0, 0x00, 0x0F, 0xFF, 0x80, 0x00,
    0x00, 0x03, 0xFF, 0xE0, 0x00, 0x0F, 0xFF, 0x80, 0x00,
    0x00, 0x03, 0xFF, 0xE0, 0x00, 0x0F, 0xFF, 0x80, 0x00,
    0x00, 0x03, 0xFF, 0xE0, 0x00, 0x0F, 0xFF, 0x80, 0x00,
    0x00, 0x03, 0xFF, 0xE0, 0x00, 0x0F, 0xFF, 0x80, 0x00,
    0x00, 0x03, 0xFF, 0xE0, 0x00, 0x0F, 0xFF, 0x80, 0x00,
    0x00, 0x03, 0xFF, 0xE0, 0x00, 0x0F, 0xFF, 0x80, 0x00,
    0x00, 0x03, 0xFF, 0xE0, 0x00, 0x0F, 0xFF, 0x80, 0x00,
    0x00, 0x03, 0xFF, 0xE0, 0x00, 0x0F, 0xFF, 0x80, 0x00,
    0x00, 0x03, 0xFF, 0xE0, 0x00, 0x0F, 0xFF, 0x80, 0x00,
    0x00, 0x03, 0xFF, 0xE0, 0x00, 0x0F, 0xFF, 0x80, 0x00,
    0x00, 0x03, 0xFF, 0xE0, 0x00, 0x0F, 0xFF, 0x80, 0x00,
    0x00, 0x03, 0xFF, 0xE0, 0x00, 0x0F, 0xFF, 0x80, 0x00,
    0x00, 0x03, 0xFF, 0xE0, 0x00, 0x0F, 0xFF, 0x80, 0x00,
    0x00, 0x03, 0xFF, 0xE0, 0x00, 0x0F, 0xFF, 0x80, 0x00,
    0x00, 0x03, 0xFF, 0xF0, 0x00, 0x0F, 0xFF, 0x80, 0x00,
    0x00, 0x03, 0xFF, 0xF8, 0x00, 0x0F, 0xFF, 0x80, 0x00,
    0x00, 0x03, 0xFF, 0xFF, 0xFF, 0xFF, 0xFF, 0x80, 0x00,
    0x00, 0x03, 0xFF, 0xFF, 0xFF, 0xFF, 0xFF, 0x80, 0x00,
    0x00, 0x03, 0xFF, 0xFF, 0xFF, 0xFF, 0xFF, 0x80, 0x00,
    0x00, 0x03, 0xFF, 0xFF, 0xFF, 0xFF, 0xFF, 0x80, 0x00,
    0x00, 0x03, 0xFF, 0xFF, 0xFF, 0xFF, 0xFF, 0x80, 0x00,
    0x00, 0x03, 0xFF, 0xFF, 0xFF, 0xFF, 0xFF, 0x80, 0x00,
    0x00, 0x03, 0xFF, 0xFF, 0xFF, 0xFF, 0xFF, 0x80, 0x00,
    0x00, 0x03, 0xFF, 0xFF, 0xFF, 0xFF, 0xFF, 0x80, 0x00,
    0x00, 0x01, 0xFF, 0xFF, 0xFF, 0xFF, 0xFF, 0x00, 0x00,
    0x00, 0x00, 0xFF, 0xFF, 0xFF, 0xFF, 0xFE, 0x00, 0x00,
    0x00, 0x00, 0x7F, 0xFF, 0xFF, 0xFF, 0xFC, 0x00, 0x00,
    0x00, 0x00, 0x3F, 0xFF, 0xFF, 0xFF, 0xF8, 0x00, 0x00,
    0x00, 0x00, 0x1F, 0xFF, 0xFF, 0xFF, 0xF0, 0x00, 0x00,
    0x00, 0x00, 0x00, 0x00, 0x00, 0x00, 0x00, 0x00, 0x00,
    0x00, 0x00, 0x00, 0x00, 0x00, 0x00, 0x00, 0x00, 0x00,
    0x00, 0x00, 0x00, 0x00, 0x00, 0x00, 0x00, 0x00, 0x00,
    0x00, 0x00, 0x00, 0x00, 0x00, 0x00, 0x00, 0x00, 0x00,
    0x00, 0x00, 0x00, 0x00, 0x00, 0x00, 0x00, 0x00, 0x00,
    0x00, 0x00, 0x00, 0x00, 0x00, 0x00, 0x00, 0x00, 0x00,
    0x00, 0x00, 0x00, 0x00, 0x00, 0x00, 0x00, 0x00, 0x00,
    0x00, 0x00, 0x00, 0x00, 0x00, 0x00, 0x00, 0x00, 0x00,
    0x00, 0x00, 0x00, 0x00, 0x00, 0x00, 0x00, 0x00, 0x00,
    0x00, 0x00, 0x00, 0x00, 0x00, 0x00, 0x00, 0x00, 0x00,
    0x00, 0x00, 0x00, 0x00, 0x00, 0x00, 0x00, 0x00, 0x00,
    0x00, 0x00, 0x00, 0x00, 0x00, 0x00, 0x00, 0x00, 0x00,
};

// 字符: 'p' (0x0070)
const uint8_t saiba_72_char_0070[648] = {
    0x00, 0x00, 0x00, 0x00, 0x00, 0x00, 0x00, 0x00, 0x00,
    0x00, 0x00, 0x00, 0x00, 0x00, 0x00, 0x00, 0x00, 0x00,
    0x00, 0x00, 0x00, 0x00, 0x00, 0x00, 0x00, 0x00, 0x00,
    0x00, 0x00, 0x00, 0x00, 0x00, 0x00, 0x00, 0x00, 0x00,
    0x00, 0x00, 0x00, 0x00, 0x00, 0x00, 0x00, 0x00, 0x00,
    0x00, 0x00, 0x00, 0x00, 0x00, 0x00, 0x00, 0x00, 0x00,
    0x00, 0x00, 0x00, 0x00, 0x00, 0x00, 0x00, 0x00, 0x00,
    0x00, 0x00, 0x00, 0x00, 0x00, 0x00, 0x00, 0x00, 0x00,
    0x00, 0x00, 0x00, 0x00, 0x00, 0x00, 0x00, 0x00, 0x00,
    0x00, 0x00, 0x00, 0x00, 0x00, 0x00, 0x00, 0x00, 0x00,
    0x00, 0x03, 0xFF, 0xFF, 0xFF, 0xF8, 0x00, 0x00, 0x00,
    0x00, 0x03, 0xFF, 0xFF, 0xFF, 0xFC, 0x00, 0x00, 0x00,
    0x00, 0x03, 0xFF, 0xFF, 0xFF, 0xFE, 0x00, 0x00, 0x00,
    0x00, 0x03, 0xFF, 0xFF, 0xFF, 0xFF, 0x00, 0x00, 0x00,
    0x00, 0x03, 0xFF, 0xFF, 0xFF, 0xFF, 0x80, 0x00, 0x00,
    0x00, 0x03, 0xFF, 0xFF, 0xFF, 0xFF, 0xC0, 0x00, 0x00,
    0x00, 0x03, 0xFF, 0xFF, 0xFF, 0xFF, 0xE0, 0x00, 0x00,
    0x00, 0x03, 0xFF, 0xFF, 0xFF, 0xFF, 0xF0, 0x00, 0x00,
    0x00, 0x03, 0xFF, 0xFF, 0xFF, 0xFF, 0xF8, 0x00, 0x00,
    0x00, 0x01, 0xFF, 0xFF, 0xFF, 0xFF, 0xFC, 0x00, 0x00,
    0x00, 0x00, 0xFF, 0xFF, 0xFF, 0xFF, 0xFE, 0x00, 0x00,
    0x00, 0x00, 0x7F, 0xFF, 0xFF, 0xFF, 0xFF, 0x00, 0x00,
    0x00, 0x00, 0x3F, 0xFF, 0xFF, 0xFF, 0xFF, 0x80, 0x00,
    0x00, 0x00, 0x1F, 0xFF, 0xFF, 0xFF, 0xFF, 0x80, 0x00,
    0x00, 0x00, 0x00, 0x00, 0x00, 0x3F, 0xFF, 0x80, 0x00,
    0x00, 0x00, 0x00, 0x00, 0x00, 0x1F, 0xFF, 0x80, 0x00,
    0x00, 0x00, 0x00, 0x00, 0x00, 0x0F, 0xFF, 0x80, 0x00,
    0x00, 0x00, 0x00, 0x00, 0x00, 0x0F, 0xFF, 0x80, 0x00,
    0x00, 0x00, 0x00, 0x00, 0x00, 0x0F, 0xFF, 0x80, 0x00,
    0x00, 0x03, 0xFF, 0xFF, 0xFF, 0xFF, 0xFF, 0x80, 0x00,
    0x00, 0x03, 0xFF, 0xFF, 0xFF, 0xFF, 0xFF, 0x80, 0x00,
    0x00, 0x03, 0xFF, 0xFF, 0xFF, 0xFF, 0xFF, 0x80, 0x00,
    0x00, 0x03, 0xFF, 0xFF, 0xFF, 0xFF, 0xFF, 0x80, 0x00,
    0x00, 0x03, 0xFF, 0xFF, 0xFF, 0xFF, 0xFF, 0x80, 0x00,
    0x00, 0x03, 0xFF, 0xFF, 0xFF, 0xFF, 0xFF, 0x80, 0x00,
    0x00, 0x03, 0xFF, 0xFF, 0xFF, 0xFF, 0xFF, 0x80, 0x00,
    0x00, 0x03, 0xFF, 0xFF, 0xFF, 0xFF, 0xFF, 0x00, 0x00,
    0x00, 0x03, 0xFF, 0xFF, 0xFF, 0xFF, 0xFE, 0x00, 0x00,
    0x00, 0x03, 0xFF, 0xFF, 0xFF, 0xFF, 0xFC, 0x00, 0x00,
    0x00, 0x03, 0xFF, 0xFF, 0xFF, 0xFF, 0xF8, 0x00, 0x00,
    0x00, 0x03, 0xFF, 0xFF, 0xFF, 0xFF, 0xF0, 0x00, 0x00,
    0x00, 0x03, 0xFF, 0xFF, 0xFF, 0xFF, 0xE0, 0x00, 0x00,
    0x00, 0x03, 0xFF, 0x80, 0x00, 0x00, 0x00, 0x00, 0x00,
    0x00, 0x03, 0xFF, 0xC0, 0x00, 0x00, 0x00, 0x00, 0x00,
    0x00, 0x03, 0xFF, 0xE0, 0x00, 0x00, 0x00, 0x00, 0x00,
    0x00, 0x03, 0xFF, 0xE0, 0x00, 0x00, 0x00, 0x00, 0x00,
    0x00, 0x03, 0xFF, 0xE0, 0x00, 0x00, 0x00, 0x00, 0x00,
    0x00, 0x03, 0xFF, 0xE0, 0x00, 0x00, 0x00, 0x00, 0x00,
    0x00, 0x03, 0xFF, 0xE0, 0x00, 0x00, 0x00, 0x00, 0x00,
    0x00, 0x03, 0xFF, 0xE0, 0x00, 0x00, 0x00, 0x00, 0x00,
    0x00, 0x03, 0xFF, 0xE0, 0x00, 0x00, 0x00, 0x00, 0x00,
    0x00, 0x03, 0xFF, 0xE0, 0x00, 0x00, 0x00, 0x00, 0x00,
    0x00, 0x03, 0xFF, 0xE0, 0x00, 0x00, 0x00, 0x00, 0x00,
    0x00, 0x03, 0xFF, 0xE0, 0x00, 0x00, 0x00, 0x00, 0x00,
    0x00, 0x03, 0xFF, 0xE0, 0x00, 0x00, 0x00, 0x00, 0x00,
    0x00, 0x01, 0xFF, 0xE0, 0x00, 0x00, 0x00, 0x00, 0x00,
    0x00, 0x00, 0xFF, 0xE0, 0x00, 0x00, 0x00, 0x00, 0x00,
    0x00, 0x00, 0x7F, 0xE0, 0x00, 0x00, 0x00, 0x00, 0x00,
    0x00, 0x00, 0x3F, 0xE0, 0x00, 0x00, 0x00, 0x00, 0x00,
    0x00, 0x00, 0x1F, 0xE0, 0x00, 0x00, 0x00, 0x00, 0x00,
    0x00, 0x00, 0x00, 0x00, 0x00, 0x00, 0x00, 0x00, 0x00,
    0x00, 0x00, 0x00, 0x00, 0x00, 0x00, 0x00, 0x00, 0x00,
    0x00, 0x00, 0x00, 0x00, 0x00, 0x00, 0x00, 0x00, 0x00,
    0x00, 0x00, 0x00, 0x00, 0x00, 0x00, 0x00, 0x00, 0x00,
    0x00, 0x00, 0x00, 0x00, 0x00, 0x00, 0x00, 0x00, 0x00,
    0x00, 0x00, 0x00, 0x00, 0x00, 0x00, 0x00, 0x00, 0x00,
    0x00, 0x00, 0x00, 0x00, 0x00, 0x00, 0x00, 0x00, 0x00,
    0x00, 0x00, 0x00, 0x00, 0x00, 0x00, 0x00, 0x00, 0x00,
    0x00, 0x00, 0x00, 0x00, 0x00, 0x00, 0x00, 0x00, 0x00,
    0x00, 0x00, 0x00, 0x00, 0x00, 0x00, 0x00, 0x00, 0x00,
    0x00, 0x00, 0x00, 0x00, 0x00, 0x00, 0x00, 0x00, 0x00,
    0x00, 0x00, 0x00, 0x00, 0x00, 0x00, 0x00, 0x00, 0x00,
};

// 字符: 'a' (0x0061)
const uint8_t saiba_72_char_0061[648] = {
    0x00, 0x00, 0x00, 0x00, 0x00, 0x00, 0x00, 0x00, 0x00,
    0x00, 0x00, 0x00, 0x00, 0x00, 0x00, 0x00, 0x00, 0x00,
    0x00, 0x00, 0x00, 0x00, 0x00, 0x00, 0x00, 0x00, 0x00,
    0x00, 0x00, 0x00, 0x00, 0x00, 0x00, 0x00, 0x00, 0x00,
    0x00, 0x00, 0x00, 0x00, 0x00, 0x00, 0x00, 0x00, 0x00,
    0x00, 0x00, 0x00, 0x00, 0x00, 0x00, 0x00, 0x00, 0x00,
    0x00, 0x00, 0x00, 0x00, 0x00, 0x00, 0x00, 0x00, 0x00,
    0x00, 0x00, 0x00, 0x00, 0x00, 0x00, 0x00, 0x00, 0x00,
    0x00, 0x00, 0x00, 0x00, 0x00, 0x00, 0x00, 0x00, 0x00,
    0x00, 0x00, 0x00, 0x00, 0x00, 0x00, 0x00, 0x00, 0x00,
    0x00, 0x03, 0xFF, 0xFF, 0xFF, 0xF8, 0x00, 0x00, 0x00,
    0x00, 0x03, 0xFF, 0xFF, 0xFF, 0xFC, 0x00, 0x00, 0x00,
    0x00, 0x03, 0xFF, 0xFF, 0xFF, 0xFE, 0x00, 0x00, 0x00,
    0x00, 0x03, 0xFF, 0xFF, 0xFF, 0xFF, 0x00, 0x00, 0x00,
    0x00, 0x03, 0xFF, 0xFF, 0xFF, 0xFF, 0x80, 0x00, 0x00,
    0x00, 0x03, 0xFF, 0xFF, 0xFF, 0xFF, 0xC0, 0x00, 0x00,
    0x00, 0x03, 0xFF, 0xFF, 0xFF, 0xFF, 0xE0, 0x00, 0x00,
    0x00, 0x03, 0xFF, 0xFF, 0xFF, 0xFF, 0xF0, 0x00, 0x00,
    0x00, 0x03, 0xFF, 0xFF, 0xFF, 0xFF, 0xF8, 0x00, 0x00,
    0x00, 0x03, 0xFF, 0xFF, 0xFF, 0xFF, 0xFC, 0x00, 0x00,
    0x00, 0x03, 0xFF, 0xFF, 0xFF, 0xFF, 0xFE, 0x00, 0x00,
    0x00, 0x03, 0xFF, 0xFF, 0xFF, 0xFF, 0xFF, 0x00, 0x00,
    0x00, 0x03, 0xFF, 0xFF, 0xFF, 0xFF, 0xFF, 0x80, 0x00,
    0x00, 0x03, 0xFF, 0x80, 0x01, 0xFF, 0xFF, 0x80, 0x00,
    0x00, 0x03, 0xFF, 0xC0, 0x00, 0xFF, 0xFF, 0x80, 0x00,
    0x00, 0x03, 0xFF, 0xE0, 0x00, 0x7F, 0xFF, 0x80, 0x00,
    0x00, 0x03, 0xFF, 0xE0, 0x00, 0x3F, 0xFF, 0x80, 0x00,
    0x00, 0x03, 0xFF, 0xE0, 0x00, 0x1F, 0xFF, 0x80, 0x00,
    0x00, 0x03, 0xFF, 0xE0, 0x00, 0x0F, 0xFF, 0x80, 0x00,
    0x00, 0x03, 0xFF, 0xE0, 0x00, 0x0F, 0xFF, 0x80, 0x00,
    0x00, 0x03, 0xFF, 0xE0, 0x00, 0x0F, 0xFF, 0x80, 0x00,
    0x00, 0x03, 0xFF, 0xE0, 0x00, 0x0F, 0xFF, 0x80, 0x00,
    0x00, 0x03, 0xFF, 0xE0, 0x00, 0x0F, 0xFF, 0x80, 0x00,
    0x00, 0x03, 0xFF, 0xE0, 0x00, 0x0F, 0xFF, 0x80, 0x00,
    0x00, 0x03, 0xFF, 0xE0, 0x00, 0x0F, 0xFF, 0x80, 0x00,
    0x00, 0x03, 0xFF, 0xE0, 0x00, 0x0F, 0xFF, 0x80, 0x00,
    0x00, 0x03, 0xFF, 0xE0, 0x00, 0x0F, 0xFF, 0x80, 0x00,
    0x00, 0x03, 0xFF, 0xE0, 0x00, 0x0F, 0xFF, 0x80, 0x00,
    0x00, 0x03, 0xFF, 0xE0, 0x00, 0x0F, 0xFF, 0x80, 0x00,
    0x00, 0x03, 0xFF, 0xE0, 0x00, 0x0F, 0xFF, 0x80, 0x00,
    0x00, 0x03, 0xFF, 0xE0, 0x00, 0x0F, 0xFF, 0x80, 0x00,
    0x00, 0x03, 0xFF, 0xFF, 0xFC, 0x0F, 0xFF, 0x80, 0x00,
    0x00, 0x03, 0xFF, 0xFF, 0xFE, 0x0F, 0xFF, 0x80, 0x00,
    0x00, 0x03, 0xFF, 0xFF, 0xFF, 0x0F, 0xFF, 0x80, 0x00,
    0x00, 0x03, 0xFF, 0xFF, 0xFF, 0x0F, 0xFF, 0x80, 0x00,
    0x00, 0x03, 0xFF, 0xFF, 0xFF, 0x0F, 0xFF, 0x80, 0x00,
    0x00, 0x03, 0xFF, 0xFF, 0xFF, 0x0F, 0xFF, 0x80, 0x00,
    0x00, 0x03, 0xFF, 0xFF, 0xFF, 0x0F, 0xFF, 0x80, 0x00,
    0x00, 0x03, 0xFF, 0xFF, 0xFF, 0x0F, 0xFF, 0x80, 0x00,
    0x00, 0x03, 0xFF, 0xFF, 0xFF, 0x0F, 0xFF, 0x80, 0x00,
    0x00, 0x03, 0xFF, 0xFF, 0xFF, 0x0F, 0xFF, 0x80, 0x00,
    0x00, 0x03, 0xFF, 0xFF, 0xFF, 0x0F, 0xFF, 0x80, 0x00,
    0x00, 0x03, 0xFF, 0xFF, 0xFF, 0x0F, 0xFF, 0x80, 0x00,
    0x00, 0x03, 0xFF, 0xFF, 0xFF, 0x0F, 0xFF, 0x80, 0x00,
    0x00, 0x03, 0xFF, 0xE0, 0x00, 0x0F, 0xFF, 0x80, 0x00,
    0x00, 0x01, 0xFF, 0xE0, 0x00, 0x0F, 0xFF, 0x80, 0x00,
    0x00, 0x00, 0xFF, 0xE0, 0x00, 0x0F, 0xFF, 0x80, 0x00,
    0x00, 0x00, 0x7F, 0xE0, 0x00, 0x0F, 0xFF, 0x80, 0x00,
    0x00, 0x00, 0x3F, 0xE0, 0x00, 0x07, 0xFF, 0x80, 0x00,
    0x00, 0x00, 0x1F, 0xE0, 0x00, 0x03, 0xFF, 0x80, 0x00,
    0x00, 0x00, 0x00, 0x00, 0x00, 0x00, 0x00, 0x00, 0x00,
    0x00, 0x00, 0x00, 0x00, 0x00, 0x00, 0x00, 0x00, 0x00,
    0x00, 0x00, 0x00, 0x00, 0x00, 0x00, 0x00, 0x00, 0x00,
    0x00, 0x00, 0x00, 0x00, 0x00, 0x00, 0x00, 0x00, 0x00,
    0x00, 0x00, 0x00, 0x00, 0x00, 0x00, 0x00, 0x00, 0x00,
    0x00, 0x00, 0x00, 0x00, 0x00, 0x00, 0x00, 0x00, 0x00,
    0x00, 0x00, 0x00, 0x00, 0x00, 0x00, 0x00, 0x00, 0x00,
    0x00, 0x00, 0x00, 0x00, 0x00, 0x00, 0x00, 0x00, 0x00,
    0x00, 0x00, 0x00, 0x00, 0x00, 0x00, 0x00, 0x00, 0x00,
    0x00, 0x00, 0x00, 0x00, 0x00, 0x00, 0x00, 0x00, 0x00,
    0x00, 0x00, 0x00, 0x00, 0x00, 0x00, 0x00, 0x00, 0x00,
    0x00, 0x00, 0x00, 0x00, 0x00, 0x00, 0x00, 0x00, 0x00,
};

// 字符: 's' (0x0073)
const uint8_t saiba_72_char_0073[648] = {
    0x00, 0x00, 0x00, 0x00, 0x00, 0x00, 0x00, 0x00, 0x00,
    0x00, 0x00, 0x00, 0x00, 0x00, 0x00, 0x00, 0x00, 0x00,
    0x00, 0x00, 0x00, 0x00, 0x00, 0x00, 0x00, 0x00, 0x00,
    0x00, 0x00, 0x00, 0x00, 0x00, 0x00, 0x00, 0x00, 0x00,
    0x00, 0x00, 0x00, 0x00, 0x00, 0x00, 0x00, 0x00, 0x00,
    0x00, 0x00, 0x00, 0x00, 0x00, 0x00, 0x00, 0x00, 0x00,
    0x00, 0x00, 0x00, 0x00, 0x00, 0x00, 0x00, 0x00, 0x00,
    0x00, 0x00, 0x00, 0x00, 0x00, 0x00, 0x00, 0x00, 0x00,
    0x00, 0x00, 0x00, 0x00, 0x00, 0x00, 0x00, 0x00, 0x00,
    0x00, 0x00, 0x00, 0x00, 0x00, 0x00, 0x00, 0x00, 0x00,
    0x00, 0x00, 0x3F, 0xFF, 0xFF, 0xFF, 0xF0, 0x00, 0x00,
    0x00, 0x00, 0x3F, 0xFF, 0xFF, 0xFF, 0xF8, 0x00, 0x00,
    0x00, 0x00, 0x3F, 0xFF, 0xFF, 0xFF, 0xFC, 0x00, 0x00,
    0x00, 0x00, 0x3F, 0xFF, 0xFF, 0xFF, 0xFE, 0x00, 0x00,
    0x00, 0x00, 0x1F, 0xFF, 0xFF, 0xFF, 0xFF, 0x00, 0x00,
    0x00, 0x00, 0x0F, 0xFF, 0xFF, 0xFF, 0xFF, 0x80, 0x00,
    0x00, 0x02, 0x07, 0xFF, 0xFF, 0xFF, 0xFF, 0x80, 0x00,
    0x00, 0x03, 0x03, 0xFF, 0xFF, 0xFF, 0xFF, 0x80, 0x00,
    0x00, 0x03, 0x81, 0xFF, 0xFF, 0xFF, 0xFF, 0x80, 0x00,
    0x00, 0x03, 0xC0, 0xFF, 0xFF, 0xFF, 0xFF, 0x80, 0x00,
    0x00, 0x03, 0xE0, 0x7F, 0xFF, 0xFF, 0xFF, 0x80, 0x00,
    0x00, 0x03, 0xF0, 0x3F, 0xFF, 0xFF, 0xFF, 0x80, 0x00,
    0x00, 0x03, 0xF8, 0x1F, 0xFF, 0xFF, 0xFF, 0x80, 0x00,
    0x00, 0x03, 0xFC, 0x00, 0x00, 0x00, 0x00, 0x00, 0x00,
    0x00, 0x03, 0xFE, 0x00, 0x00, 0x00, 0x00, 0x00, 0x00,
    0x00, 0x03, 0xFF, 0x00, 0x00, 0x00, 0x00, 0x00, 0x00,
    0x00, 0x03, 0xFF, 0x80, 0x00, 0x00, 0x00, 0x00, 0x00,
    0x00, 0x03, 0xFF, 0xFF, 0xFF, 0xFF, 0xF0, 0x00, 0x00,
    0x00, 0x03, 0xFF, 0xFF, 0xFF, 0xFF, 0xF8, 0x00, 0x00,
    0x00, 0x03, 0xFF, 0xFF, 0xFF, 0xFF, 0xFC, 0x00, 0x00,
    0x00, 0x03, 0xFF, 0xFF, 0xFF, 0xFF, 0xFE, 0x00, 0x00,
    0x00, 0x03, 0xFF, 0xFF, 0xFF, 0xFF, 0xFF, 0x00, 0x00,
    0x00, 0x03, 0xFF, 0xFF, 0xFF, 0xFF, 0xFF, 0x80, 0x00,
    0x00, 0x03, 0xFF, 0xFF, 0xFF, 0xFF, 0xFF, 0x80, 0x00,
    0x00, 0x03, 0xFF, 0xFF, 0xFF, 0xFF, 0xFF, 0x80, 0x00,
    0x00, 0x01, 0xFF, 0xFF, 0xFF, 0xFF, 0xFF, 0x80, 0x00,
    0x00, 0x00, 0xFF, 0xFF, 0xFF, 0xFF, 0xFF, 0x80, 0x00,
    0x00, 0x00, 0x7F, 0xFF, 0xFF, 0xFF, 0xFF, 0x80, 0x00,
    0x00, 0x00, 0x3F, 0xFF, 0xFF, 0xFF, 0xFF, 0x80, 0x00,
    0x00, 0x00, 0x1F, 0xFF, 0xFF, 0xFF, 0xFF, 0x80, 0x00,
    0x00, 0x00, 0x0F, 0xFF, 0xFF, 0xFF, 0xFF, 0x80, 0x00,
    0x00, 0x00, 0x07, 0xFF, 0xFF, 0xFF, 0xFF, 0x80, 0x00,
    0x00, 0x00, 0x00, 0x00, 0x00, 0x00, 0xFF, 0x80, 0x00,
    0x00, 0x00, 0x00, 0x00, 0x00, 0x00, 0x7F, 0x80, 0x00,
    0x00, 0x00, 0x00, 0x00, 0x00, 0x00, 0x3F, 0x80, 0x00,
    0x00, 0x00, 0x00, 0x00, 0x00, 0x00, 0x1F, 0x80, 0x00,
    0x00, 0x03, 0xFF, 0xFF, 0xFF, 0xFC, 0x0F, 0x80, 0x00,
    0x00, 0x03, 0xFF, 0xFF, 0xFF, 0xFE, 0x00, 0x00, 0x00,
    0x00, 0x03, 0xFF, 0xFF, 0xFF, 0xFF, 0x00, 0x00, 0x00,
    0x00, 0x03, 0xFF, 0xFF, 0xFF, 0xFF, 0x80, 0x00, 0x00,
    0x00, 0x03, 0xFF, 0xFF, 0xFF, 0xFF, 0xC0, 0x00, 0x00,
    0x00, 0x03, 0xFF, 0xFF, 0xFF, 0xFF, 0xE0, 0x00, 0x00,
    0x00, 0x01, 0xFF, 0xFF, 0xFF, 0xFF, 0xF0, 0x00, 0x00,
    0x00, 0x00, 0xFF, 0xFF, 0xFF, 0xFF, 0xF8, 0x00, 0x00,
    0x00, 0x00, 0x7F, 0xFF, 0xFF, 0xFF, 0xFC, 0x00, 0x00,
    0x00, 0x00, 0x3F, 0xFF, 0xFF, 0xFF, 0xFE, 0x00, 0x00,
    0x00, 0x00, 0x1F, 0xFF, 0xFF, 0xFF, 0xFF, 0x00, 0x00,
    0x00, 0x00, 0x0F, 0xFF, 0xFF, 0xFF, 0xFF, 0x80, 0x00,
    0x00, 0x00, 0x07, 0xFF, 0xFF, 0xFF, 0xFF, 0x80, 0x00,
    0x00, 0x00, 0x03, 0xFF, 0xFF, 0xFF, 0xFF, 0x80, 0x00,
    0x00, 0x00, 0x00, 0x00, 0x00, 0x00, 0x00, 0x00, 0x00,
    0x00, 0x00, 0x00, 0x00, 0x00, 0x00, 0x00, 0x00, 0x00,
    0x00, 0x00, 0x00, 0x00, 0x00, 0x00, 0x00, 0x00, 0x00,
    0x00, 0x00, 0x00, 0x00, 0x00, 0x00, 0x00, 0x00, 0x00,
    0x00, 0x00, 0x00, 0x00, 0x00, 0x00, 0x00, 0x00, 0x00,
    0x00, 0x00, 0x00, 0x00, 0x00, 0x00, 0x00, 0x00, 0x00,
    0x00, 0x00, 0x00, 0x00, 0x00, 0x00, 0x00, 0x00, 0x00,
    0x00, 0x00, 0x00, 0x00, 0x00, 0x00, 0x00, 0x00, 0x00,
    0x00, 0x00, 0x00, 0x00, 0x00, 0x00, 0x00, 0x00, 0x00,
    0x00, 0x00, 0x00, 0x00, 0x00, 0x00, 0x00, 0x00, 0x00,
    0x00, 0x00, 0x00, 0x00, 0x00, 0x00, 0x00, 0x00, 0x00,
    0x00, 0x00, 0x00, 0x00, 0x00, 0x00, 0x00, 0x00, 0x00,
};

// 字符: 'd' (0x0064)
const uint8_t saiba_72_char_0064[648] = {
    0x00, 0x00, 0x00, 0x00, 0x00, 0x00, 0x00, 0x00, 0x00,
    0x00, 0x00, 0x00, 0x00, 0x00, 0x00, 0x00, 0x00, 0x00,
    0x00, 0x00, 0x00, 0x00, 0x00, 0x00, 0x00, 0x00, 0x00,
    0x00, 0x00, 0x00, 0x00, 0x00, 0x00, 0x00, 0x00, 0x00,
    0x00, 0x00, 0x00, 0x00, 0x00, 0x00, 0x00, 0x00, 0x00,
    0x00, 0x00, 0x00, 0x00, 0x00, 0x00, 0x00, 0x00, 0x00,
    0x00, 0x00, 0x00, 0x00, 0x00, 0x00, 0x00, 0x00, 0x00,
    0x00, 0x00, 0x00, 0x00, 0x00, 0x00, 0x00, 0x00, 0x00,
    0x00, 0x00, 0x00, 0x00, 0x00, 0x00, 0x00, 0x00, 0x00,
    0x00, 0x00, 0x00, 0x00, 0x00, 0x00, 0x00, 0x00, 0x00,
    0x00, 0x03, 0xFF, 0xFF, 0xFF, 0xF8, 0x00, 0x00, 0x00,
    0x00, 0x03, 0xFF, 0xFF, 0xFF, 0xFC, 0x00, 0x00, 0x00,
    0x00, 0x03, 0xFF, 0xFF, 0xFF, 0xFE, 0x00, 0x00, 0x00,
    0x00, 0x03, 0xFF, 0xFF, 0xFF, 0xFF, 0x00, 0x00, 0x00,
    0x00, 0x03, 0xFF, 0xFF, 0xFF, 0xFF, 0x80, 0x00, 0x00,
    0x00, 0x03, 0xFF, 0xFF, 0xFF, 0xFF, 0xC0, 0x00, 0x00,
    0x00, 0x03, 0xFF, 0xFF, 0xFF, 0xFF, 0xE0, 0x00, 0x00,
    0x00, 0x03, 0xFF, 0xFF, 0xFF, 0xFF, 0xF0, 0x00, 0x00,
    0x00, 0x03, 0xFF, 0xFF, 0xFF, 0xFF, 0xF8, 0x00, 0x00,
    0x00, 0x03, 0xFF, 0xFF, 0xFF, 0xFF, 0xFC, 0x00, 0x00,
    0x00, 0x03, 0xFF, 0xFF, 0xFF, 0xFF, 0xFE, 0x00, 0x00,
    0x00, 0x03, 0xFF, 0xFF, 0xFF, 0xFF, 0xFF, 0x00, 0x00,
    0x00, 0x03, 0xFF, 0xFF, 0xFF, 0xFF, 0xFF, 0x80, 0x00,
    0x00, 0x03, 0xFF, 0x80, 0x01, 0xFF, 0xFF, 0x80, 0x00,
    0x00, 0x03, 0xFF, 0xC0, 0x00, 0xFF, 0xFF, 0x80, 0x00,
    0x00, 0x03, 0xFF, 0xE0, 0x00, 0x7F, 0xFF, 0x80, 0x00,
    0x00, 0x03, 0xFF, 0xE0, 0x00, 0x3F, 0xFF, 0x80, 0x00,
    0x00, 0x03, 0xFF, 0xE0, 0x00, 0x1F, 0xFF, 0x80, 0x00,
    0x00, 0x03, 0xFF, 0xE0, 0x00, 0x0F, 0xFF, 0x80, 0x00,
    0x00, 0x03, 0xFF, 0xE0, 0x00, 0x0F, 0xFF, 0x80, 0x00,
    0x00, 0x03, 0xFF, 0xE0, 0x00, 0x0F, 0xFF, 0x80, 0x00,
    0x00, 0x03, 0xFF, 0xE0, 0x00, 0x0F, 0xFF, 0x80, 0x00,
    0x00, 0x03, 0xFF, 0xE0, 0x00, 0x0F, 0xFF, 0x80, 0x00,
    0x00, 0x03, 0xFF, 0xE0, 0x00, 0x0F, 0xFF, 0x80, 0x00,
    0x00, 0x03, 0xFF, 0xE0, 0x00, 0x0F, 0xFF, 0x80, 0x00,
    0x00, 0x03, 0xFF, 0xE0, 0x00, 0x0F, 0xFF, 0x80, 0x00,
    0x00, 0x03, 0xFF, 0xE0, 0x00, 0x0F, 0xFF, 0x80, 0x00,
    0x00, 0x03, 0xFF, 0xE0, 0x00, 0x0F, 0xFF, 0x80, 0x00,
    0x00, 0x03, 0xFF, 0xE0, 0x00, 0x0F, 0xFF, 0x80, 0x00,
    0x00, 0x03, 0xFF, 0xE0, 0x00, 0x0F, 0xFF, 0x80, 0x00,
    0x00, 0x03, 0xFF, 0xE0, 0x00, 0x0F, 0xFF, 0x80, 0x00,
    0x00, 0x03, 0xFF, 0xE0, 0x00, 0x0F, 0xFF, 0x80, 0x00,
    0x00, 0x03, 0xFF, 0xE0, 0x00, 0x0F, 0xFF, 0x80, 0x00,
    0x00, 0x03, 0xFF, 0xE0, 0x00, 0x0F, 0xFF, 0x80, 0x00,
    0x00, 0x03, 0xFF, 0xE0, 0x00, 0x0F, 0xFF, 0x80, 0x00,
    0x00, 0x03, 0xFF, 0xE0, 0x00, 0x0F, 0xFF, 0x80, 0x00,
    0x00, 0x03, 0xFF, 0xE0, 0x00, 0x0F, 0xFF, 0x80, 0x00,
    0x00, 0x03, 0xFF, 0xE1, 0xFF, 0xFF, 0xFF, 0x80, 0x00,
    0x00, 0x03, 0xFF, 0xE1, 0xFF, 0xFF, 0xFF, 0x80, 0x00,
    0x00, 0x03, 0xFF, 0xE1, 0xFF, 0xFF, 0xFF, 0x80, 0x00,
    0x00, 0x03, 0xFF, 0xE1, 0xFF, 0xFF, 0xFF, 0x80, 0x00,
    0x00, 0x03, 0xFF, 0xE1, 0xFF, 0xFF, 0xFF, 0x80, 0x00,
    0x00, 0x03, 0xFF, 0xE1, 0xFF, 0xFF, 0xFF, 0x80, 0x00,
    0x00, 0x03, 0xFF, 0xE0, 0xFF, 0xFF, 0xFF, 0x80, 0x00,
    0x00, 0x03, 0xFF, 0xE0, 0x7F, 0xFF, 0xFF, 0x80, 0x00,
    0x00, 0x01, 0xFF, 0xF0, 0x3F, 0xFF, 0xFF, 0x80, 0x00,
    0x00, 0x00, 0xFF, 0xF8, 0x1F, 0xFF, 0xFF, 0x80, 0x00,
    0x00, 0x00, 0x7F, 0xFC, 0x0F, 0xFF, 0xFF, 0x80, 0x00,
    0x00, 0x00, 0x3F, 0xFE, 0x07, 0xFF, 0xFF, 0x80, 0x00,
    0x00, 0x00, 0x1F, 0xFF, 0x03, 0xFF, 0xFF, 0x80, 0x00,
    0x00, 0x00, 0x00, 0x00, 0x00, 0x00, 0x00, 0x00, 0x00,
    0x00, 0x00, 0x00, 0x00, 0x00, 0x00, 0x00, 0x00, 0x00,
    0x00, 0x00, 0x00, 0x00, 0x00, 0x00, 0x00, 0x00, 0x00,
    0x00, 0x00, 0x00, 0x00, 0x00, 0x00, 0x00, 0x00, 0x00,
    0x00, 0x00, 0x00, 0x00, 0x00, 0x00, 0x00, 0x00, 0x00,
    0x00, 0x00, 0x00, 0x00, 0x00, 0x00, 0x00, 0x00, 0x00,
    0x00, 0x00, 0x00, 0x00, 0x00, 0x00, 0x00, 0x00, 0x00,
    0x00, 0x00, 0x00, 0x00, 0x00, 0x00, 0x00, 0x00, 0x00,
    0x00, 0x00, 0x00, 0x00, 0x00, 0x00, 0x00, 0x00, 0x00,
    0x00, 0x00, 0x00, 0x00, 0x00, 0x00, 0x00, 0x00, 0x00,
    0x00, 0x00, 0x00, 0x00, 0x00, 0x00, 0x00, 0x00, 0x00,
    0x00, 0x00, 0x00, 0x00, 0x00, 0x00, 0x00, 0x00, 0x00,
};

// 字符: 'f' (0x0066)
const uint8_t saiba_72_char_0066[648] = {
    0x00, 0x00, 0x00, 0x00, 0x00, 0x00, 0x00, 0x00, 0x00,
    0x00, 0x00, 0x00, 0x00, 0x00, 0x00, 0x00, 0x00, 0x00,
    0x00, 0x00, 0x00, 0x00, 0x00, 0x00, 0x00, 0x00, 0x00,
    0x00, 0x00, 0x00, 0x00, 0x00, 0x00, 0x00, 0x00, 0x00,
    0x00, 0x00, 0x00, 0x00, 0x00, 0x00, 0x00, 0x00, 0x00,
    0x00, 0x00, 0x00, 0x00, 0x00, 0x00, 0x00, 0x00, 0x00,
    0x00, 0x00, 0x00, 0x00, 0x00, 0x00, 0x00, 0x00, 0x00,
    0x00, 0x00, 0x00, 0x00, 0x00, 0x00, 0x00, 0x00, 0x00,
    0x00, 0x00, 0x00, 0x00, 0x00, 0x00, 0x00, 0x00, 0x00,
    0x00, 0x00, 0x00, 0x00, 0x00, 0x00, 0x00, 0x00, 0x00,
    0x00, 0x03, 0xFF, 0xF0, 0x3F, 0xFF, 0xF0, 0x00, 0x00,
    0x00, 0x03, 0xFF, 0xF8, 0x1F, 0xFF, 0xF8, 0x00, 0x00,
    0x00, 0x03, 0xFF, 0xFC, 0x0F, 0xFF, 0xFC, 0x00, 0x00,
    0x00, 0x03, 0xFF, 0xFE, 0x07, 0xFF, 0xFE, 0x00, 0x00,
    0x00, 0x03, 0xFF, 0xFF, 0x03, 0xFF, 0xFF, 0x00, 0x00,
    0x00, 0x03, 0xFF, 0xFF, 0x81, 0xFF, 0xFF, 0x80, 0x00,
    0x00, 0x03, 0xFF, 0xFF, 0xC0, 0xFF, 0xFF, 0x80, 0x00,
    0x00, 0x03, 0xFF, 0xFF, 0xE0, 0x7F, 0xFF, 0x80, 0x00,
    0x00, 0x03, 0xFF, 0xFF, 0xF0, 0x3F, 0xFF, 0x80, 0x00,
    0x00, 0x03, 0xFF, 0xFF, 0xF8, 0x1F, 0xFF, 0x80, 0x00,
    0x00, 0x03, 0xFF, 0xFF, 0xFC, 0x0F, 0xFF, 0x80, 0x00,
    0x00, 0x03, 0xFF, 0xFF, 0xFE, 0x07, 0xFF, 0x80, 0x00,
    0x00, 0x03, 0xFF, 0xFF, 0xFF, 0x03, 0xFF, 0x80, 0x00,
    0x00, 0x03, 0xFF, 0xF0, 0x00, 0x01, 0xFF, 0x80, 0x00,
    0x00, 0x03, 0xFF, 0xF8, 0x00, 0x00, 0xFF, 0x80, 0x00,
    0x00, 0x03, 0xFF, 0xFC, 0x00, 0x00, 0x7F, 0x80, 0x00,
    0x00, 0x03, 0xFF, 0xFE, 0x00, 0x00, 0x3F, 0x80, 0x00,
    0x00, 0x03, 0xFF, 0xFF, 0x00, 0x00, 0x1F, 0x80, 0x00,
    0x00, 0x03, 0xFF, 0xFF, 0x80, 0x00, 0x0F, 0x80, 0x00,
    0x00, 0x03, 0xFF, 0xFF, 0xFF, 0xFC, 0x00, 0x00, 0x00,
    0x00, 0x03, 0xFF, 0xFF, 0xFF, 0xFE, 0x00, 0x00, 0x00,
    0x00, 0x03, 0xFF, 0xFF, 0xFF, 0xFF, 0x00, 0x00, 0x00,
    0x00, 0x03, 0xFF, 0xFF, 0xFF, 0xFF, 0x80, 0x00, 0x00,
    0x00, 0x03, 0xFF, 0xFF, 0xFF, 0xFF, 0xC0, 0x00, 0x00,
    0x00, 0x03, 0xFF, 0xFF, 0xFF, 0xFF, 0xE0, 0x00, 0x00,
    0x00, 0x03, 0xFF, 0xFF, 0xFF, 0xFF, 0xF0, 0x00, 0x00,
    0x00, 0x03, 0xFF, 0xFF, 0xFF, 0xFF, 0xF0, 0x00, 0x00,
    0x00, 0x03, 0xFF, 0xFF, 0xFF, 0xFF, 0xF0, 0x00, 0x00,
    0x00, 0x03, 0xFF, 0xFF, 0xFF, 0xFF, 0xF0, 0x00, 0x00,
    0x00, 0x03, 0xFF, 0xFF, 0xFF, 0xFF, 0xF0, 0x00, 0x00,
    0x00, 0x03, 0xFF, 0xFF, 0xFF, 0xFF, 0xF0, 0x00, 0x00,
    0x00, 0x03, 0xFF, 0xFF, 0xFF, 0xFF, 0xF0, 0x00, 0x00,
    0x00, 0x03, 0xFF, 0xF8, 0x00, 0x00, 0x00, 0x00, 0x00,
    0x00, 0x03, 0xFF, 0xFC, 0x00, 0x00, 0x00, 0x00, 0x00,
    0x00, 0x03, 0xFF, 0xFE, 0x00, 0x00, 0x00, 0x00, 0x00,
    0x00, 0x03, 0xFF, 0xFF, 0x00, 0x00, 0x00, 0x00, 0x00,
    0x00, 0x03, 0xFF, 0xFF, 0x80, 0x00, 0x00, 0x00, 0x00,
    0x00, 0x03, 0xFF, 0xFF, 0x80, 0x00, 0x00, 0x00, 0x00,
    0x00, 0x03, 0xFF, 0xFF, 0x80, 0x00, 0x00, 0x00, 0x00,
    0x00, 0x03, 0xFF, 0xFF, 0x80, 0x00, 0x00, 0x00, 0x00,
    0x00, 0x03, 0xFF, 0xFF, 0x80, 0x00, 0x00, 0x00, 0x00,
    0x00, 0x03, 0xFF, 0xFF, 0x80, 0x00, 0x00, 0x00, 0x00,
    0x00, 0x03, 0xFF, 0xFF, 0x80, 0x00, 0x00, 0x00, 0x00,
    0x00, 0x03, 0xFF, 0xFF, 0x80, 0x00, 0x00, 0x00, 0x00,
    0x00, 0x03, 0xFF, 0xFF, 0x80, 0x00, 0x00, 0x00, 0x00,
    0x00, 0x01, 0xFF, 0xFF, 0x80, 0x00, 0x00, 0x00, 0x00,
    0x00, 0x00, 0xFF, 0xFF, 0x80, 0x00, 0x00, 0x00, 0x00,
    0x00, 0x00, 0x7F, 0xFF, 0x80, 0x00, 0x00, 0x00, 0x00,
    0x00, 0x00, 0x3F, 0xFF, 0x80, 0x00, 0x00, 0x00, 0x00,
    0x00, 0x00, 0x1F, 0xFF, 0x80, 0x00, 0x00, 0x00, 0x00,
    0x00, 0x00, 0x00, 0x00, 0x00, 0x00, 0x00, 0x00, 0x00,
    0x00, 0x00, 0x00, 0x00, 0x00, 0x00, 0x00, 0x00, 0x00,
    0x00, 0x00, 0x00, 0x00, 0x00, 0x00, 0x00, 0x00, 0x00,
    0x00, 0x00, 0x00, 0x00, 0x00, 0x00, 0x00, 0x00, 0x00,
    0x00, 0x00, 0x00, 0x00, 0x00, 0x00, 0x00, 0x00, 0x00,
    0x00, 0x00, 0x00, 0x00, 0x00, 0x00, 0x00, 0x00, 0x00,
    0x00, 0x00, 0x00, 0x00, 0x00, 0x00, 0x00, 0x00, 0x00,
    0x00, 0x00, 0x00, 0x00, 0x00, 0x00, 0x00, 0x00, 0x00,
    0x00, 0x00, 0x00, 0x00, 0x00, 0x00, 0x00, 0x00, 0x00,
    0x00, 0x00, 0x00, 0x00, 0x00, 0x00, 0x00, 0x00, 0x00,
    0x00, 0x00, 0x00, 0x00, 0x00, 0x00, 0x00, 0x00, 0x00,
    0x00, 0x00, 0x00, 0x00, 0x00, 0x00, 0x00, 0x00, 0x00,
};

// 字符: 'g' (0x0067)
const uint8_t saiba_72_char_0067[648] = {
    0x00, 0x00, 0x00, 0x00, 0x00, 0x00, 0x00, 0x00, 0x00,
    0x00, 0x00, 0x00, 0x00, 0x00, 0x00, 0x00, 0x00, 0x00,
    0x00, 0x00, 0x00, 0x00, 0x00, 0x00, 0x00, 0x00, 0x00,
    0x00, 0x00, 0x00, 0x00, 0x00, 0x00, 0x00, 0x00, 0x00,
    0x00, 0x00, 0x00, 0x00, 0x00, 0x00, 0x00, 0x00, 0x00,
    0x00, 0x00, 0x00, 0x00, 0x00, 0x00, 0x00, 0x00, 0x00,
    0x00, 0x00, 0x00, 0x00, 0x00, 0x00, 0x00, 0x00, 0x00,
    0x00, 0x00, 0x00, 0x00, 0x00, 0x00, 0x00, 0x00, 0x00,
    0x00, 0x00, 0x00, 0x00, 0x00, 0x00, 0x00, 0x00, 0x00,
    0x00, 0x00, 0x00, 0x00, 0x00, 0x00, 0x00, 0x00, 0x00,
    0x00, 0x03, 0xFF, 0xFF, 0xFF, 0xFF, 0xF8, 0x00, 0x00,
    0x00, 0x03, 0xFF, 0xFF, 0xFF, 0xFF, 0xFC, 0x00, 0x00,
    0x00, 0x03, 0xFF, 0xFF, 0xFF, 0xFF, 0xFE, 0x00, 0x00,
    0x00, 0x03, 0xFF, 0xFF, 0xFF, 0xFF, 0xFF, 0x00, 0x00,
    0x00, 0x03, 0xFF, 0xFF, 0xFF, 0xFF, 0xFF, 0x80, 0x00,
    0x00, 0x03, 0xFF, 0xFF, 0xFF, 0xFF, 0xFF, 0x80, 0x00,
    0x00, 0x03, 0xFF, 0xFF, 0xFF, 0xFF, 0xFF, 0x80, 0x00,
    0x00, 0x03, 0xFF, 0xFF, 0xFF, 0xFF, 0xFF, 0x80, 0x00,
    0x00, 0x03, 0xFF, 0xFF, 0xFF, 0xFF, 0xFF, 0x80, 0x00,
    0x00, 0x03, 0xFF, 0xFF, 0xFF, 0xFF, 0xFF, 0x80, 0x00,
    0x00, 0x03, 0xFF, 0xFF, 0xFF, 0xFF, 0xFF, 0x80, 0x00,
    0x00, 0x03, 0xFF, 0xFF, 0xFF, 0xFF, 0xFF, 0x80, 0x00,
    0x00, 0x03, 0xFF, 0xFF, 0xFF, 0xFF, 0xFF, 0x80, 0x00,
    0x00, 0x03, 0xFF, 0x80, 0x00, 0x01, 0xFF, 0x80, 0x00,
    0x00, 0x03, 0xFF, 0xC0, 0x00, 0x00, 0xFF, 0x80, 0x00,
    0x00, 0x03, 0xFF, 0xE0, 0x00, 0x00, 0x7F, 0x80, 0x00,
    0x00, 0x03, 0xFF, 0xE0, 0x00, 0x00, 0x3F, 0x80, 0x00,
    0x00, 0x03, 0xFF, 0xE0, 0x00, 0x00, 0x1F, 0x80, 0x00,
    0x00, 0x03, 0xFF, 0xE0, 0x00, 0x00, 0x0F, 0x80, 0x00,
    0x00, 0x03, 0xFF, 0xE0, 0x3F, 0xFE, 0x00, 0x00, 0x00,
    0x00, 0x03, 0xFF, 0xE0, 0x3F, 0xFF, 0x00, 0x00, 0x00,
    0x00, 0x03, 0xFF, 0xE0, 0x3F, 0xFF, 0x80, 0x00, 0x00,
    0x00, 0x03, 0xFF, 0xE0, 0x3F, 0xFF, 0xC0, 0x00, 0x00,
    0x00, 0x03, 0xFF, 0xE0, 0x3F, 0xFF, 0xE0, 0x00, 0x00,
    0x00, 0x03, 0xFF, 0xE0, 0x1F, 0xFF, 0xF0, 0x00, 0x00,
    0x00, 0x03, 0xFF, 0xE0, 0x0F, 0xFF, 0xF8, 0x00, 0x00,
    0x00, 0x03, 0xFF, 0xE0, 0x07, 0xFF, 0xFC, 0x00, 0x00,
    0x00, 0x03, 0xFF, 0xE0, 0x03, 0xFF, 0xFE, 0x00, 0x00,
    0x00, 0x03, 0xFF, 0xE0, 0x01, 0xFF, 0xFF, 0x00, 0x00,
    0x00, 0x03, 0xFF, 0xE0, 0x00, 0xFF, 0xFF, 0x80, 0x00,
    0x00, 0x03, 0xFF, 0xE0, 0x00, 0x7F, 0xFF, 0x80, 0x00,
    0x00, 0x03, 0xFF, 0xE0, 0x00, 0x3F, 0xFF, 0x80, 0x00,
    0x00, 0x03, 0xFF, 0xE0, 0x00, 0x1F, 0xFF, 0x80, 0x00,
    0x00, 0x03, 0xFF, 0xE0, 0x00, 0x0F, 0xFF, 0x80, 0x00,
    0x00, 0x03, 0xFF, 0xE0, 0x00, 0x0F, 0xFF, 0x80, 0x00,
    0x00, 0x03, 0xFF, 0xF0, 0x00, 0x0F, 0xFF, 0x80, 0x00,
    0x00, 0x03, 0xFF, 0xF8, 0x00, 0x0F, 0xFF, 0x80, 0x00,
    0x00, 0x03, 0xFF, 0xFF, 0x80, 0x0F, 0xFF, 0x80, 0x00,
    0x00, 0x03, 0xFF, 0xFF, 0xC0, 0x0F, 0xFF, 0x80, 0x00,
    0x00, 0x03, 0xFF, 0xFF, 0xE0, 0x0F, 0xFF, 0x80, 0x00,
    0x00, 0x03, 0xFF, 0xFF, 0xF0, 0x0F, 0xFF, 0x80, 0x00,
    0x00, 0x03, 0xFF, 0xFF, 0xF8, 0x0F, 0xFF, 0x80, 0x00,
    0x00, 0x03, 0xFF, 0xFF, 0xFC, 0x0F, 0xFF, 0x80, 0x00,
    0x00, 0x03, 0xFF, 0xFF, 0xFE, 0x0F, 0xFF, 0x80, 0x00,
    0x00, 0x03, 0xFF, 0xFF, 0xFE, 0x0F, 0xFF, 0x80, 0x00,
    0x00, 0x01, 0xFF, 0xFF, 0xFE, 0x0F, 0xFF, 0x80, 0x00,
    0x00, 0x00, 0xFF, 0xFF, 0xFE, 0x0F, 0xFF, 0x80, 0x00,
    0x00, 0x00, 0x7F, 0xFF, 0xFE, 0x0F, 0xFF, 0x80, 0x00,
    0x00, 0x00, 0x3F, 0xFF, 0xFE, 0x0F, 0xFF, 0x80, 0x00,
    0x00, 0x00, 0x1F, 0xFF, 0xFE, 0x0F, 0xFF, 0x80, 0x00,
    0x00, 0x00, 0x00, 0x00, 0x00, 0x00, 0x00, 0x00, 0x00,
    0x00, 0x00, 0x00, 0x00, 0x00, 0x00, 0x00, 0x00, 0x00,
    0x00, 0x00, 0x00, 0x00, 0x00, 0x00, 0x00, 0x00, 0x00,
    0x00, 0x00, 0x00, 0x00, 0x00, 0x00, 0x00, 0x00, 0x00,
    0x00, 0x00, 0x00, 0x00, 0x00, 0x00, 0x00, 0x00, 0x00,
    0x00, 0x00, 0x00, 0x00, 0x00, 0x00, 0x00, 0x00, 0x00,
    0x00, 0x00, 0x00, 0x00, 0x00, 0x00, 0x00, 0x00, 0x00,
    0x00, 0x00, 0x00, 0x00, 0x00, 0x00, 0x00, 0x00, 0x00,
    0x00, 0x00, 0x00, 0x00, 0x00, 0x00, 0x00, 0x00, 0x00,
    0x00, 0x00, 0x00, 0x00, 0x00, 0x00, 0x00, 0x00, 0x00,
    0x00, 0x00, 0x00, 0x00, 0x00, 0x00, 0x00, 0x00, 0x00,
    0x00, 0x00, 0x00, 0x00, 0x00, 0x00, 0x00, 0x00, 0x00,
};

// 字符: 'h' (0x0068)
const uint8_t saiba_72_char_0068[648] = {
    0x00, 0x00, 0x00, 0x00, 0x00, 0x00, 0x00, 0x00, 0x00,
    0x00, 0x00, 0x00, 0x00, 0x00, 0x00, 0x00, 0x00, 0x00,
    0x00, 0x00, 0x00, 0x00, 0x00, 0x00, 0x00, 0x00, 0x00,
    0x00, 0x00, 0x00, 0x00, 0x00, 0x00, 0x00, 0x00, 0x00,
    0x00, 0x00, 0x00, 0x00, 0x00, 0x00, 0x00, 0x00, 0x00,
    0x00, 0x00, 0x00, 0x00, 0x00, 0x00, 0x00, 0x00, 0x00,
    0x00, 0x00, 0x00, 0x00, 0x00, 0x00, 0x00, 0x00, 0x00,
    0x00, 0x00, 0x00, 0x00, 0x00, 0x00, 0x00, 0x00, 0x00,
    0x00, 0x00, 0x00, 0x00, 0x00, 0x00, 0x00, 0x00, 0x00,
    0x00, 0x00, 0x00, 0x00, 0x00, 0x00, 0x00, 0x00, 0x00,
    0x00, 0x03, 0xF8, 0x00, 0x07, 0xFF, 0xF0, 0x00, 0x00,
    0x00, 0x03, 0xFC, 0x00, 0x07, 0xFF, 0xF8, 0x00, 0x00,
    0x00, 0x03, 0xFE, 0x00, 0x07, 0xFF, 0xFC, 0x00, 0x00,
    0x00, 0x03, 0xFF, 0x00, 0x07, 0xFF, 0xFE, 0x00, 0x00,
    0x00, 0x03, 0xFF, 0x80, 0x07, 0xFF, 0xFF, 0x00, 0x00,
    0x00, 0x03, 0xFF, 0xC0, 0x07, 0xFF, 0xFF, 0x80, 0x00,
    0x00, 0x03, 0xFF, 0xE0, 0x03, 0xFF, 0xFF, 0x80, 0x00,
    0x00, 0x03, 0xFF, 0xE0, 0x01, 0xFF, 0xFF, 0x80, 0x00,
    0x00, 0x03, 0xFF, 0xE0, 0x00, 0xFF, 0xFF, 0x80, 0x00,
    0x00, 0x03, 0xFF, 0xE0, 0x00, 0x7F, 0xFF, 0x80, 0x00,
    0x00, 0x03, 0xFF, 0xE0, 0x00, 0x3F, 0xFF, 0x80, 0x00,
    0x00, 0x03, 0xFF, 0xE0, 0x00, 0x1F, 0xFF, 0x80, 0x00,
    0x00, 0x03, 0xFF, 0xE0, 0x00, 0x0F, 0xFF, 0x80, 0x00,
    0x00, 0x03, 0xFF, 0xE0, 0x00, 0x07, 0xFF, 0x80, 0x00,
    0x00, 0x03, 0xFF, 0xE0, 0x00, 0x03, 0xFF, 0x80, 0x00,
    0x00, 0x03, 0xFF, 0xE0, 0x00, 0x01, 0xFF, 0x80, 0x00,
    0x00, 0x03, 0xFF, 0xE0, 0x00, 0x00, 0xFF, 0x80, 0x00,
    0x00, 0x03, 0xFF, 0xE0, 0x00, 0x00, 0x7F, 0x80, 0x00,
    0x00, 0x03, 0xFF, 0xFF, 0xFF, 0xF0, 0x3F, 0x80, 0x00,
    0x00, 0x03, 0xFF, 0xFF, 0xFF, 0xF8, 0x1F, 0x80, 0x00,
    0x00, 0x03, 0xFF, 0xFF, 0xFF, 0xFC, 0x0F, 0x80, 0x00,
    0x00, 0x03, 0xFF, 0xFF, 0xFF, 0xFE, 0x07, 0x80, 0x00,
    0x00, 0x03, 0xFF, 0xFF, 0xFF, 0xFF, 0x00, 0x00, 0x00,
    0x00, 0x03, 0xFF, 0xFF, 0xFF, 0xFF, 0x80, 0x00, 0x00,
    0x00, 0x03, 0xFF, 0xFF, 0xFF, 0xFF, 0xC0, 0x00, 0x00,
    0x00, 0x03, 0xFF, 0xFF, 0xFF, 0xFF, 0xE0, 0x00, 0x00,
    0x00, 0x03, 0xFF, 0xFF, 0xFF, 0xFF, 0xF0, 0x00, 0x00,
    0x00, 0x03, 0xFF, 0xFF, 0xFF, 0xFF, 0xF8, 0x00, 0x00,
    0x00, 0x03, 0xFF, 0xFF, 0xFF, 0xFF, 0xFC, 0x00, 0x00,
    0x00, 0x03, 0xFF, 0xFF, 0xFF, 0xFF, 0xFE, 0x00, 0x00,
    0x00, 0x03, 0xFF, 0xEF, 0xFF, 0xFF, 0xFF, 0x00, 0x00,
    0x00, 0x03, 0xFF, 0xE7, 0xFF, 0xFF, 0xFF, 0x80, 0x00,
    0x00, 0x03, 0xFF, 0xE0, 0x00, 0x3F, 0xFF, 0x80, 0x00,
    0x00, 0x03, 0xFF, 0xE0, 0x00, 0x1F, 0xFF, 0x80, 0x00,
    0x00, 0x03, 0xFF, 0xE0, 0x00, 0x0F, 0xFF, 0x80, 0x00,
    0x00, 0x03, 0xFF, 0xE0, 0x00, 0x0F, 0xFF, 0x80, 0x00,
    0x00, 0x03, 0xFF, 0xE0, 0x00, 0x0F, 0xFF, 0x80, 0x00,
    0x00, 0x03, 0xFF, 0xF0, 0x00, 0x0F, 0xFF, 0x80, 0x00,
    0x00, 0x03, 0xFF, 0xF8, 0x00, 0x0F, 0xFF, 0x80, 0x00,
    0x00, 0x03, 0xFF, 0xFC, 0x00, 0x0F, 0xFF, 0x80, 0x00,
    0x00, 0x03, 0xFF, 0xFE, 0x00, 0x0F, 0xFF, 0x80, 0x00,
    0x00, 0x03, 0xFF, 0xFF, 0x00, 0x0F, 0xFF, 0x80, 0x00,
    0x00, 0x03, 0xFF, 0xFF, 0x80, 0x0F, 0xFF, 0x80, 0x00,
    0x00, 0x03, 0xFF, 0xFF, 0xC0, 0x0F, 0xFF, 0x80, 0x00,
    0x00, 0x03, 0xFF, 0xFF, 0xC0, 0x07, 0xFF, 0x80, 0x00,
    0x00, 0x01, 0xFF, 0xFF, 0xC0, 0x03, 0xFF, 0x80, 0x00,
    0x00, 0x00, 0xFF, 0xFF, 0xC0, 0x01, 0xFF, 0x80, 0x00,
    0x00, 0x00, 0x7F, 0xFF, 0xC0, 0x00, 0xFF, 0x80, 0x00,
    0x00, 0x00, 0x3F, 0xFF, 0xC0, 0x00, 0x7F, 0x80, 0x00,
    0x00, 0x00, 0x1F, 0xFF, 0xC0, 0x00, 0x3F, 0x80, 0x00,
    0x00, 0x00, 0x00, 0x00, 0x00, 0x00, 0x00, 0x00, 0x00,
    0x00, 0x00, 0x00, 0x00, 0x00, 0x00, 0x00, 0x00, 0x00,
    0x00, 0x00, 0x00, 0x00, 0x00, 0x00, 0x00, 0x00, 0x00,
    0x00, 0x00, 0x00, 0x00, 0x00, 0x00, 0x00, 0x00, 0x00,
    0x00, 0x00, 0x00, 0x00, 0x00, 0x00, 0x00, 0x00, 0x00,
    0x00, 0x00, 0x00, 0x00, 0x00, 0x00, 0x00, 0x00, 0x00,
    0x00, 0x00, 0x00, 0x00, 0x00, 0x00, 0x00, 0x00, 0x00,
    0x00, 0x00, 0x00, 0x00, 0x00, 0x00, 0x00, 0x00, 0x00,
    0x00, 0x00, 0x00, 0x00, 0x00, 0x00, 0x00, 0x00, 0x00,
    0x00, 0x00, 0x00, 0x00, 0x00, 0x00, 0x00, 0x00, 0x00,
    0x00, 0x00, 0x00, 0x00, 0x00, 0x00, 0x00, 0x00, 0x00,
    0x00, 0x00, 0x00, 0x00, 0x00, 0x00, 0x00, 0x00, 0x00,
};

// 字符: 'j' (0x006A)
const uint8_t saiba_72_char_006A[648] = {
    0x00, 0x00, 0x00, 0x00, 0x00, 0x00, 0x00, 0x00, 0x00,
    0x00, 0x00, 0x00, 0x00, 0x00, 0x00, 0x00, 0x00, 0x00,
    0x00, 0x00, 0x00, 0x00, 0x00, 0x00, 0x00, 0x00, 0x00,
    0x00, 0x00, 0x00, 0x00, 0x00, 0x00, 0x00, 0x00, 0x00,
    0x00, 0x00, 0x00, 0x00, 0x00, 0x00, 0x00, 0x00, 0x00,
    0x00, 0x00, 0x00, 0x00, 0x00, 0x00, 0x00, 0x00, 0x00,
    0x00, 0x00, 0x00, 0x00, 0x00, 0x00, 0x00, 0x00, 0x00,
    0x00, 0x00, 0x00, 0x00, 0x00, 0x00, 0x00, 0x00, 0x00,
    0x00, 0x00, 0x00, 0x00, 0x00, 0x00, 0x00, 0x00, 0x00,
    0x00, 0x00, 0x00, 0x00, 0x00, 0x00, 0x00, 0x00, 0x00,
    0x00, 0x00, 0x7F, 0xFF, 0xFF, 0xFF, 0xF0, 0x00, 0x00,
    0x00, 0x00, 0x7F, 0xFF, 0xFF, 0xFF, 0xF8, 0x00, 0x00,
    0x00, 0x00, 0x7F, 0xFF, 0xFF, 0xFF, 0xFC, 0x00, 0x00,
    0x00, 0x00, 0x3F, 0xFF, 0xFF, 0xFF, 0xFE, 0x00, 0x00,
    0x00, 0x00, 0x1F, 0xFF, 0xFF, 0xFF, 0xFF, 0x00, 0x00,
    0x00, 0x00, 0x0F, 0xFF, 0xFF, 0xFF, 0xFF, 0x80, 0x00,
    0x00, 0x00, 0x07, 0xFF, 0xFF, 0xFF, 0xFF, 0x80, 0x00,
    0x00, 0x00, 0x03, 0xFF, 0xFF, 0xFF, 0xFF, 0x80, 0x00,
    0x00, 0x00, 0x01, 0xFF, 0xFF, 0xFF, 0xFF, 0x80, 0x00,
    0x00, 0x00, 0x00, 0xFF, 0xFF, 0xFF, 0xFF, 0x80, 0x00,
    0x00, 0x00, 0x00, 0x7F, 0xFF, 0xFF, 0xFF, 0x80, 0x00,
    0x00, 0x00, 0x00, 0x3F, 0xFF, 0xFF, 0xFF, 0x80, 0x00,
    0x00, 0x00, 0x00, 0x1F, 0xFF, 0xFF, 0xFF, 0x80, 0x00,
    0x00, 0x00, 0x00, 0x00, 0x00, 0x03, 0xFF, 0x80, 0x00,
    0x00, 0x00, 0x00, 0x00, 0x00, 0x07, 0xFF, 0x80, 0x00,
    0x00, 0x00, 0x00, 0x00, 0x00, 0x0F, 0xFF, 0x80, 0x00,
    0x00, 0x00, 0x00, 0x00, 0x00, 0x0F, 0xFF, 0x80, 0x00,
    0x00, 0x00, 0x00, 0x00, 0x00, 0x0F, 0xFF, 0x80, 0x00,
    0x00, 0x00, 0x00, 0x00, 0x00, 0x0F, 0xFF, 0x80, 0x00,
    0x00, 0x00, 0x00, 0x00, 0x00, 0x0F, 0xFF, 0x80, 0x00,
    0x00, 0x00, 0x00, 0x00, 0x00, 0x0F, 0xFF, 0x80, 0x00,
    0x00, 0x00, 0x00, 0x00, 0x00, 0x0F, 0xFF, 0x80, 0x00,
    0x00, 0x00, 0x00, 0x00, 0x00, 0x0F, 0xFF, 0x80, 0x00,
    0x00, 0x03, 0xC0, 0x00, 0x00, 0x0F, 0xFF, 0x80, 0x00,
    0x00, 0x03, 0xE0, 0x00, 0x00, 0x0F, 0xFF, 0x80, 0x00,
    0x00, 0x03, 0xF0, 0x00, 0x00, 0x0F, 0xFF, 0x80, 0x00,
    0x00, 0x03, 0xF8, 0x00, 0x00, 0x0F, 0xFF, 0x80, 0x00,
    0x00, 0x03, 0xFC, 0x00, 0x00, 0x0F, 0xFF, 0x80, 0x00,
    0x00, 0x03, 0xFE, 0x00, 0x00, 0x0F, 0xFF, 0x80, 0x00,
    0x00, 0x03, 0xFF, 0x00, 0x00, 0x0F, 0xFF, 0x80, 0x00,
    0x00, 0x03, 0xFF, 0x80, 0x00, 0x0F, 0xFF, 0x80, 0x00,
    0x00, 0x03, 0xFF, 0xC0, 0x00, 0x0F, 0xFF, 0x80, 0x00,
    0x00, 0x03, 0xFF, 0xE0, 0x00, 0x00, 0x1F, 0x80, 0x00,
    0x00, 0x03, 0xFF, 0xE0, 0x00, 0x00, 0x0F, 0x80, 0x00,
    0x00, 0x03, 0xFF, 0xE0, 0x00, 0x00, 0x07, 0x80, 0x00,
    0x00, 0x03, 0xFF, 0xE0, 0x00, 0x00, 0x03, 0x80, 0x00,
    0x00, 0x03, 0xFF, 0xE1, 0xFF, 0xFF, 0x81, 0x80, 0x00,
    0x00, 0x03, 0xFF, 0xE1, 0xFF, 0xFF, 0xC0, 0x80, 0x00,
    0x00, 0x03, 0xFF, 0xE1, 0xFF, 0xFF, 0xE0, 0x00, 0x00,
    0x00, 0x03, 0xFF, 0xE1, 0xFF, 0xFF, 0xF0, 0x00, 0x00,
    0x00, 0x03, 0xFF, 0xE1, 0xFF, 0xFF, 0xF8, 0x00, 0x00,
    0x00, 0x03, 0xFF, 0xE1, 0xFF, 0xFF, 0xFC, 0x00, 0x00,
    0x00, 0x03, 0xFF, 0xE1, 0xFF, 0xFF, 0xFE, 0x00, 0x00,
    0x00, 0x03, 0xFF, 0xE1, 0xFF, 0xFF, 0xFF, 0x00, 0x00,
    0x00, 0x03, 0xFF, 0xE0, 0xFF, 0xFF, 0xFF, 0x80, 0x00,
    0x00, 0x01, 0xFF, 0xE0, 0x7F, 0xFF, 0xFF, 0x80, 0x00,
    0x00, 0x00, 0xFF, 0xF0, 0x3F, 0xFF, 0xFF, 0x80, 0x00,
    0x00, 0x00, 0x7F, 0xF8, 0x1F, 0xFF, 0xFF, 0x80, 0x00,
    0x00, 0x00, 0x3F, 0xFC, 0x0F, 0xFF, 0xFF, 0x80, 0x00,
    0x00, 0x00, 0x1F, 0xFE, 0x07, 0xFF, 0xFF, 0x80, 0x00,
    0x00, 0x00, 0x00, 0x00, 0x00, 0x00, 0x00, 0x00, 0x00,
    0x00, 0x00, 0x00, 0x00, 0x00, 0x00, 0x00, 0x00, 0x00,
    0x00, 0x00, 0x00, 0x00, 0x00, 0x00, 0x00, 0x00, 0x00,
    0x00, 0x00, 0x00, 0x00, 0x00, 0x00, 0x00, 0x00, 0x00,
    0x00, 0x00, 0x00, 0x00, 0x00, 0x00, 0x00, 0x00, 0x00,
    0x00, 0x00, 0x00, 0x00, 0x00, 0x00, 0x00, 0x00, 0x00,
    0x00, 0x00, 0x00, 0x00, 0x00, 0x00, 0x00, 0x00, 0x00,
    0x00, 0x00, 0x00, 0x00, 0x00, 0x00, 0x00, 0x00, 0x00,
    0x00, 0x00, 0x00, 0x00, 0x00, 0x00, 0x00, 0x00, 0x00,
    0x00, 0x00, 0x00, 0x00, 0x00, 0x00, 0x00, 0x00, 0x00,
    0x00, 0x00, 0x00, 0x00, 0x00, 0x00, 0x00, 0x00, 0x00,
    0x00, 0x00, 0x00, 0x00, 0x00, 0x00, 0x00, 0x00, 0x00,
};

// 字符: 'k' (0x006B)
const uint8_t saiba_72_char_006B[648] = {
    0x00, 0x00, 0x00, 0x00, 0x00, 0x00, 0x00, 0x00, 0x00,
    0x00, 0x00, 0x00, 0x00, 0x00, 0x00, 0x00, 0x00, 0x00,
    0x00, 0x00, 0x00, 0x00, 0x00, 0x00, 0x00, 0x00, 0x00,
    0x00, 0x00, 0x00, 0x00, 0x00, 0x00, 0x00, 0x00, 0x00,
    0x00, 0x00, 0x00, 0x00, 0x00, 0x00, 0x00, 0x00, 0x00,
    0x00, 0x00, 0x00, 0x00, 0x00, 0x00, 0x00, 0x00, 0x00,
    0x00, 0x00, 0x00, 0x00, 0x00, 0x00, 0x00, 0x00, 0x00,
    0x00, 0x00, 0x00, 0x00, 0x00, 0x00, 0x00, 0x00, 0x00,
    0x00, 0x00, 0x00, 0x00, 0x00, 0x00, 0x00, 0x00, 0x00,
    0x00, 0x00, 0x00, 0x00, 0x00, 0x00, 0x00, 0x00, 0x00,
    0x00, 0x03, 0xFC, 0x00, 0x00, 0x0F, 0xFC, 0x00, 0x00,
    0x00, 0x03, 0xFE, 0x00, 0x00, 0x1F, 0xFC, 0x00, 0x00,
    0x00, 0x03, 0xFF, 0x00, 0x00, 0x3F, 0xFC, 0x00, 0x00,
    0x00, 0x03, 0xFF, 0x80, 0x00, 0x7F, 0xFC, 0x00, 0x00,
    0x00, 0x03, 0xFF, 0xC0, 0x00, 0xFF, 0xFC, 0x00, 0x00,
    0x00, 0x03, 0xFF, 0xE0, 0x01, 0xFF, 0xFC, 0x00, 0x00,
    0x00, 0x03, 0xFF, 0xE0, 0x03, 0xFF, 0xFC, 0x00, 0x00,
    0x00, 0x03, 0xFF, 0xE0, 0x07, 0xFF, 0xFC, 0x00, 0x00,
    0x00, 0x03, 0xFF, 0xE0, 0x0F, 0xFF, 0xFC, 0x00, 0x00,
    0x00, 0x03, 0xFF, 0xE0, 0x1F, 0xFF, 0xFC, 0x00, 0x00,
    0x00, 0x03, 0xFF, 0xE0, 0x3F, 0xFF, 0xF8, 0x00, 0x00,
    0x00, 0x03, 0xFF, 0xE0, 0x3F, 0xFF, 0xF0, 0x00, 0x00,
    0x00, 0x03, 0xFF, 0xE0, 0x3F, 0xFF, 0xE0, 0x00, 0x00,
    0x00, 0x03, 0xFF, 0xE0, 0x3F, 0xFF, 0xC0, 0x00, 0x00,
    0x00, 0x03, 0xFF, 0xE0, 0x3F, 0xFF, 0x80, 0x00, 0x00,
    0x00, 0x03, 0xFF, 0xE0, 0x3F, 0xFF, 0x00, 0x00, 0x00,
    0x00, 0x03, 0xFF, 0xE0, 0x3F, 0xFE, 0x00, 0x00, 0x00,
    0x00, 0x01, 0xFF, 0xC0, 0x3F, 0xFC, 0x00, 0x00, 0x00,
    0x00, 0x00, 0xFF, 0x80, 0x3F, 0xF8, 0x00, 0x00, 0x00,
    0x00, 0x00, 0x7F, 0xFF, 0xF8, 0x00, 0x00, 0x00, 0x00,
    0x00, 0x00, 0x3F, 0xFF, 0xFC, 0x00, 0x00, 0x00, 0x00,
    0x00, 0x00, 0x1F, 0xFF, 0xFE, 0x00, 0x00, 0x00, 0x00,
    0x00, 0x02, 0x0F, 0xFF, 0xFF, 0x00, 0x00, 0x00, 0x00,
    0x00, 0x02, 0x07, 0xFF, 0xFF, 0x80, 0x00, 0x00, 0x00,
    0x00, 0x03, 0x03, 0xFF, 0xFF, 0xC0, 0x00, 0x00, 0x00,
    0x00, 0x03, 0x81, 0xFF, 0xFF, 0xE0, 0x00, 0x00, 0x00,
    0x00, 0x03, 0xC0, 0xFF, 0xFF, 0xF0, 0x00, 0x00, 0x00,
    0x00, 0x03, 0xE0, 0x7F, 0xFF, 0xFF, 0xE0, 0x00, 0x00,
    0x00, 0x03, 0xF0, 0x3F, 0xFF, 0xFF, 0xF0, 0x00, 0x00,
    0x00, 0x03, 0xF8, 0x1F, 0xFF, 0xFF, 0xF8, 0x00, 0x00,
    0x00, 0x03, 0xFC, 0x0F, 0xFF, 0xFF, 0xFC, 0x00, 0x00,
    0x00, 0x03, 0xFE, 0x07, 0xFF, 0xFF, 0xFE, 0x00, 0x00,
    0x00, 0x03, 0xFF, 0x03, 0xFF, 0xFF, 0xFF, 0x00, 0x00,
    0x00, 0x03, 0xFF, 0x81, 0xFF, 0xFF, 0xFF, 0x80, 0x00,
    0x00, 0x03, 0xFF, 0xC0, 0xFF, 0xFF, 0xFF, 0x80, 0x00,
    0x00, 0x03, 0xFF, 0xE0, 0x7F, 0xFF, 0xFF, 0x80, 0x00,
    0x00, 0x03, 0xFF, 0xE0, 0x3F, 0xFF, 0xFF, 0x80, 0x00,
    0x00, 0x03, 0xFF, 0xE0, 0x1F, 0xFF, 0xFF, 0x80, 0x00,
    0x00, 0x03, 0xFF, 0xE0, 0x0F, 0xFF, 0xFF, 0x80, 0x00,
    0x00, 0x03, 0xFF, 0xE0, 0x07, 0xFF, 0xFF, 0x80, 0x00,
    0x00, 0x03, 0xFF, 0xE0, 0x03, 0xFF, 0xFF, 0x80, 0x00,
    0x00, 0x01, 0xFF, 0xE0, 0x01, 0xFF, 0xFF, 0x80, 0x00,
    0x00, 0x00, 0xFF, 0xE0, 0x00, 0xFF, 0xFF, 0x80, 0x00,
    0x00, 0x00, 0x7F, 0xE0, 0x00, 0x7F, 0xFF, 0x80, 0x00,
    0x00, 0x00, 0x3F, 0xE0, 0x00, 0x3F, 0xFF, 0x80, 0x00,
    0x00, 0x00, 0x1F, 0xE0, 0x00, 0x1F, 0xFF, 0x80, 0x00,
    0x00, 0x00, 0x0F, 0xE0, 0x00, 0x0F, 0xFF, 0x80, 0x00,
    0x00, 0x00, 0x07, 0xE0, 0x00, 0x0F, 0xFF, 0x80, 0x00,
    0x00, 0x00, 0x00, 0x00, 0x00, 0x0F, 0xFF, 0x80, 0x00,
    0x00, 0x00, 0x00, 0x00, 0x00, 0x0F, 0xFF, 0x80, 0x00,
    0x00, 0x00, 0x00, 0x00, 0x00, 0x0F, 0xFF, 0x80, 0x00,
    0x00, 0x00, 0x00, 0x00, 0x00, 0x00, 0x00, 0x00, 0x00,
    0x00, 0x00, 0x00, 0x00, 0x00, 0x00, 0x00, 0x00, 0x00,
    0x00, 0x00, 0x00, 0x00, 0x00, 0x00, 0x00, 0x00, 0x00,
    0x00, 0x00, 0x00, 0x00, 0x00, 0x00, 0x00, 0x00, 0x00,
    0x00, 0x00, 0x00, 0x00, 0x00, 0x00, 0x00, 0x00, 0x00,
    0x00, 0x00, 0x00, 0x00, 0x00, 0x00, 0x00, 0x00, 0x00,
    0x00, 0x00, 0x00, 0x00, 0x00, 0x00, 0x00, 0x00, 0x00,
    0x00, 0x00, 0x00, 0x00, 0x00, 0x00, 0x00, 0x00, 0x00,
    0x00, 0x00, 0x00, 0x00, 0x00, 0x00, 0x00, 0x00, 0x00,
    0x00, 0x00, 0x00, 0x00, 0x00, 0x00, 0x00, 0x00, 0x00,
    0x00, 0x00, 0x00, 0x00, 0x00, 0x00, 0x00, 0x00, 0x00,
};

// 字符: 'l' (0x006C)
const uint8_t saiba_72_char_006C[648] = {
    0x00, 0x00, 0x00, 0x00, 0x00, 0x00, 0x00, 0x00, 0x00,
    0x00, 0x00, 0x00, 0x00, 0x00, 0x00, 0x00, 0x00, 0x00,
    0x00, 0x00, 0x00, 0x00, 0x00, 0x00, 0x00, 0x00, 0x00,
    0x00, 0x00, 0x00, 0x00, 0x00, 0x00, 0x00, 0x00, 0x00,
    0x00, 0x00, 0x00, 0x00, 0x00, 0x00, 0x00, 0x00, 0x00,
    0x00, 0x00, 0x00, 0x00, 0x00, 0x00, 0x00, 0x00, 0x00,
    0x00, 0x00, 0x00, 0x00, 0x00, 0x00, 0x00, 0x00, 0x00,
    0x00, 0x00, 0x00, 0x00, 0x00, 0x00, 0x00, 0x00, 0x00,
    0x00, 0x00, 0x00, 0x00, 0x00, 0x00, 0x00, 0x00, 0x00,
    0x00, 0x00, 0x00, 0x00, 0x00, 0x00, 0x00, 0x00, 0x00,
    0x00, 0x03, 0xFF, 0xC0, 0x00, 0x00, 0x00, 0x00, 0x00,
    0x00, 0x03, 0xFF, 0xE0, 0x00, 0x00, 0x00, 0x00, 0x00,
    0x00, 0x03, 0xFF, 0xE0, 0x00, 0x00, 0x00, 0x00, 0x00,
    0x00, 0x03, 0xFF, 0xE0, 0x00, 0x00, 0x00, 0x00, 0x00,
    0x00, 0x03, 0xFF, 0xE0, 0x00, 0x00, 0x00, 0x00, 0x00,
    0x00, 0x03, 0xFF, 0xE0, 0x00, 0x00, 0x00, 0x00, 0x00,
    0x00, 0x03, 0xFF, 0xE0, 0x00, 0x00, 0x00, 0x00, 0x00,
    0x00, 0x03, 0xFF, 0xE0, 0x00, 0x00, 0x00, 0x00, 0x00,
    0x00, 0x03, 0xFF, 0xE0, 0x00, 0x00, 0x00, 0x00, 0x00,
    0x00, 0x03, 0xFF, 0xE0, 0x00, 0x00, 0x00, 0x00, 0x00,
    0x00, 0x03, 0xFF, 0xE0, 0x00, 0x00, 0x00, 0x00, 0x00,
    0x00, 0x03, 0xFF, 0xE0, 0x00, 0x00, 0x00, 0x00, 0x00,
    0x00, 0x03, 0xFF, 0xE0, 0x00, 0x00, 0x00, 0x00, 0x00,
    0x00, 0x03, 0xFF, 0xE0, 0x00, 0x00, 0x00, 0x00, 0x00,
    0x00, 0x03, 0xFF, 0xE0, 0x00, 0x00, 0x00, 0x00, 0x00,
    0x00, 0x03, 0xFF, 0xE0, 0x00, 0x00, 0x00, 0x00, 0x00,
    0x00, 0x03, 0xFF, 0xE0, 0x00, 0x00, 0x00, 0x00, 0x00,
    0x00, 0x03, 0xFF, 0xE0, 0x00, 0x00, 0x00, 0x00, 0x00,
    0x00, 0x03, 0xFF, 0xE0, 0x00, 0x00, 0x00, 0x00, 0x00,
    0x00, 0x03, 0xFF, 0xE0, 0x00, 0x00, 0x00, 0x00, 0x00,
    0x00, 0x03, 0xFF, 0xE0, 0x00, 0x00, 0x00, 0x00, 0x00,
    0x00, 0x03, 0xFF, 0xE0, 0x00, 0x00, 0x00, 0x00, 0x00,
    0x00, 0x03, 0xFF, 0xE0, 0x00, 0x00, 0x00, 0x00, 0x00,
    0x00, 0x03, 0xFF, 0xE0, 0x00, 0x00, 0x00, 0x00, 0x00,
    0x00, 0x03, 0xFF, 0xE0, 0x00, 0x00, 0x00, 0x00, 0x00,
    0x00, 0x03, 0xFF, 0xE0, 0x00, 0x00, 0x00, 0x00, 0x00,
    0x00, 0x03, 0xFF, 0xE0, 0x00, 0x00, 0x00, 0x00, 0x00,
    0x00, 0x03, 0xFF, 0xE0, 0x00, 0x00, 0x00, 0x00, 0x00,
    0x00, 0x03, 0xFF, 0xE0, 0x00, 0x00, 0x00, 0x00, 0x00,
    0x00, 0x03, 0xFF, 0xE0, 0x00, 0x00, 0x00, 0x00, 0x00,
    0x00, 0x03, 0xFF, 0xE0, 0x00, 0x00, 0x00, 0x00, 0x00,
    0x00, 0x03, 0xFF, 0xE0, 0x00, 0x00, 0x00, 0x00, 0x00,
    0x00, 0x03, 0xFF, 0xE0, 0x00, 0x00, 0x00, 0x00, 0x00,
    0x00, 0x03, 0xFF, 0xE0, 0x00, 0x00, 0x00, 0x00, 0x00,
    0x00, 0x03, 0xFF, 0xE0, 0x00, 0x00, 0x00, 0x00, 0x00,
    0x00, 0x03, 0xFF, 0xE0, 0x00, 0x00, 0x00, 0x00, 0x00,
    0x00, 0x03, 0xFF, 0xE0, 0x03, 0xFF, 0xE0, 0x00, 0x00,
    0x00, 0x03, 0xFF, 0xF0, 0x03, 0xFF, 0xF0, 0x00, 0x00,
    0x00, 0x03, 0xFF, 0xF8, 0x03, 0xFF, 0xF8, 0x00, 0x00,
    0x00, 0x03, 0xFF, 0xFC, 0x03, 0xFF, 0xFC, 0x00, 0x00,
    0x00, 0x03, 0xFF, 0xFE, 0x03, 0xFF, 0xFE, 0x00, 0x00,
    0x00, 0x03, 0xFF, 0xFF, 0x03, 0xFF, 0xFF, 0x00, 0x00,
    0x00, 0x03, 0xFF, 0xFF, 0x81, 0xFF, 0xFF, 0x80, 0x00,
    0x00, 0x03, 0xFF, 0xFF, 0xC0, 0xFF, 0xFF, 0x80, 0x00,
    0x00, 0x03, 0xFF, 0xFF, 0xE0, 0x7F, 0xFF, 0x80, 0x00,
    0x00, 0x03, 0xFF, 0xFF, 0xF0, 0x3F, 0xFF, 0x80, 0x00,
    0x00, 0x03, 0xFF, 0xFF, 0xF8, 0x1F, 0xFF, 0x80, 0x00,
    0x00, 0x03, 0xFF, 0xFF, 0xFC, 0x0F, 0xFF, 0x80, 0x00,
    0x00, 0x03, 0xFF, 0xFF, 0xFC, 0x07, 0xFF, 0x80, 0x00,
    0x00, 0x03, 0xFF, 0xFF, 0xFC, 0x03, 0xFF, 0x80, 0x00,
    0x00, 0x00, 0x00, 0x00, 0x00, 0x00, 0x00, 0x00, 0x00,
    0x00, 0x00, 0x00, 0x00, 0x00, 0x00, 0x00, 0x00, 0x00,
    0x00, 0x00, 0x00, 0x00, 0x00, 0x00, 0x00, 0x00, 0x00,
    0x00, 0x00, 0x00, 0x00, 0x00, 0x00, 0x00, 0x00, 0x00,
    0x00, 0x00, 0x00, 0x00, 0x00, 0x00, 0x00, 0x00, 0x00,
    0x00, 0x00, 0x00, 0x00, 0x00, 0x00, 0x00, 0x00, 0x00,
    0x00, 0x00, 0x00, 0x00, 0x00, 0x00, 0x00, 0x00, 0x00,
    0x00, 0x00, 0x00, 0x00, 0x00, 0x00, 0x00, 0x00, 0x00,
    0x00, 0x00, 0x00, 0x00, 0x00, 0x00, 0x00, 0x00, 0x00,
    0x00, 0x00, 0x00, 0x00, 0x00, 0x00, 0x00, 0x00, 0x00,
    0x00, 0x00, 0x00, 0x00, 0x00, 0x00, 0x00, 0x00, 0x00,
    0x00, 0x00, 0x00, 0x00, 0x00, 0x00, 0x00, 0x00, 0x00,
};

// 字符: 'z' (0x007A)
const uint8_t saiba_72_char_007A[648] = {
    0x00, 0x00, 0x00, 0x00, 0x00, 0x00, 0x00, 0x00, 0x00,
    0x00, 0x00, 0x00, 0x00, 0x00, 0x00, 0x00, 0x00, 0x00,
    0x00, 0x00, 0x00, 0x00, 0x00, 0x00, 0x00, 0x00, 0x00,
    0x00, 0x00, 0x00, 0x00, 0x00, 0x00, 0x00, 0x00, 0x00,
    0x00, 0x00, 0x00, 0x00, 0x00, 0x00, 0x00, 0x00, 0x00,
    0x00, 0x00, 0x00, 0x00, 0x00, 0x00, 0x00, 0x00, 0x00,
    0x00, 0x00, 0x00, 0x00, 0x00, 0x00, 0x00, 0x00, 0x00,
    0x00, 0x00, 0x00, 0x00, 0x00, 0x00, 0x00, 0x00, 0x00,
    0x00, 0x00, 0x00, 0x00, 0x00, 0x00, 0x00, 0x00, 0x00,
    0x00, 0x00, 0x00, 0x00, 0x00, 0x00, 0x00, 0x00, 0x00,
    0x00, 0x03, 0xFF, 0xFF, 0xFF, 0xFF, 0xF0, 0x00, 0x00,
    0x00, 0x03, 0xFF, 0xFF, 0xFF, 0xFF, 0xF8, 0x00, 0x00,
    0x00, 0x03, 0xFF, 0xFF, 0xFF, 0xFF, 0xFC, 0x00, 0x00,
    0x00, 0x03, 0xFF, 0xFF, 0xFF, 0xFF, 0xFE, 0x00, 0x00,
    0x00, 0x03, 0xFF, 0xFF, 0xFF, 0xFF, 0xFF, 0x00, 0x00,
    0x00, 0x03, 0xFF, 0xFF, 0xFF, 0xFF, 0xFF, 0x80, 0x00,
    0x00, 0x03, 0xFF, 0xFF, 0xFF, 0xFF, 0xFF, 0x80, 0x00,
    0x00, 0x01, 0xFF, 0xFF, 0xFF, 0xFF, 0xFF, 0x80, 0x00,
    0x00, 0x00, 0xFF, 0xFF, 0xFF, 0xFF, 0xFF, 0x80, 0x00,
    0x00, 0x00, 0x7F, 0xFF, 0xFF, 0xFF, 0xFF, 0x80, 0x00,
    0x00, 0x00, 0x3F, 0xFF, 0xFF, 0xFF, 0xFF, 0x80, 0x00,
    0x00, 0x00, 0x1F, 0xFF, 0xFF, 0xFF, 0xFF, 0x80, 0x00,
    0x00, 0x00, 0x0F, 0xFF, 0xFF, 0xFF, 0xFF, 0x80, 0x00,
    0x00, 0x00, 0x00, 0x00, 0x00, 0x07, 0xFF, 0x80, 0x00,
    0x00, 0x00, 0x00, 0x00, 0x00, 0x03, 0xFF, 0x80, 0x00,
    0x00, 0x00, 0x00, 0x00, 0x00, 0x01, 0xFF, 0x80, 0x00,
    0x00, 0x00, 0x00, 0x00, 0x00, 0x00, 0xFF, 0x80, 0x00,
    0x00, 0x00, 0x00, 0x00, 0x00, 0x00, 0x7F, 0x80, 0x00,
    0x00, 0x00, 0x00, 0x00, 0x00, 0x00, 0x3F, 0x80, 0x00,
    0x00, 0x00, 0x00, 0xFF, 0xFF, 0xF0, 0x1F, 0x80, 0x00,
    0x00, 0x00, 0x00, 0xFF, 0xFF, 0xF8, 0x0F, 0x80, 0x00,
    0x00, 0x00, 0x00, 0xFF, 0xFF, 0xFC, 0x00, 0x00, 0x00,
    0x00, 0x03, 0xC0, 0xFF, 0xFF, 0xFE, 0x00, 0x00, 0x00,
    0x00, 0x03, 0xE0, 0x7F, 0xFF, 0xFF, 0x00, 0x00, 0x00,
    0x00, 0x03, 0xF0, 0x3F, 0xFF, 0xFF, 0x80, 0x00, 0x00,
    0x00, 0x03, 0xF8, 0x1F, 0xFF, 0xFF, 0xC0, 0x00, 0x00,
    0x00, 0x03, 0xFC, 0x0F, 0xFF, 0xFF, 0xE0, 0x00, 0x00,
    0x00, 0x03, 0xFE, 0x07, 0xFF, 0xFF, 0xF0, 0x00, 0x00,
    0x00, 0x03, 0xFF, 0x03, 0xFF, 0xFF, 0xF0, 0x00, 0x00,
    0x00, 0x03, 0xFF, 0x81, 0xFF, 0xFF, 0xF0, 0x00, 0x00,
    0x00, 0x03, 0xFF, 0xC0, 0xFF, 0xFF, 0xF0, 0x00, 0x00,
    0x00, 0x03, 0xFF, 0xE0, 0x7F, 0xFF, 0xF0, 0x00, 0x00,
    0x00, 0x03, 0xFF, 0xF0, 0x00, 0x00, 0x00, 0x00, 0x00,
    0x00, 0x03, 0xFF, 0xF8, 0x00, 0x00, 0x00, 0x00, 0x00,
    0x00, 0x03, 0xFF, 0xFC, 0x00, 0x00, 0x00, 0x00, 0x00,
    0x00, 0x03, 0xFF, 0xFE, 0x00, 0x00, 0x00, 0x00, 0x00,
    0x00, 0x03, 0xFF, 0xFF, 0x00, 0x00, 0x00, 0x00, 0x00,
    0x00, 0x03, 0xFF, 0xFF, 0xFF, 0xFF, 0xF0, 0x00, 0x00,
    0x00, 0x01, 0xFF, 0xFF, 0xFF, 0xFF, 0xF8, 0x00, 0x00,
    0x00, 0x00, 0xFF, 0xFF, 0xFF, 0xFF, 0xFC, 0x00, 0x00,
    0x00, 0x00, 0x7F, 0xFF, 0xFF, 0xFF, 0xFE, 0x00, 0x00,
    0x00, 0x00, 0x3F, 0xFF, 0xFF, 0xFF, 0xFF, 0x00, 0x00,
    0x00, 0x00, 0x1F, 0xFF, 0xFF, 0xFF, 0xFF, 0x80, 0x00,
    0x00, 0x00, 0x0F, 0xFF, 0xFF, 0xFF, 0xFF, 0x80, 0x00,
    0x00, 0x00, 0x07, 0xFF, 0xFF, 0xFF, 0xFF, 0x80, 0x00,
    0x00, 0x00, 0x03, 0xFF, 0xFF, 0xFF, 0xFF, 0x80, 0x00,
    0x00, 0x00, 0x01, 0xFF, 0xFF, 0xFF, 0xFF, 0x80, 0x00,
    0x00, 0x00, 0x00, 0xFF, 0xFF, 0xFF, 0xFF, 0x80, 0x00,
    0x00, 0x00, 0x00, 0x7F, 0xFF, 0xFF, 0xFF, 0x80, 0x00,
    0x00, 0x00, 0x00, 0x3F, 0xFF, 0xFF, 0xFF, 0x80, 0x00,
    0x00, 0x00, 0x00, 0x00, 0x00, 0x00, 0x00, 0x00, 0x00,
    0x00, 0x00, 0x00, 0x00, 0x00, 0x00, 0x00, 0x00, 0x00,
    0x00, 0x00, 0x00, 0x00, 0x00, 0x00, 0x00, 0x00, 0x00,
    0x00, 0x00, 0x00, 0x00, 0x00, 0x00, 0x00, 0x00, 0x00,
    0x00, 0x00, 0x00, 0x00, 0x00, 0x00, 0x00, 0x00, 0x00,
    0x00, 0x00, 0x00, 0x00, 0x00, 0x00, 0x00, 0x00, 0x00,
    0x00, 0x00, 0x00, 0x00, 0x00, 0x00, 0x00, 0x00, 0x00,
    0x00, 0x00, 0x00, 0x00, 0x00, 0x00, 0x00, 0x00, 0x00,
    0x00, 0x00, 0x00, 0x00, 0x00, 0x00, 0x00, 0x00, 0x00,
    0x00, 0x00, 0x00, 0x00, 0x00, 0x00, 0x00, 0x00, 0x00,
    0x00, 0x00, 0x00, 0x00, 0x00, 0x00, 0x00, 0x00, 0x00,
    0x00, 0x00, 0x00, 0x00, 0x00, 0x00, 0x00, 0x00, 0x00,
};

// 字符: 'x' (0x0078)
const uint8_t saiba_72_char_0078[648] = {
    0x00, 0x00, 0x00, 0x00, 0x00, 0x00, 0x00, 0x00, 0x00,
    0x00, 0x00, 0x00, 0x00, 0x00, 0x00, 0x00, 0x00, 0x00,
    0x00, 0x00, 0x00, 0x00, 0x00, 0x00, 0x00, 0x00, 0x00,
    0x00, 0x00, 0x00, 0x00, 0x00, 0x00, 0x00, 0x00, 0x00,
    0x00, 0x00, 0x00, 0x00, 0x00, 0x00, 0x00, 0x00, 0x00,
    0x00, 0x00, 0x00, 0x00, 0x00, 0x00, 0x00, 0x00, 0x00,
    0x00, 0x00, 0x00, 0x00, 0x00, 0x00, 0x00, 0x00, 0x00,
    0x00, 0x00, 0x00, 0x00, 0x00, 0x00, 0x00, 0x00, 0x00,
    0x00, 0x00, 0x00, 0x00, 0x00, 0x00, 0x00, 0x00, 0x00,
    0x00, 0x00, 0x00, 0x00, 0x00, 0x00, 0x00, 0x00, 0x00,
    0x00, 0x03, 0xFF, 0xFF, 0xC3, 0xFF, 0xF0, 0x00, 0x00,
    0x00, 0x03, 0xFF, 0xFF, 0xC3, 0xFF, 0xF8, 0x00, 0x00,
    0x00, 0x03, 0xFF, 0xFF, 0xC3, 0xFF, 0xFC, 0x00, 0x00,
    0x00, 0x03, 0xFF, 0xFF, 0xC3, 0xFF, 0xFE, 0x00, 0x00,
    0x00, 0x03, 0xFF, 0xFF, 0xC3, 0xFF, 0xFF, 0x00, 0x00,
    0x00, 0x03, 0xFF, 0xFF, 0xC3, 0xFF, 0xFF, 0x80, 0x00,
    0x00, 0x03, 0xFF, 0xFF, 0xC3, 0xFF, 0xFF, 0x80, 0x00,
    0x00, 0x03, 0xFF, 0xFF, 0xC3, 0xFF, 0xFF, 0x80, 0x00,
    0x00, 0x03, 0xFF, 0xFF, 0xC3, 0xFF, 0xFF, 0x80, 0x00,
    0x00, 0x03, 0xFF, 0xFF, 0xC3, 0xFF, 0xFF, 0x80, 0x00,
    0x00, 0x03, 0xFF, 0xFF, 0xC3, 0xFF, 0xFF, 0x80, 0x00,
    0x00, 0x03, 0xFF, 0xFF, 0xC3, 0xFF, 0xFF, 0x80, 0x00,
    0x00, 0x03, 0xFF, 0xFF, 0xC3, 0xFF, 0xFF, 0x80, 0x00,
    0x00, 0x03, 0xFF, 0xFF, 0xC0, 0x1F, 0xFF, 0x80, 0x00,
    0x00, 0x03, 0xFF, 0xFF, 0xE0, 0x1F, 0xFF, 0x80, 0x00,
    0x00, 0x01, 0xFF, 0xFF, 0xF0, 0x1F, 0xFF, 0x80, 0x00,
    0x00, 0x00, 0x7F, 0xFF, 0xF8, 0x1F, 0xFF, 0x80, 0x00,
    0x00, 0x00, 0x3F, 0xFF, 0xFF, 0xFF, 0xFF, 0x80, 0x00,
    0x00, 0x03, 0xFF, 0xFF, 0xFF, 0xFF, 0xFF, 0x80, 0x00,
    0x00, 0x03, 0xFF, 0xFF, 0xFF, 0xFF, 0xFF, 0x80, 0x00,
    0x00, 0x03, 0xFF, 0xFF, 0xFF, 0xFF, 0xFF, 0x80, 0x00,
    0x00, 0x03, 0xFF, 0xFF, 0xFF, 0xFF, 0xFF, 0x80, 0x00,
    0x00, 0x03, 0xFF, 0xFF, 0xFF, 0xFF, 0xFF, 0x80, 0x00,
    0x00, 0x03, 0xFF, 0xFF, 0xFF, 0xFF, 0xFF, 0x80, 0x00,
    0x00, 0x03, 0xFF, 0xFF, 0xFF, 0xFF, 0xFF, 0x80, 0x00,
    0x00, 0x03, 0xFF, 0xFF, 0xFF, 0xFF, 0xFF, 0x80, 0x00,
    0x00, 0x03, 0xFF, 0xFF, 0xFF, 0xFF, 0xFF, 0x80, 0x00,
    0x00, 0x03, 0xFF, 0xFF, 0xFF, 0xFF, 0xFF, 0x80, 0x00,
    0x00, 0x03, 0xFF, 0xFF, 0xFF, 0xFF, 0xFF, 0x80, 0x00,
    0x00, 0x03, 0xFF, 0xFF, 0xFF, 0xFF, 0xFF, 0x80, 0x00,
    0x00, 0x03, 0xFF, 0xFF, 0xFF, 0xFF, 0xE0, 0x00, 0x00,
    0x00, 0x03, 0xFF, 0xFF, 0xFF, 0xFF, 0xF0, 0x00, 0x00,
    0x00, 0x03, 0xFF, 0xF8, 0xFF, 0xFF, 0xF8, 0x00, 0x00,
    0x00, 0x03, 0xFF, 0xF8, 0x7F, 0xFF, 0xFC, 0x00, 0x00,
    0x00, 0x03, 0xFF, 0xF8, 0x3F, 0xFF, 0xFE, 0x00, 0x00,
    0x00, 0x03, 0xFF, 0xF8, 0x1F, 0xFF, 0xFF, 0x00, 0x00,
    0x00, 0x03, 0xFF, 0xF8, 0x0F, 0xFF, 0xFF, 0x80, 0x00,
    0x00, 0x03, 0xFF, 0xFE, 0x0F, 0xFF, 0xFF, 0x80, 0x00,
    0x00, 0x03, 0xFF, 0xFF, 0x0F, 0xFF, 0xFF, 0x80, 0x00,
    0x00, 0x03, 0xFF, 0xFF, 0x0F, 0xFF, 0xFF, 0x80, 0x00,
    0x00, 0x03, 0xFF, 0xFF, 0x0F, 0xFF, 0xFF, 0x80, 0x00,
    0x00, 0x03, 0xFF, 0xFF, 0x0F, 0xFF, 0xFF, 0x80, 0x00,
    0x00, 0x03, 0xFF, 0xFF, 0x0F, 0xFF, 0xFF, 0x80, 0x00,
    0x00, 0x03, 0xFF, 0xFF, 0x0F, 0xFF, 0xFF, 0x80, 0x00,
    0x00, 0x03, 0xFF, 0xFF, 0x07, 0xFF, 0xFF, 0x80, 0x00,
    0x00, 0x01, 0xFF, 0xFF, 0x03, 0xFF, 0xFF, 0x80, 0x00,
    0x00, 0x00, 0xFF, 0xFF, 0x01, 0xFF, 0xFF, 0x80, 0x00,
    0x00, 0x00, 0x7F, 0xFF, 0x00, 0xFF, 0xFF, 0x80, 0x00,
    0x00, 0x00, 0x3F, 0xFF, 0x00, 0x3F, 0xFF, 0x80, 0x00,
    0x00, 0x00, 0x1F, 0xFF, 0x00, 0x1F, 0xFF, 0x80, 0x00,
    0x00, 0x00, 0x00, 0x00, 0x00, 0x00, 0x00, 0x00, 0x00,
    0x00, 0x00, 0x00, 0x00, 0x00, 0x00, 0x00, 0x00, 0x00,
    0x00, 0x00, 0x00, 0x00, 0x00, 0x00, 0x00, 0x00, 0x00,
    0x00, 0x00, 0x00, 0x00, 0x00, 0x00, 0x00, 0x00, 0x00,
    0x00, 0x00, 0x00, 0x00, 0x00, 0x00, 0x00, 0x00, 0x00,
    0x00, 0x00, 0x00, 0x00, 0x00, 0x00, 0x00, 0x00, 0x00,
    0x00, 0x00, 0x00, 0x00, 0x00, 0x00, 0x00, 0x00, 0x00,
    0x00, 0x00, 0x00, 0x00, 0x00, 0x00, 0x00, 0x00, 0x00,
    0x00, 0x00, 0x00, 0x00, 0x00, 0x00, 0x00, 0x00, 0x00,
    0x00, 0x00, 0x00, 0x00, 0x00, 0x00, 0x00, 0x00, 0x00,
    0x00, 0x00, 0x00, 0x00, 0x00, 0x00, 0x00, 0x00, 0x00,
    0x00, 0x00, 0x00, 0x00, 0x00, 0x00, 0x00, 0x00, 0x00,
};

// 字符: 'c' (0x0063)
const uint8_t saiba_72_char_0063[648] = {
    0x00, 0x00, 0x00, 0x00, 0x00, 0x00, 0x00, 0x00, 0x00,
    0x00, 0x00, 0x00, 0x00, 0x00, 0x00, 0x00, 0x00, 0x00,
    0x00, 0x00, 0x00, 0x00, 0x00, 0x00, 0x00, 0x00, 0x00,
    0x00, 0x00, 0x00, 0x00, 0x00, 0x00, 0x00, 0x00, 0x00,
    0x00, 0x00, 0x00, 0x00, 0x00, 0x00, 0x00, 0x00, 0x00,
    0x00, 0x00, 0x00, 0x00, 0x00, 0x00, 0x00, 0x00, 0x00,
    0x00, 0x00, 0x00, 0x00, 0x00, 0x00, 0x00, 0x00, 0x00,
    0x00, 0x00, 0x00, 0x00, 0x00, 0x00, 0x00, 0x00, 0x00,
    0x00, 0x00, 0x00, 0x00, 0x00, 0x00, 0x00, 0x00, 0x00,
    0x00, 0x00, 0x00, 0x00, 0x00, 0x00, 0x00, 0x00, 0x00,
    0x00, 0x03, 0xFF, 0xF0, 0x3F, 0xFF, 0xF8, 0x00, 0x00,
    0x00, 0x03, 0xFF, 0xF8, 0x1F, 0xFF, 0xFC, 0x00, 0x00,
    0x00, 0x03, 0xFF, 0xFC, 0x0F, 0xFF, 0xFE, 0x00, 0x00,
    0x00, 0x03, 0xFF, 0xFE, 0x07, 0xFF, 0xFF, 0x00, 0x00,
    0x00, 0x03, 0xFF, 0xFF, 0x03, 0xFF, 0xFF, 0x80, 0x00,
    0x00, 0x03, 0xFF, 0xFF, 0x81, 0xFF, 0xFF, 0x80, 0x00,
    0x00, 0x03, 0xFF, 0xFF, 0xC0, 0xFF, 0xFF, 0x80, 0x00,
    0x00, 0x03, 0xFF, 0xFF, 0xE0, 0x7F, 0xFF, 0x80, 0x00,
    0x00, 0x03, 0xFF, 0xFF, 0xF0, 0x3F, 0xFF, 0x80, 0x00,
    0x00, 0x03, 0xFF, 0xFF, 0xF0, 0x1F, 0xFF, 0x80, 0x00,
    0x00, 0x03, 0xFF, 0xFF, 0xF0, 0x0F, 0xFF, 0x80, 0x00,
    0x00, 0x03, 0xFF, 0xFF, 0xF0, 0x07, 0xFF, 0x80, 0x00,
    0x00, 0x03, 0xFF, 0xFF, 0xF0, 0x03, 0xFF, 0x80, 0x00,
    0x00, 0x03, 0xFF, 0xE0, 0x00, 0x01, 0xFF, 0x80, 0x00,
    0x00, 0x03, 0xFF, 0xE0, 0x00, 0x00, 0xFF, 0x80, 0x00,
    0x00, 0x03, 0xFF, 0xE0, 0x00, 0x00, 0x7F, 0x80, 0x00,
    0x00, 0x03, 0xFF, 0xE0, 0x00, 0x00, 0x3F, 0x80, 0x00,
    0x00, 0x03, 0xFF, 0xE0, 0x00, 0x00, 0x1F, 0x80, 0x00,
    0x00, 0x03, 0xFF, 0xE0, 0x00, 0x00, 0x0F, 0x80, 0x00,
    0x00, 0x03, 0xFF, 0xE0, 0x00, 0x00, 0x00, 0x00, 0x00,
    0x00, 0x03, 0xFF, 0xE0, 0x00, 0x00, 0x00, 0x00, 0x00,
    0x00, 0x03, 0xFF, 0xE0, 0x00, 0x00, 0x00, 0x00, 0x00,
    0x00, 0x03, 0xFF, 0xE0, 0x00, 0x00, 0x00, 0x00, 0x00,
    0x00, 0x03, 0xFF, 0xE0, 0x00, 0x00, 0x00, 0x00, 0x00,
    0x00, 0x03, 0xFF, 0xE0, 0x00, 0x00, 0x00, 0x00, 0x00,
    0x00, 0x03, 0xFF, 0xE0, 0x00, 0x00, 0x00, 0x00, 0x00,
    0x00, 0x03, 0xFF, 0xE0, 0x00, 0x00, 0x00, 0x00, 0x00,
    0x00, 0x03, 0xFF, 0xE0, 0x00, 0x00, 0x00, 0x00, 0x00,
    0x00, 0x03, 0xFF, 0xE0, 0x00, 0x00, 0x00, 0x00, 0x00,
    0x00, 0x03, 0xFF, 0xE0, 0x00, 0x00, 0x00, 0x00, 0x00,
    0x00, 0x03, 0xFF, 0xE0, 0x00, 0x00, 0x00, 0x00, 0x00,
    0x00, 0x03, 0xFF, 0xE0, 0x00, 0x03, 0xF0, 0x00, 0x00,
    0x00, 0x03, 0xFF, 0xE0, 0x00, 0x03, 0xF8, 0x00, 0x00,
    0x00, 0x03, 0xFF, 0xE0, 0x00, 0x03, 0xFC, 0x00, 0x00,
    0x00, 0x03, 0xFF, 0xE0, 0x00, 0x03, 0xFE, 0x00, 0x00,
    0x00, 0x03, 0xFF, 0xF0, 0x00, 0x03, 0xFF, 0x00, 0x00,
    0x00, 0x03, 0xFF, 0xF8, 0x00, 0x03, 0xFF, 0x80, 0x00,
    0x00, 0x03, 0xFF, 0xFF, 0xFF, 0xFF, 0xFF, 0x80, 0x00,
    0x00, 0x03, 0xFF, 0xFF, 0xFF, 0xFF, 0xFF, 0x80, 0x00,
    0x00, 0x03, 0xFF, 0xFF, 0xFF, 0xFF, 0xFF, 0x80, 0x00,
    0x00, 0x03, 0xFF, 0xFF, 0xFF, 0xFF, 0xFF, 0x80, 0x00,
    0x00, 0x03, 0xFF, 0xFF, 0xFF, 0xFF, 0xFF, 0x80, 0x00,
    0x00, 0x03, 0xFF, 0xFF, 0xFF, 0xFF, 0xFF, 0x80, 0x00,
    0x00, 0x03, 0xFF, 0xFF, 0xFF, 0xFF, 0xFF, 0x80, 0x00,
    0x00, 0x03, 0xFF, 0xFF, 0xFF, 0xFF, 0xFF, 0x80, 0x00,
    0x00, 0x01, 0xFF, 0xFF, 0xFF, 0xFF, 0xFF, 0x80, 0x00,
    0x00, 0x00, 0xFF, 0xFF, 0xFF, 0xFF, 0xFF, 0x80, 0x00,
    0x00, 0x00, 0x7F, 0xFF, 0xFF, 0xFF, 0xFF, 0x80, 0x00,
    0x00, 0x00, 0x3F, 0xFF, 0xFF, 0xFF, 0xFF, 0x80, 0x00,
    0x00, 0x00, 0x1F, 0xFF, 0xFF, 0xFF, 0xFF, 0x80, 0x00,
    0x00, 0x00, 0x00, 0x00, 0x00, 0x00, 0x00, 0x00, 0x00,
    0x00, 0x00, 0x00, 0x00, 0x00, 0x00, 0x00, 0x00, 0x00,
    0x00, 0x00, 0x00, 0x00, 0x00, 0x00, 0x00, 0x00, 0x00,
    0x00, 0x00, 0x00, 0x00, 0x00, 0x00, 0x00, 0x00, 0x00,
    0x00, 0x00, 0x00, 0x00, 0x00, 0x00, 0x00, 0x00, 0x00,
    0x00, 0x00, 0x00, 0x00, 0x00, 0x00, 0x00, 0x00, 0x00,
    0x00, 0x00, 0x00, 0x00, 0x00, 0x00, 0x00, 0x00, 0x00,
    0x00, 0x00, 0x00, 0x00, 0x00, 0x00, 0x00, 0x00, 0x00,
    0x00, 0x00, 0x00, 0x00, 0x00, 0x00, 0x00, 0x00, 0x00,
    0x00, 0x00, 0x00, 0x00, 0x00, 0x00, 0x00, 0x00, 0x00,
    0x00, 0x00, 0x00, 0x00, 0x00, 0x00, 0x00, 0x00, 0x00,
    0x00, 0x00, 0x00, 0x00, 0x00, 0x00, 0x00, 0x00, 0x00,
};

// 字符: 'v' (0x0076)
const uint8_t saiba_72_char_0076[648] = {
    0x00, 0x00, 0x00, 0x00, 0x00, 0x00, 0x00, 0x00, 0x00,
    0x00, 0x00, 0x00, 0x00, 0x00, 0x00, 0x00, 0x00, 0x00,
    0x00, 0x00, 0x00, 0x00, 0x00, 0x00, 0x00, 0x00, 0x00,
    0x00, 0x00, 0x00, 0x00, 0x00, 0x00, 0x00, 0x00, 0x00,
    0x00, 0x00, 0x00, 0x00, 0x00, 0x00, 0x00, 0x00, 0x00,
    0x00, 0x00, 0x00, 0x00, 0x00, 0x00, 0x00, 0x00, 0x00,
    0x00, 0x00, 0x00, 0x00, 0x00, 0x00, 0x00, 0x00, 0x00,
    0x00, 0x00, 0x00, 0x00, 0x00, 0x00, 0x00, 0x00, 0x00,
    0x00, 0x00, 0x00, 0x00, 0x00, 0x00, 0x00, 0x00, 0x00,
    0x00, 0x00, 0x00, 0x00, 0x00, 0x00, 0x00, 0x00, 0x00,
    0x00, 0x03, 0xFE, 0x00, 0x00, 0x1F, 0xF0, 0x00, 0x00,
    0x00, 0x03, 0xFF, 0x00, 0x00, 0x1F, 0xF8, 0x00, 0x00,
    0x00, 0x03, 0xFF, 0x80, 0x00, 0x1F, 0xFC, 0x00, 0x00,
    0x00, 0x03, 0xFF, 0xC0, 0x00, 0x1F, 0xFE, 0x00, 0x00,
    0x00, 0x03, 0xFF, 0xE0, 0x00, 0x1F, 0xFF, 0x00, 0x00,
    0x00, 0x03, 0xFF, 0xF0, 0x00, 0x1F, 0xFF, 0x80, 0x00,
    0x00, 0x03, 0xFF, 0xF0, 0x00, 0x1F, 0xFF, 0x80, 0x00,
    0x00, 0x03, 0xFF, 0xF0, 0x00, 0x1F, 0xFF, 0x80, 0x00,
    0x00, 0x03, 0xFF, 0xF0, 0x00, 0x1F, 0xFF, 0x80, 0x00,
    0x00, 0x03, 0xFF, 0xF0, 0x00, 0x1F, 0xFF, 0x80, 0x00,
    0x00, 0x03, 0xFF, 0xF0, 0x00, 0x1F, 0xFF, 0x80, 0x00,
    0x00, 0x03, 0xFF, 0xF0, 0x00, 0x1F, 0xFF, 0x80, 0x00,
    0x00, 0x03, 0xFF, 0xF0, 0x00, 0x1F, 0xFF, 0x80, 0x00,
    0x00, 0x03, 0xFF, 0xF0, 0x00, 0x1F, 0xFF, 0x80, 0x00,
    0x00, 0x03, 0xFF, 0xF0, 0x00, 0x1F, 0xFF, 0x80, 0x00,
    0x00, 0x03, 0xFF, 0xF0, 0x00, 0x1F, 0xFF, 0x80, 0x00,
    0x00, 0x03, 0xFF, 0xF0, 0x00, 0x1F, 0xFF, 0x80, 0x00,
    0x00, 0x03, 0xFF, 0xF0, 0x00, 0x1F, 0xFF, 0x80, 0x00,
    0x00, 0x03, 0xFF, 0xF0, 0x00, 0x1F, 0xFF, 0x80, 0x00,
    0x00, 0x03, 0xFF, 0xF0, 0x00, 0x1F, 0xFF, 0x80, 0x00,
    0x00, 0x03, 0xFF, 0xF0, 0x00, 0x1F, 0xFF, 0x80, 0x00,
    0x00, 0x03, 0xFF, 0xF0, 0x00, 0x1F, 0xFF, 0x80, 0x00,
    0x00, 0x03, 0xFF, 0xF0, 0x00, 0x1F, 0xFF, 0x80, 0x00,
    0x00, 0x03, 0xFF, 0xF0, 0x00, 0x1F, 0xFF, 0x80, 0x00,
    0x00, 0x03, 0xFF, 0xF0, 0x00, 0x1F, 0xFF, 0x80, 0x00,
    0x00, 0x03, 0xFF, 0xF0, 0x00, 0x1F, 0xFF, 0x80, 0x00,
    0x00, 0x03, 0xFF, 0xF0, 0x00, 0x1F, 0xFF, 0x80, 0x00,
    0x00, 0x03, 0xFF, 0xF0, 0x00, 0x1F, 0xFF, 0x80, 0x00,
    0x00, 0x03, 0xFF, 0xF0, 0x00, 0x1F, 0xFF, 0x80, 0x00,
    0x00, 0x03, 0xFF, 0xF0, 0x00, 0x1F, 0xFF, 0x80, 0x00,
    0x00, 0x03, 0xFF, 0xF0, 0x00, 0x1F, 0xFF, 0x80, 0x00,
    0x00, 0x03, 0xFF, 0xF8, 0x00, 0x1F, 0xFF, 0x80, 0x00,
    0x00, 0x03, 0xFF, 0xFC, 0x00, 0x1F, 0xFF, 0x80, 0x00,
    0x00, 0x03, 0xFF, 0xFE, 0x00, 0x1F, 0xFF, 0x80, 0x00,
    0x00, 0x03, 0xFF, 0xFF, 0x00, 0x1F, 0xFF, 0x80, 0x00,
    0x00, 0x03, 0xFF, 0xFF, 0x80, 0x1F, 0xFF, 0x80, 0x00,
    0x00, 0x03, 0xFF, 0xFF, 0xC0, 0x1F, 0xFF, 0x80, 0x00,
    0x00, 0x01, 0xFF, 0xFF, 0xE0, 0x1F, 0xFF, 0x80, 0x00,
    0x00, 0x00, 0xFF, 0xFF, 0xF0, 0x1F, 0xFF, 0x80, 0x00,
    0x00, 0x00, 0x7F, 0xFF, 0xF8, 0x1F, 0xFF, 0x80, 0x00,
    0x00, 0x00, 0x3F, 0xFF, 0xFC, 0x0F, 0xFF, 0x80, 0x00,
    0x00, 0x00, 0x1F, 0xFF, 0xFE, 0x07, 0xFF, 0x80, 0x00,
    0x00, 0x00, 0x0F, 0xFF, 0xFF, 0x03, 0xFF, 0x80, 0x00,
    0x00, 0x00, 0x07, 0xFF, 0xFF, 0x81, 0xFF, 0x80, 0x00,
    0x00, 0x00, 0x03, 0xFF, 0xFF, 0xC0, 0xFF, 0x80, 0x00,
    0x00, 0x00, 0x01, 0xFF, 0xFF, 0xE0, 0x7F, 0x80, 0x00,
    0x00, 0x00, 0x00, 0xFF, 0xFF, 0xF0, 0x00, 0x00, 0x00,
    0x00, 0x00, 0x00, 0x7F, 0xFF, 0xF8, 0x00, 0x00, 0x00,
    0x00, 0x00, 0x00, 0x3F, 0xFF, 0xFC, 0x00, 0x00, 0x00,
    0x00, 0x00, 0x00, 0x1F, 0xFF, 0xFE, 0x00, 0x00, 0x00,
    0x00, 0x00, 0x00, 0x00, 0x00, 0x00, 0x00, 0x00, 0x00,
    0x00, 0x00, 0x00, 0x00, 0x00, 0x00, 0x00, 0x00, 0x00,
    0x00, 0x00, 0x00, 0x00, 0x00, 0x00, 0x00, 0x00, 0x00,
    0x00, 0x00, 0x00, 0x00, 0x00, 0x00, 0x00, 0x00, 0x00,
    0x00, 0x00, 0x00, 0x00, 0x00, 0x00, 0x00, 0x00, 0x00,
    0x00, 0x00, 0x00, 0x00, 0x00, 0x00, 0x00, 0x00, 0x00,
    0x00, 0x00, 0x00, 0x00, 0x00, 0x00, 0x00, 0x00, 0x00,
    0x00, 0x00, 0x00, 0x00, 0x00, 0x00, 0x00, 0x00, 0x00,
    0x00, 0x00, 0x00, 0x00, 0x00, 0x00, 0x00, 0x00, 0x00,
    0x00, 0x00, 0x00, 0x00, 0x00, 0x00, 0x00, 0x00, 0x00,
    0x00, 0x00, 0x00, 0x00, 0x00, 0x00, 0x00, 0x00, 0x00,
    0x00, 0x00, 0x00, 0x00, 0x00, 0x00, 0x00, 0x00, 0x00,
};

// 字符: 'b' (0x0062)
const uint8_t saiba_72_char_0062[648] = {
    0x00, 0x00, 0x00, 0x00, 0x00, 0x00, 0x00, 0x00, 0x00,
    0x00, 0x00, 0x00, 0x00, 0x00, 0x00, 0x00, 0x00, 0x00,
    0x00, 0x00, 0x00, 0x00, 0x00, 0x00, 0x00, 0x00, 0x00,
    0x00, 0x00, 0x00, 0x00, 0x00, 0x00, 0x00, 0x00, 0x00,
    0x00, 0x00, 0x00, 0x00, 0x00, 0x00, 0x00, 0x00, 0x00,
    0x00, 0x00, 0x00, 0x00, 0x00, 0x00, 0x00, 0x00, 0x00,
    0x00, 0x00, 0x00, 0x00, 0x00, 0x00, 0x00, 0x00, 0x00,
    0x00, 0x00, 0x00, 0x00, 0x00, 0x00, 0x00, 0x00, 0x00,
    0x00, 0x00, 0x00, 0x00, 0x00, 0x00, 0x00, 0x00, 0x00,
    0x00, 0x00, 0x00, 0x00, 0x00, 0x00, 0x00, 0x00, 0x00,
    0x00, 0x03, 0xFF, 0xFF, 0xFF, 0xF8, 0x00, 0x00, 0x00,
    0x00, 0x00, 0xFF, 0xFF, 0xFF, 0xFC, 0x00, 0x00, 0x00,
    0x00, 0x00, 0x7F, 0xFF, 0xFF, 0xFE, 0x00, 0x00, 0x00,
    0x00, 0x00, 0x3F, 0xFF, 0xFF, 0xFF, 0x00, 0x00, 0x00,
    0x00, 0x00, 0x1F, 0xFF, 0xFF, 0xFF, 0x80, 0x00, 0x00,
    0x00, 0x00, 0x0F, 0xFF, 0xFF, 0xFF, 0xC0, 0x00, 0x00,
    0x00, 0x00, 0x07, 0xFF, 0xFF, 0xFF, 0xE0, 0x00, 0x00,
    0x00, 0x00, 0x03, 0xFF, 0xFF, 0xFF, 0xF0, 0x00, 0x00,
    0x00, 0x00, 0x01, 0xFF, 0xFF, 0xFF, 0xF8, 0x00, 0x00,
    0x00, 0x00, 0x00, 0xFF, 0xFF, 0xFF, 0xFC, 0x00, 0x00,
    0x00, 0x03, 0xC0, 0x7F, 0xFF, 0xFF, 0xFE, 0x00, 0x00,
    0x00, 0x03, 0xE0, 0x3F, 0xFF, 0xFF, 0xFF, 0x00, 0x00,
    0x00, 0x03, 0xF0, 0x1F, 0xFF, 0xFF, 0xFF, 0x80, 0x00,
    0x00, 0x03, 0xF8, 0x00, 0x01, 0xFF, 0xFF, 0x80, 0x00,
    0x00, 0x03, 0xFC, 0x00, 0x00, 0xFF, 0xFF, 0x80, 0x00,
    0x00, 0x03, 0xFE, 0x00, 0x00, 0x7F, 0xFF, 0x80, 0x00,
    0x00, 0x03, 0xFF, 0x00, 0x00, 0x3F, 0xFF, 0x80, 0x00,
    0x00, 0x03, 0xFF, 0x80, 0x00, 0x3F, 0xFF, 0x80, 0x00,
    0x00, 0x03, 0xFF, 0xC0, 0x00, 0x3F, 0xFF, 0x80, 0x00,
    0x00, 0x03, 0xFF, 0xFF, 0xFF, 0xFF, 0xFF, 0x80, 0x00,
    0x00, 0x03, 0xFF, 0xFF, 0xFF, 0xFF, 0xFF, 0x80, 0x00,
    0x00, 0x03, 0xFF, 0xFF, 0xFF, 0xFF, 0xFF, 0x80, 0x00,
    0x00, 0x03, 0xFF, 0xFF, 0xFF, 0xFF, 0xFF, 0x80, 0x00,
    0x00, 0x03, 0xFF, 0xFF, 0xFF, 0xFF, 0xFF, 0x80, 0x00,
    0x00, 0x03, 0xFF, 0xFF, 0xFF, 0xFF, 0xFF, 0x80, 0x00,
    0x00, 0x03, 0xFF, 0xFF, 0xFF, 0xFF, 0xE0, 0x00, 0x00,
    0x00, 0x03, 0xFF, 0xFF, 0xFF, 0xFF, 0xF0, 0x00, 0x00,
    0x00, 0x03, 0xFF, 0xFF, 0xFF, 0xFF, 0xF8, 0x00, 0x00,
    0x00, 0x03, 0xFF, 0xFF, 0xFF, 0xFF, 0xFC, 0x00, 0x00,
    0x00, 0x03, 0xFF, 0xFF, 0xFF, 0xFF, 0xFE, 0x00, 0x00,
    0x00, 0x03, 0xFF, 0xFF, 0xFF, 0xFF, 0xFF, 0x00, 0x00,
    0x00, 0x03, 0xFF, 0xFF, 0xFF, 0xFF, 0xFF, 0x80, 0x00,
    0x00, 0x03, 0xFF, 0xE0, 0x00, 0x3F, 0xFF, 0x80, 0x00,
    0x00, 0x03, 0xFF, 0xE0, 0x00, 0x1F, 0xFF, 0x80, 0x00,
    0x00, 0x03, 0xFF, 0xE0, 0x00, 0x0F, 0xFF, 0x80, 0x00,
    0x00, 0x03, 0xFF, 0xF0, 0x00, 0x0F, 0xFF, 0x80, 0x00,
    0x00, 0x03, 0xFF, 0xF8, 0x00, 0x0F, 0xFF, 0x80, 0x00,
    0x00, 0x03, 0xFF, 0xFF, 0xFF, 0xFF, 0xFF, 0x80, 0x00,
    0x00, 0x03, 0xFF, 0xFF, 0xFF, 0xFF, 0xFF, 0x80, 0x00,
    0x00, 0x03, 0xFF, 0xFF, 0xFF, 0xFF, 0xFF, 0x80, 0x00,
    0x00, 0x03, 0xFF, 0xFF, 0xFF, 0xFF, 0xFF, 0x80, 0x00,
    0x00, 0x03, 0xFF, 0xFF, 0xFF, 0xFF, 0xFF, 0x80, 0x00,
    0x00, 0x03, 0xFF, 0xFF, 0xFF, 0xFF, 0xFF, 0x80, 0x00,
    0x00, 0x03, 0xFF, 0xFF, 0xFF, 0xFF, 0xFF, 0x80, 0x00,
    0x00, 0x03, 0xFF, 0xFF, 0xFF, 0xFF, 0xFF, 0x80, 0x00,
    0x00, 0x01, 0xFF, 0xFF, 0xFF, 0xFF, 0xFF, 0x00, 0x00,
    0x00, 0x00, 0xFF, 0xFF, 0xFF, 0xFF, 0xFE, 0x00, 0x00,
    0x00, 0x00, 0x7F, 0xFF, 0xFF, 0xFF, 0xFC, 0x00, 0x00,
    0x00, 0x00, 0x3F, 0xFF, 0xFF, 0xFF, 0xF8, 0x00, 0x00,
    0x00, 0x00, 0x1F, 0xFF, 0xFF, 0xFF, 0xF0, 0x00, 0x00,
    0x00, 0x00, 0x00, 0x00, 0x00, 0x00, 0x00, 0x00, 0x00,
    0x00, 0x00, 0x00, 0x00, 0x00, 0x00, 0x00, 0x00, 0x00,
    0x00, 0x00, 0x00, 0x00, 0x00, 0x00, 0x00, 0x00, 0x00,
    0x00, 0x00, 0x00, 0x00, 0x00, 0x00, 0x00, 0x00, 0x00,
    0x00, 0x00, 0x00, 0x00, 0x00, 0x00, 0x00, 0x00, 0x00,
    0x00, 0x00, 0x00, 0x00, 0x00, 0x00, 0x00, 0x00, 0x00,
    0x00, 0x00, 0x00, 0x00, 0x00, 0x00, 0x00, 0x00, 0x00,
    0x00, 0x00, 0x00, 0x00, 0x00, 0x00, 0x00, 0x00, 0x00,
    0x00, 0x00, 0x00, 0x00, 0x00, 0x00, 0x00, 0x00, 0x00,
    0x00, 0x00, 0x00, 0x00, 0x00, 0x00, 0x00, 0x00, 0x00,
    0x00, 0x00, 0x00, 0x00, 0x00, 0x00, 0x00, 0x00, 0x00,
    0x00, 0x00, 0x00, 0x00, 0x00, 0x00, 0x00, 0x00, 0x00,
};

// 字符: 'n' (0x006E)
const uint8_t saiba_72_char_006E[648] = {
    0x00, 0x00, 0x00, 0x00, 0x00, 0x00, 0x00, 0x00, 0x00,
    0x00, 0x00, 0x00, 0x00, 0x00, 0x00, 0x00, 0x00, 0x00,
    0x00, 0x00, 0x00, 0x00, 0x00, 0x00, 0x00, 0x00, 0x00,
    0x00, 0x00, 0x00, 0x00, 0x00, 0x00, 0x00, 0x00, 0x00,
    0x00, 0x00, 0x00, 0x00, 0x00, 0x00, 0x00, 0x00, 0x00,
    0x00, 0x00, 0x00, 0x00, 0x00, 0x00, 0x00, 0x00, 0x00,
    0x00, 0x00, 0x00, 0x00, 0x00, 0x00, 0x00, 0x00, 0x00,
    0x00, 0x00, 0x00, 0x00, 0x00, 0x00, 0x00, 0x00, 0x00,
    0x00, 0x00, 0x00, 0x00, 0x00, 0x00, 0x00, 0x00, 0x00,
    0x00, 0x00, 0x00, 0x00, 0x00, 0x00, 0x00, 0x00, 0x00,
    0x00, 0x03, 0xFF, 0xFF, 0xFF, 0xFF, 0xF0, 0x00, 0x00,
    0x00, 0x03, 0xFF, 0xFF, 0xFF, 0xFF, 0xF8, 0x00, 0x00,
    0x00, 0x03, 0xFF, 0xFF, 0xFF, 0xFF, 0xFC, 0x00, 0x00,
    0x00, 0x03, 0xFF, 0xFF, 0xFF, 0xFF, 0xFE, 0x00, 0x00,
    0x00, 0x03, 0xFF, 0xFF, 0xFF, 0xFF, 0xFF, 0x00, 0x00,
    0x00, 0x03, 0xFF, 0xFF, 0xFF, 0xFF, 0xFF, 0x80, 0x00,
    0x00, 0x03, 0xFF, 0xFF, 0xFF, 0xFF, 0xFF, 0x80, 0x00,
    0x00, 0x03, 0xFF, 0xFF, 0xFF, 0xFF, 0xFF, 0x80, 0x00,
    0x00, 0x03, 0xFF, 0xFF, 0xFF, 0xFF, 0xFF, 0x80, 0x00,
    0x00, 0x03, 0xFF, 0xFF, 0xFF, 0xFF, 0xFF, 0x80, 0x00,
    0x00, 0x03, 0xFF, 0xFF, 0xFF, 0xFF, 0xFF, 0x80, 0x00,
    0x00, 0x03, 0xFF, 0xFF, 0xFF, 0xFF, 0xFF, 0x80, 0x00,
    0x00, 0x03, 0xFF, 0xFF, 0xFF, 0xFF, 0xFF, 0x80, 0x00,
    0x00, 0x03, 0xFF, 0x00, 0x00, 0x3F, 0xFF, 0x80, 0x00,
    0x00, 0x03, 0xFF, 0x80, 0x00, 0x1F, 0xFF, 0x80, 0x00,
    0x00, 0x03, 0xFF, 0xC0, 0x00, 0x0F, 0xFF, 0x80, 0x00,
    0x00, 0x03, 0xFF, 0xE0, 0x00, 0x07, 0xFF, 0x80, 0x00,
    0x00, 0x03, 0xFF, 0xE0, 0x00, 0x03, 0xFF, 0x80, 0x00,
    0x00, 0x03, 0xFF, 0xE0, 0x00, 0x01, 0xFF, 0x80, 0x00,
    0x00, 0x03, 0xFF, 0xE0, 0x00, 0x00, 0xFF, 0x80, 0x00,
    0x00, 0x03, 0xFF, 0xE0, 0x00, 0x00, 0x7F, 0x80, 0x00,
    0x00, 0x03, 0xFF, 0xE0, 0x00, 0x00, 0x3F, 0x80, 0x00,
    0x00, 0x03, 0xFF, 0xE0, 0x00, 0x00, 0x1F, 0x80, 0x00,
    0x00, 0x03, 0xFF, 0xE0, 0x00, 0x00, 0x0F, 0x80, 0x00,
    0x00, 0x03, 0xFF, 0xE0, 0x00, 0x00, 0x07, 0x80, 0x00,
    0x00, 0x03, 0xFF, 0xE0, 0x00, 0x00, 0x03, 0x80, 0x00,
    0x00, 0x03, 0xFF, 0xE0, 0x00, 0x0F, 0x81, 0x80, 0x00,
    0x00, 0x03, 0xFF, 0xE0, 0x00, 0x0F, 0xC0, 0x80, 0x00,
    0x00, 0x03, 0xFF, 0xE0, 0x00, 0x0F, 0xE0, 0x80, 0x00,
    0x00, 0x03, 0xFF, 0xE0, 0x00, 0x0F, 0xF0, 0x00, 0x00,
    0x00, 0x03, 0xFF, 0xE0, 0x00, 0x0F, 0xF8, 0x00, 0x00,
    0x00, 0x03, 0xFF, 0xE0, 0x00, 0x0F, 0xFC, 0x00, 0x00,
    0x00, 0x03, 0xFF, 0xE0, 0x00, 0x0F, 0xFE, 0x00, 0x00,
    0x00, 0x03, 0xFF, 0xE0, 0x00, 0x0F, 0xFF, 0x00, 0x00,
    0x00, 0x03, 0xFF, 0xE0, 0x00, 0x0F, 0xFF, 0x80, 0x00,
    0x00, 0x03, 0xFF, 0xE0, 0x00, 0x0F, 0xFF, 0x80, 0x00,
    0x00, 0x03, 0xFF, 0xE0, 0x00, 0x0F, 0xFF, 0x80, 0x00,
    0x00, 0x03, 0xFF, 0xE0, 0x00, 0x0F, 0xFF, 0x80, 0x00,
    0x00, 0x03, 0xFF, 0xE0, 0x00, 0x0F, 0xFF, 0x80, 0x00,
    0x00, 0x03, 0xFF, 0xE0, 0x00, 0x0F, 0xFF, 0x80, 0x00,
    0x00, 0x03, 0xFF, 0xE0, 0x00, 0x0F, 0xFF, 0x80, 0x00,
    0x00, 0x03, 0xFF, 0xE0, 0x00, 0x0F, 0xFF, 0x80, 0x00,
    0x00, 0x03, 0xFF, 0xE0, 0x00, 0x0F, 0xFF, 0x80, 0x00,
    0x00, 0x03, 0xFF, 0xE0, 0x00, 0x0F, 0xFF, 0x80, 0x00,
    0x00, 0x03, 0xFF, 0xE0, 0x00, 0x07, 0xFF, 0x80, 0x00,
    0x00, 0x01, 0xFF, 0xE0, 0x00, 0x03, 0xFF, 0x80, 0x00,
    0x00, 0x00, 0xFF, 0xE0, 0x00, 0x01, 0xFF, 0x80, 0x00,
    0x00, 0x00, 0x7F, 0xE0, 0x00, 0x00, 0xFF, 0x80, 0x00,
    0x00, 0x00, 0x3F, 0xE0, 0x00, 0x00, 0x7F, 0x80, 0x00,
    0x00, 0x00, 0x1F, 0xE0, 0x00, 0x00, 0x3F, 0x80, 0x00,
    0x00, 0x00, 0x00, 0x00, 0x00, 0x00, 0x00, 0x00, 0x00,
    0x00, 0x00, 0x00, 0x00, 0x00, 0x00, 0x00, 0x00, 0x00,
    0x00, 0x00, 0x00, 0x00, 0x00, 0x00, 0x00, 0x00, 0x00,
    0x00, 0x00, 0x00, 0x00, 0x00, 0x00, 0x00, 0x00, 0x00,
    0x00, 0x00, 0x00, 0x00, 0x00, 0x00, 0x00, 0x00, 0x00,
    0x00, 0x00, 0x00, 0x00, 0x00, 0x00, 0x00, 0x00, 0x00,
    0x00, 0x00, 0x00, 0x00, 0x00, 0x00, 0x00, 0x00, 0x00,
    0x00, 0x00, 0x00, 0x00, 0x00, 0x00, 0x00, 0x00, 0x00,
    0x00, 0x00, 0x00, 0x00, 0x00, 0x00, 0x00, 0x00, 0x00,
    0x00, 0x00, 0x00, 0x00, 0x00, 0x00, 0x00, 0x00, 0x00,
    0x00, 0x00, 0x00, 0x00, 0x00, 0x00, 0x00, 0x00, 0x00,
    0x00, 0x00, 0x00, 0x00, 0x00, 0x00, 0x00, 0x00, 0x00,
};

// 字符: 'm' (0x006D)
const uint8_t saiba_72_char_006D[648] = {
    0x00, 0x00, 0x00, 0x00, 0x00, 0x00, 0x00, 0x00, 0x00,
    0x00, 0x00, 0x00, 0x00, 0x00, 0x00, 0x00, 0x00, 0x00,
    0x00, 0x00, 0x00, 0x00, 0x00, 0x00, 0x00, 0x00, 0x00,
    0x00, 0x00, 0x00, 0x00, 0x00, 0x00, 0x00, 0x00, 0x00,
    0x00, 0x00, 0x00, 0x00, 0x00, 0x00, 0x00, 0x00, 0x00,
    0x00, 0x00, 0x00, 0x00, 0x00, 0x00, 0x00, 0x00, 0x00,
    0x00, 0x00, 0x00, 0x00, 0x00, 0x00, 0x00, 0x00, 0x00,
    0x00, 0x00, 0x00, 0x00, 0x00, 0x00, 0x00, 0x00, 0x00,
    0x00, 0x00, 0x00, 0x00, 0x00, 0x00, 0x00, 0x00, 0x00,
    0x00, 0x00, 0x00, 0x00, 0x00, 0x00, 0x00, 0x00, 0x00,
    0x00, 0x03, 0xFF, 0xF0, 0x00, 0xFF, 0xF0, 0x00, 0x00,
    0x00, 0x03, 0xFF, 0xF8, 0x00, 0xFF, 0xF8, 0x00, 0x00,
    0x00, 0x03, 0xFF, 0xFC, 0x00, 0xFF, 0xFC, 0x00, 0x00,
    0x00, 0x03, 0xFF, 0xFE, 0x00, 0xFF, 0xFE, 0x00, 0x00,
    0x00, 0x03, 0xFF, 0xFF, 0x00, 0xFF, 0xFF, 0x00, 0x00,
    0x00, 0x03, 0xFF, 0xFF, 0x80, 0xFF, 0xFF, 0x80, 0x00,
    0x00, 0x03, 0xFF, 0xFF, 0xC0, 0xFF, 0xFF, 0x80, 0x00,
    0x00, 0x03, 0xFF, 0xFF, 0xE0, 0xFF, 0xFF, 0x80, 0x00,
    0x00, 0x03, 0xFF, 0xFF, 0xF0, 0xFF, 0xFF, 0x80, 0x00,
    0x00, 0x03, 0xFF, 0xFF, 0xFF, 0xFF, 0xFF, 0x80, 0x00,
    0x00, 0x03, 0xFF, 0xFF, 0xFF, 0xFF, 0xFF, 0x80, 0x00,
    0x00, 0x03, 0xFF, 0xFF, 0xFF, 0xFF, 0xFF, 0x80, 0x00,
    0x00, 0x03, 0xFF, 0xFF, 0xFF, 0xFF, 0xFF, 0x80, 0x00,
    0x00, 0x03, 0xFF, 0xFF, 0xFF, 0xFF, 0xFF, 0x80, 0x00,
    0x00, 0x03, 0xFF, 0xFF, 0xFF, 0xFF, 0xFF, 0x80, 0x00,
    0x00, 0x03, 0xFF, 0xFF, 0xFF, 0xFF, 0xFF, 0x80, 0x00,
    0x00, 0x03, 0xFF, 0xFF, 0xFF, 0xFF, 0xFF, 0x80, 0x00,
    0x00, 0x03, 0xFF, 0xFF, 0xFF, 0xFF, 0xFF, 0x80, 0x00,
    0x00, 0x03, 0xFF, 0xFF, 0xFF, 0xFF, 0xFF, 0x80, 0x00,
    0x00, 0x03, 0xFF, 0xFF, 0xFF, 0xFF, 0xFF, 0x80, 0x00,
    0x00, 0x03, 0xFF, 0xFF, 0xFF, 0xFF, 0xFF, 0x80, 0x00,
    0x00, 0x03, 0xFF, 0xFF, 0xFF, 0xFF, 0xFF, 0x80, 0x00,
    0x00, 0x03, 0xFF, 0xFF, 0xFF, 0xFF, 0xFF, 0x80, 0x00,
    0x00, 0x03, 0xFF, 0xFF, 0xFF, 0xFF, 0xFF, 0x80, 0x00,
    0x00, 0x03, 0xFF, 0xFF, 0xFF, 0xFF, 0xFF, 0x80, 0x00,
    0x00, 0x03, 0xFF, 0xEF, 0xFF, 0xFF, 0xFF, 0x80, 0x00,
    0x00, 0x03, 0xFF, 0xE7, 0xFF, 0xFF, 0xFF, 0x80, 0x00,
    0x00, 0x03, 0xFF, 0xE3, 0xFF, 0xFF, 0xFF, 0x80, 0x00,
    0x00, 0x03, 0xFF, 0xE1, 0xFF, 0xF7, 0xFF, 0x80, 0x00,
    0x00, 0x03, 0xFF, 0xE1, 0xFF, 0xF3, 0xFF, 0x80, 0x00,
    0x00, 0x03, 0xFF, 0xE1, 0xFF, 0xF1, 0xFF, 0x80, 0x00,
    0x00, 0x03, 0xFF, 0xE0, 0xFF, 0xF0, 0xFF, 0x80, 0x00,
    0x00, 0x03, 0xFF, 0xE0, 0x7F, 0xF0, 0x7F, 0x80, 0x00,
    0x00, 0x03, 0xFF, 0xE0, 0x3F, 0xF0, 0x3F, 0x80, 0x00,
    0x00, 0x03, 0xFF, 0xE0, 0x1F, 0xF0, 0x1F, 0x80, 0x00,
    0x00, 0x03, 0xFF, 0xE0, 0x0F, 0xF0, 0x0F, 0x80, 0x00,
    0x00, 0x03, 0xFF, 0xE0, 0x00, 0x00, 0x07, 0x80, 0x00,
    0x00, 0x03, 0xFF, 0xE0, 0x00, 0x00, 0x00, 0x00, 0x00,
    0x00, 0x03, 0xFF, 0xE0, 0x00, 0x0F, 0x80, 0x00, 0x00,
    0x00, 0x03, 0xFF, 0xE0, 0x00, 0x0F, 0xC0, 0x00, 0x00,
    0x00, 0x03, 0xFF, 0xE0, 0x00, 0x0F, 0xE0, 0x00, 0x00,
    0x00, 0x03, 0xFF, 0xE0, 0x00, 0x0F, 0xF0, 0x00, 0x00,
    0x00, 0x03, 0xFF, 0xE0, 0x00, 0x0F, 0xF8, 0x00, 0x00,
    0x00, 0x03, 0xFF, 0xE0, 0x00, 0x0F, 0xFC, 0x00, 0x00,
    0x00, 0x03, 0xFF, 0xE0, 0x00, 0x0F, 0xFE, 0x00, 0x00,
    0x00, 0x01, 0xFF, 0xE0, 0x00, 0x0F, 0xFF, 0x00, 0x00,
    0x00, 0x00, 0xFF, 0xE0, 0x00, 0x0F, 0xFF, 0x80, 0x00,
    0x00, 0x00, 0x7F, 0xE0, 0x00, 0x0F, 0xFF, 0x80, 0x00,
    0x00, 0x00, 0x3F, 0xE0, 0x00, 0x0F, 0xFF, 0x80, 0x00,
    0x00, 0x00, 0x1F, 0xE0, 0x00, 0x0F, 0xFF, 0x80, 0x00,
    0x00, 0x00, 0x00, 0x00, 0x00, 0x00, 0x00, 0x00, 0x00,
    0x00, 0x00, 0x00, 0x00, 0x00, 0x00, 0x00, 0x00, 0x00,
    0x00, 0x00, 0x00, 0x00, 0x00, 0x00, 0x00, 0x00, 0x00,
    0x00, 0x00, 0x00, 0x00, 0x00, 0x00, 0x00, 0x00, 0x00,
    0x00, 0x00, 0x00, 0x00, 0x00, 0x00, 0x00, 0x00, 0x00,
    0x00, 0x00, 0x00, 0x00, 0x00, 0x00, 0x00, 0x00, 0x00,
    0x00, 0x00, 0x00, 0x00, 0x00, 0x00, 0x00, 0x00, 0x00,
    0x00, 0x00, 0x00, 0x00, 0x00, 0x00, 0x00, 0x00, 0x00,
    0x00, 0x00, 0x00, 0x00, 0x00, 0x00, 0x00, 0x00, 0x00,
    0x00, 0x00, 0x00, 0x00, 0x00, 0x00, 0x00, 0x00, 0x00,
    0x00, 0x00, 0x00, 0x00, 0x00, 0x00, 0x00, 0x00, 0x00,
    0x00, 0x00, 0x00, 0x00, 0x00, 0x00, 0x00, 0x00, 0x00,
};

// 字符: 'Q' (0x0051)
const uint8_t saiba_72_char_0051[648] = {
    0x00, 0x00, 0x00, 0x00, 0x00, 0x00, 0x00, 0x00, 0x00,
    0x00, 0x00, 0x00, 0x00, 0x00, 0x00, 0x00, 0x00, 0x00,
    0x00, 0x00, 0x00, 0x00, 0x00, 0x00, 0x00, 0x00, 0x00,
    0x00, 0x00, 0x00, 0x00, 0x00, 0x00, 0x00, 0x00, 0x00,
    0x00, 0x00, 0x00, 0x00, 0x00, 0x00, 0x00, 0x00, 0x00,
    0x00, 0x00, 0x00, 0x00, 0x00, 0x00, 0x00, 0x00, 0x00,
    0x00, 0x00, 0x00, 0x00, 0x00, 0x00, 0x00, 0x00, 0x00,
    0x00, 0x00, 0x00, 0x00, 0x00, 0x00, 0x00, 0x00, 0x00,
    0x00, 0x00, 0x00, 0x00, 0x00, 0x00, 0x00, 0x00, 0x00,
    0x00, 0x00, 0x00, 0x00, 0x00, 0x00, 0x00, 0x00, 0x00,
    0x00, 0x00, 0x1F, 0xFF, 0xFF, 0xFF, 0xF0, 0x00, 0x00,
    0x00, 0x00, 0x3F, 0xFF, 0xFF, 0xFF, 0xF8, 0x00, 0x00,
    0x00, 0x00, 0x7F, 0xFF, 0xFF, 0xFF, 0xFC, 0x00, 0x00,
    0x00, 0x00, 0xFF, 0xFF, 0xFF, 0xFF, 0xFE, 0x00, 0x00,
    0x00, 0x01, 0xFF, 0xFF, 0xFF, 0xFF, 0xFF, 0x00, 0x00,
    0x00, 0x03, 0xFF, 0xFF, 0xFF, 0xFF, 0xFF, 0x80, 0x00,
    0x00, 0x03, 0xFF, 0xFF, 0xFF, 0xFF, 0xFF, 0x80, 0x00,
    0x00, 0x03, 0xFF, 0xFF, 0xFF, 0xFF, 0xFF, 0x80, 0x00,
    0x00, 0x03, 0xFF, 0xFF, 0xFF, 0xFF, 0xFF, 0x80, 0x00,
    0x00, 0x03, 0xFF, 0xFF, 0xFF, 0xFF, 0xFF, 0x80, 0x00,
    0x00, 0x03, 0xFF, 0xFF, 0xFF, 0xFF, 0xFF, 0x80, 0x00,
    0x00, 0x03, 0xFF, 0xFF, 0xFF, 0xFF, 0xFF, 0x80, 0x00,
    0x00, 0x03, 0xFF, 0xFF, 0xFF, 0xFF, 0xFF, 0x80, 0x00,
    0x00, 0x03, 0xFF, 0x80, 0x00, 0x3F, 0xFF, 0x80, 0x00,
    0x00, 0x03, 0xFF, 0xC0, 0x00, 0x1F, 0xFF, 0x80, 0x00,
    0x00, 0x03, 0xFF, 0xE0, 0x00, 0x0F, 0xFF, 0x80, 0x00,
    0x00, 0x03, 0xFF, 0xE0, 0x00, 0x0F, 0xFF, 0x80, 0x00,
    0x00, 0x03, 0xFF, 0xE0, 0x00, 0x0F, 0xFF, 0x80, 0x00,
    0x00, 0x03, 0xFF, 0xE0, 0x00, 0x0F, 0xFF, 0x80, 0x00,
    0x00, 0x03, 0xFF, 0xE0, 0x00, 0x0F, 0xFF, 0x80, 0x00,
    0x00, 0x03, 0xFF, 0xE0, 0x00, 0x0F, 0xFF, 0x80, 0x00,
    0x00, 0x03, 0xFF, 0xE0, 0x00, 0x0F, 0xFF, 0x80, 0x00,
    0x00, 0x03, 0xFF, 0xE0, 0x00, 0x07, 0xFF, 0x80, 0x00,
    0x00, 0x03, 0xFF, 0xE0, 0x00, 0x03, 0xFF, 0x80, 0x00,
    0x00, 0x03, 0xFF, 0xE1, 0xFF, 0xC1, 0xFF, 0x80, 0x00,
    0x00, 0x03, 0xFF, 0xE1, 0xFF, 0xE0, 0xFF, 0x80, 0x00,
    0x00, 0x03, 0xFF, 0xE1, 0xFF, 0xF0, 0x7F, 0x80, 0x00,
    0x00, 0x03, 0xFF, 0xE1, 0xFF, 0xF8, 0x3F, 0x80, 0x00,
    0x00, 0x03, 0xFF, 0xE1, 0xFF, 0xFC, 0x1F, 0x80, 0x00,
    0x00, 0x03, 0xFF, 0xE1, 0xFF, 0xFE, 0x0F, 0x80, 0x00,
    0x00, 0x03, 0xFF, 0xE1, 0xFF, 0xFF, 0x00, 0x00, 0x00,
    0x00, 0x03, 0xFF, 0xE1, 0xFF, 0xFF, 0x80, 0x00, 0x00,
    0x00, 0x03, 0xFF, 0xE1, 0xFF, 0xFF, 0xC0, 0x00, 0x00,
    0x00, 0x03, 0xFF, 0xE0, 0xFF, 0xFF, 0xE0, 0x00, 0x00,
    0x00, 0x03, 0xFF, 0xE0, 0x7F, 0xFF, 0xF0, 0x00, 0x00,
    0x00, 0x03, 0xFF, 0xE0, 0x3F, 0xFF, 0xF8, 0x00, 0x00,
    0x00, 0x03, 0xFF, 0xE0, 0x1F, 0xFF, 0xFC, 0x00, 0x00,
    0x00, 0x03, 0xFF, 0xFC, 0x0F, 0xFF, 0xFE, 0x00, 0x00,
    0x00, 0x03, 0xFF, 0xFE, 0x07, 0xFF, 0xFF, 0x00, 0x00,
    0x00, 0x03, 0xFF, 0xFF, 0x03, 0xFF, 0xFF, 0x80, 0x00,
    0x00, 0x03, 0xFF, 0xFF, 0x81, 0xFF, 0xFF, 0x80, 0x00,
    0x00, 0x03, 0xFF, 0xFF, 0xC0, 0xFF, 0xFF, 0x80, 0x00,
    0x00, 0x03, 0xFF, 0xFF, 0xE0, 0x7F, 0xFF, 0x80, 0x00,
    0x00, 0x03, 0xFF, 0xFF, 0xF0, 0x3F, 0xFF, 0x80, 0x00,
    0x00, 0x03, 0xFF, 0xFF, 0xF8, 0x1F, 0xFF, 0x80, 0x00,
    0x00, 0x01, 0xFF, 0xFF, 0xFC, 0x0F, 0xFF, 0x80, 0x00,
    0x00, 0x00, 0xFF, 0xFF, 0xFC, 0x07, 0xFF, 0x80, 0x00,
    0x00, 0x00, 0x7F, 0xFF, 0xFC, 0x03, 0xFF, 0x80, 0x00,
    0x00, 0x00, 0x3F, 0xFF, 0xFC, 0x01, 0xFF, 0x80, 0x00,
    0x00, 0x00, 0x1F, 0xFF, 0xFC, 0x00, 0xFF, 0x80, 0x00,
    0x00, 0x00, 0x00, 0x00, 0x00, 0x00, 0x00, 0x00, 0x00,
    0x00, 0x00, 0x00, 0x00, 0x00, 0x00, 0x00, 0x00, 0x00,
    0x00, 0x00, 0x00, 0x00, 0x00, 0x00, 0x00, 0x00, 0x00,
    0x00, 0x00, 0x00, 0x00, 0x00, 0x00, 0x00, 0x00, 0x00,
    0x00, 0x00, 0x00, 0x00, 0x00, 0x00, 0x00, 0x00, 0x00,
    0x00, 0x00, 0x00, 0x00, 0x00, 0x00, 0x00, 0x00, 0x00,
    0x00, 0x00, 0x00, 0x00, 0x00, 0x00, 0x00, 0x00, 0x00,
    0x00, 0x00, 0x00, 0x00, 0x00, 0x00, 0x00, 0x00, 0x00,
    0x00, 0x00, 0x00, 0x00, 0x00, 0x00, 0x00, 0x00, 0x00,
    0x00, 0x00, 0x00, 0x00, 0x00, 0x00, 0x00, 0x00, 0x00,
    0x00, 0x00, 0x00, 0x00, 0x00, 0x00, 0x00, 0x00, 0x00,
    0x00, 0x00, 0x00, 0x00, 0x00, 0x00, 0x00, 0x00, 0x00,
};

// 字符: 'W' (0x0057)
const uint8_t saiba_72_char_0057[648] = {
    0x00, 0x00, 0x00, 0x00, 0x00, 0x00, 0x00, 0x00, 0x00,
    0x00, 0x00, 0x00, 0x00, 0x00, 0x00, 0x00, 0x00, 0x00,
    0x00, 0x00, 0x00, 0x00, 0x00, 0x00, 0x00, 0x00, 0x00,
    0x00, 0x00, 0x00, 0x00, 0x00, 0x00, 0x00, 0x00, 0x00,
    0x00, 0x00, 0x00, 0x00, 0x00, 0x00, 0x00, 0x00, 0x00,
    0x00, 0x00, 0x00, 0x00, 0x00, 0x00, 0x00, 0x00, 0x00,
    0x00, 0x00, 0x00, 0x00, 0x00, 0x00, 0x00, 0x00, 0x00,
    0x00, 0x00, 0x00, 0x00, 0x00, 0x00, 0x00, 0x00, 0x00,
    0x00, 0x00, 0x00, 0x00, 0x00, 0x00, 0x00, 0x00, 0x00,
    0x00, 0x00, 0x00, 0x00, 0x00, 0x00, 0x00, 0x00, 0x00,
    0x00, 0x03, 0xFF, 0xE0, 0x00, 0x0F, 0xF0, 0x00, 0x00,
    0x00, 0x03, 0xFF, 0xE0, 0x00, 0x0F, 0xF8, 0x00, 0x00,
    0x00, 0x03, 0xFF, 0xE0, 0x00, 0x0F, 0xFC, 0x00, 0x00,
    0x00, 0x01, 0xFF, 0xE0, 0x00, 0x0F, 0xFE, 0x00, 0x00,
    0x00, 0x00, 0xFF, 0xE0, 0x00, 0x0F, 0xFF, 0x00, 0x00,
    0x00, 0x00, 0x7F, 0xE0, 0x00, 0x0F, 0xFF, 0x80, 0x00,
    0x00, 0x00, 0x3F, 0xE0, 0x00, 0x0F, 0xFF, 0x80, 0x00,
    0x00, 0x00, 0x1F, 0xE0, 0x00, 0x0F, 0xFF, 0x80, 0x00,
    0x00, 0x00, 0x0F, 0xE0, 0x00, 0x0F, 0xFF, 0x80, 0x00,
    0x00, 0x00, 0x07, 0xE0, 0x00, 0x0F, 0xFF, 0x80, 0x00,
    0x00, 0x00, 0x03, 0xE0, 0x00, 0x0F, 0xFF, 0x80, 0x00,
    0x00, 0x00, 0x00, 0x00, 0x00, 0x0F, 0xFF, 0x80, 0x00,
    0x00, 0x00, 0x00, 0x00, 0x00, 0x0F, 0xFF, 0x80, 0x00,
    0x00, 0x03, 0xC0, 0x00, 0x00, 0x0F, 0xFF, 0x80, 0x00,
    0x00, 0x03, 0xE0, 0x1F, 0xF0, 0x0F, 0xFF, 0x80, 0x00,
    0x00, 0x03, 0xF0, 0x1F, 0xF8, 0x0F, 0xFF, 0x80, 0x00,
    0x00, 0x03, 0xF8, 0x1F, 0xFC, 0x0F, 0xFF, 0x80, 0x00,
    0x00, 0x03, 0xFC, 0x1F, 0xFE, 0x0F, 0xFF, 0x80, 0x00,
    0x00, 0x03, 0xFE, 0x1F, 0xFF, 0x0F, 0xFF, 0x80, 0x00,
    0x00, 0x03, 0xFF, 0x1F, 0xFF, 0x0F, 0xFF, 0x80, 0x00,
    0x00, 0x03, 0xFF, 0x9F, 0xFF, 0x0F, 0xFF, 0x80, 0x00,
    0x00, 0x03, 0xFF, 0xDF, 0xFF, 0x8F, 0xFF, 0x80, 0x00,
    0x00, 0x03, 0xFF, 0xFF, 0xFF, 0xCF, 0xFF, 0x80, 0x00,
    0x00, 0x03, 0xFF, 0xFF, 0xFF, 0xEF, 0xFF, 0x80, 0x00,
    0x00, 0x03, 0xFF, 0xFF, 0xFF, 0xFF, 0xFF, 0x80, 0x00,
    0x00, 0x03, 0xFF, 0xFF, 0xFF, 0xFF, 0xFF, 0x80, 0x00,
    0x00, 0x03, 0xFF, 0xFF, 0xFF, 0xFF, 0xFF, 0x80, 0x00,
    0x00, 0x03, 0xFF, 0xFF, 0xFF, 0xFF, 0xFF, 0x80, 0x00,
    0x00, 0x03, 0xFF, 0xFF, 0xFF, 0xFF, 0xFF, 0x80, 0x00,
    0x00, 0x03, 0xFF, 0xFF, 0xFF, 0xFF, 0xFF, 0x80, 0x00,
    0x00, 0x03, 0xFF, 0xFF, 0xFF, 0xFF, 0xFF, 0x80, 0x00,
    0x00, 0x03, 0xFF, 0xFF, 0xFF, 0xFF, 0xFF, 0x80, 0x00,
    0x00, 0x03, 0xFF, 0xFF, 0xFF, 0xFF, 0xFF, 0x80, 0x00,
    0x00, 0x03, 0xFF, 0xFF, 0xFF, 0xFF, 0xFF, 0x80, 0x00,
    0x00, 0x03, 0xFF, 0xFF, 0xFF, 0xFF, 0xFF, 0x80, 0x00,
    0x00, 0x03, 0xFF, 0xFF, 0xFF, 0xFF, 0xFF, 0x80, 0x00,
    0x00, 0x03, 0xFF, 0xFF, 0xFF, 0xFF, 0xFF, 0x80, 0x00,
    0x00, 0x03, 0xFF, 0xFF, 0xFF, 0xFF, 0xFF, 0x80, 0x00,
    0x00, 0x03, 0xFF, 0xFF, 0xFF, 0xFF, 0xFF, 0x80, 0x00,
    0x00, 0x03, 0xFF, 0xFF, 0xFF, 0xFF, 0xFF, 0x80, 0x00,
    0x00, 0x03, 0xFF, 0xFF, 0xFF, 0xFF, 0xFF, 0x80, 0x00,
    0x00, 0x03, 0xFF, 0xFE, 0x0F, 0xFF, 0xFF, 0x80, 0x00,
    0x00, 0x03, 0xFF, 0xFE, 0x07, 0xFF, 0xFF, 0x80, 0x00,
    0x00, 0x03, 0xFF, 0xFE, 0x03, 0xFF, 0xFF, 0x80, 0x00,
    0x00, 0x03, 0xFF, 0xFE, 0x01, 0xFF, 0xFF, 0x80, 0x00,
    0x00, 0x01, 0xFF, 0xFE, 0x00, 0xFF, 0xFF, 0x80, 0x00,
    0x00, 0x00, 0xFF, 0xFE, 0x00, 0x7F, 0xFF, 0x80, 0x00,
    0x00, 0x00, 0x7F, 0xFE, 0x00, 0x3F, 0xFF, 0x80, 0x00,
    0x00, 0x00, 0x3F, 0xFE, 0x00, 0x1F, 0xFF, 0x80, 0x00,
    0x00, 0x00, 0x1F, 0xFE, 0x00, 0x0F, 0xFF, 0x80, 0x00,
    0x00, 0x00, 0x00, 0x00, 0x00, 0x00, 0x00, 0x00, 0x00,
    0x00, 0x00, 0x00, 0x00, 0x00, 0x00, 0x00, 0x00, 0x00,
    0x00, 0x00, 0x00, 0x00, 0x00, 0x00, 0x00, 0x00, 0x00,
    0x00, 0x00, 0x00, 0x00, 0x00, 0x00, 0x00, 0x00, 0x00,
    0x00, 0x00, 0x00, 0x00, 0x00, 0x00, 0x00, 0x00, 0x00,
    0x00, 0x00, 0x00, 0x00, 0x00, 0x00, 0x00, 0x00, 0x00,
    0x00, 0x00, 0x00, 0x00, 0x00, 0x00, 0x00, 0x00, 0x00,
    0x00, 0x00, 0x00, 0x00, 0x00, 0x00, 0x00, 0x00, 0x00,
    0x00, 0x00, 0x00, 0x00, 0x00, 0x00, 0x00, 0x00, 0x00,
    0x00, 0x00, 0x00, 0x00, 0x00, 0x00, 0x00, 0x00, 0x00,
    0x00, 0x00, 0x00, 0x00, 0x00, 0x00, 0x00, 0x00, 0x00,
    0x00, 0x00, 0x00, 0x00, 0x00, 0x00, 0x00, 0x00, 0x00,
};

// 字符: 'E' (0x0045)
const uint8_t saiba_72_char_0045[648] = {
    0x00, 0x00, 0x00, 0x00, 0x00, 0x00, 0x00, 0x00, 0x00,
    0x00, 0x00, 0x00, 0x00, 0x00, 0x00, 0x00, 0x00, 0x00,
    0x00, 0x00, 0x00, 0x00, 0x00, 0x00, 0x00, 0x00, 0x00,
    0x00, 0x00, 0x00, 0x00, 0x00, 0x00, 0x00, 0x00, 0x00,
    0x00, 0x00, 0x00, 0x00, 0x00, 0x00, 0x00, 0x00, 0x00,
    0x00, 0x00, 0x00, 0x00, 0x00, 0x00, 0x00, 0x00, 0x00,
    0x00, 0x00, 0x00, 0x00, 0x00, 0x00, 0x00, 0x00, 0x00,
    0x00, 0x00, 0x00, 0x00, 0x00, 0x00, 0x00, 0x00, 0x00,
    0x00, 0x00, 0x00, 0x00, 0x00, 0x00, 0x00, 0x00, 0x00,
    0x00, 0x00, 0x00, 0x00, 0x00, 0x00, 0x00, 0x00, 0x00,
    0x00, 0x00, 0x3F, 0xFF, 0xFF, 0xFF, 0xF0, 0x00, 0x00,
    0x00, 0x00, 0x3F, 0xFF, 0xFF, 0xFF, 0xF8, 0x00, 0x00,
    0x00, 0x00, 0x3F, 0xFF, 0xFF, 0xFF, 0xFC, 0x00, 0x00,
    0x00, 0x00, 0x3F, 0xFF, 0xFF, 0xFF, 0xFE, 0x00, 0x00,
    0x00, 0x00, 0x3F, 0xFF, 0xFF, 0xFF, 0xFF, 0x00, 0x00,
    0x00, 0x00, 0x1F, 0xFF, 0xFF, 0xFF, 0xFF, 0x80, 0x00,
    0x00, 0x02, 0x0F, 0xFF, 0xFF, 0xFF, 0xFF, 0x80, 0x00,
    0x00, 0x02, 0x07, 0xFF, 0xFF, 0xFF, 0xFF, 0x80, 0x00,
    0x00, 0x03, 0x03, 0xFF, 0xFF, 0xFF, 0xFF, 0x80, 0x00,
    0x00, 0x03, 0x81, 0xFF, 0xFF, 0xFF, 0xFF, 0x80, 0x00,
    0x00, 0x03, 0xC0, 0xFF, 0xFF, 0xFF, 0xFF, 0x80, 0x00,
    0x00, 0x03, 0xE0, 0x7F, 0xFF, 0xFF, 0xFF, 0x80, 0x00,
    0x00, 0x03, 0xF0, 0x3F, 0xFF, 0xFF, 0xFF, 0x80, 0x00,
    0x00, 0x03, 0xF8, 0x00, 0x00, 0x01, 0xFF, 0x80, 0x00,
    0x00, 0x03, 0xFC, 0x00, 0x00, 0x00, 0xFF, 0x80, 0x00,
    0x00, 0x03, 0xFE, 0x00, 0x00, 0x00, 0x7F, 0x80, 0x00,
    0x00, 0x03, 0xFF, 0x00, 0x00, 0x00, 0x3F, 0x80, 0x00,
    0x00, 0x03, 0xFF, 0x80, 0x00, 0x00, 0x1F, 0x80, 0x00,
    0x00, 0x03, 0xFF, 0xC0, 0x00, 0x00, 0x0F, 0x80, 0x00,
    0x00, 0x03, 0xFF, 0xE1, 0xFF, 0xE0, 0x00, 0x00, 0x00,
    0x00, 0x03, 0xFF, 0xE1, 0xFF, 0xF0, 0x00, 0x00, 0x00,
    0x00, 0x03, 0xFF, 0xE1, 0xFF, 0xF8, 0x00, 0x00, 0x00,
    0x00, 0x03, 0xFF, 0xE1, 0xFF, 0xFC, 0x00, 0x00, 0x00,
    0x00, 0x03, 0xFF, 0xE1, 0xFF, 0xFE, 0x00, 0x00, 0x00,
    0x00, 0x03, 0xFF, 0xE1, 0xFF, 0xFF, 0x00, 0x00, 0x00,
    0x00, 0x03, 0xFF, 0xE1, 0xFF, 0xFF, 0x80, 0x00, 0x00,
    0x00, 0x03, 0xFF, 0xE1, 0xFF, 0xFF, 0xC0, 0x00, 0x00,
    0x00, 0x03, 0xFF, 0xE1, 0xFF, 0xFF, 0xE0, 0x00, 0x00,
    0x00, 0x03, 0xFF, 0xE1, 0xFF, 0xFF, 0xE0, 0x00, 0x00,
    0x00, 0x03, 0xFF, 0xE1, 0xFF, 0xFF, 0xE0, 0x00, 0x00,
    0x00, 0x03, 0xFF, 0xE0, 0xFF, 0xFF, 0xE0, 0x00, 0x00,
    0x00, 0x03, 0xFF, 0xE0, 0x7F, 0xFF, 0xE0, 0x00, 0x00,
    0x00, 0x03, 0xFF, 0xE0, 0x00, 0x00, 0x00, 0x00, 0x00,
    0x00, 0x03, 0xFF, 0xE0, 0x00, 0x00, 0x00, 0x00, 0x00,
    0x00, 0x03, 0xFF, 0xE0, 0x00, 0x00, 0x00, 0x00, 0x00,
    0x00, 0x03, 0xFF, 0xF0, 0x00, 0x00, 0x00, 0x00, 0x00,
    0x00, 0x03, 0xFF, 0xF8, 0x00, 0x00, 0x00, 0x00, 0x00,
    0x00, 0x03, 0xFF, 0xFF, 0xFF, 0xFF, 0xF0, 0x00, 0x00,
    0x00, 0x03, 0xFF, 0xFF, 0xFF, 0xFF, 0xF8, 0x00, 0x00,
    0x00, 0x03, 0xFF, 0xFF, 0xFF, 0xFF, 0xFC, 0x00, 0x00,
    0x00, 0x03, 0xFF, 0xFF, 0xFF, 0xFF, 0xFE, 0x00, 0x00,
    0x00, 0x03, 0xFF, 0xFF, 0xFF, 0xFF, 0xFF, 0x00, 0x00,
    0x00, 0x03, 0xFF, 0xFF, 0xFF, 0xFF, 0xFF, 0x80, 0x00,
    0x00, 0x03, 0xFF, 0xFF, 0xFF, 0xFF, 0xFF, 0x80, 0x00,
    0x00, 0x03, 0xFF, 0xFF, 0xFF, 0xFF, 0xFF, 0x80, 0x00,
    0x00, 0x01, 0xFF, 0xFF, 0xFF, 0xFF, 0xFF, 0x80, 0x00,
    0x00, 0x00, 0xFF, 0xFF, 0xFF, 0xFF, 0xFF, 0x80, 0x00,
    0x00, 0x00, 0x7F, 0xFF, 0xFF, 0xFF, 0xFF, 0x80, 0x00,
    0x00, 0x00, 0x3F, 0xFF, 0xFF, 0xFF, 0xFF, 0x80, 0x00,
    0x00, 0x00, 0x1F, 0xFF, 0xFF, 0xFF, 0xFF, 0x80, 0x00,
    0x00, 0x00, 0x00, 0x00, 0x00, 0x00, 0x00, 0x00, 0x00,
    0x00, 0x00, 0x00, 0x00, 0x00, 0x00, 0x00, 0x00, 0x00,
    0x00, 0x00, 0x00, 0x00, 0x00, 0x00, 0x00, 0x00, 0x00,
    0x00, 0x00, 0x00, 0x00, 0x00, 0x00, 0x00, 0x00, 0x00,
    0x00, 0x00, 0x00, 0x00, 0x00, 0x00, 0x00, 0x00, 0x00,
    0x00, 0x00, 0x00, 0x00, 0x00, 0x00, 0x00, 0x00, 0x00,
    0x00, 0x00, 0x00, 0x00, 0x00, 0x00, 0x00, 0x00, 0x00,
    0x00, 0x00, 0x00, 0x00, 0x00, 0x00, 0x00, 0x00, 0x00,
    0x00, 0x00, 0x00, 0x00, 0x00, 0x00, 0x00, 0x00, 0x00,
    0x00, 0x00, 0x00, 0x00, 0x00, 0x00, 0x00, 0x00, 0x00,
    0x00, 0x00, 0x00, 0x00, 0x00, 0x00, 0x00, 0x00, 0x00,
    0x00, 0x00, 0x00, 0x00, 0x00, 0x00, 0x00, 0x00, 0x00,
};

// 字符: 'R' (0x0052)
const uint8_t saiba_72_char_0052[648] = {
    0x00, 0x00, 0x00, 0x00, 0x00, 0x00, 0x00, 0x00, 0x00,
    0x00, 0x00, 0x00, 0x00, 0x00, 0x00, 0x00, 0x00, 0x00,
    0x00, 0x00, 0x00, 0x00, 0x00, 0x00, 0x00, 0x00, 0x00,
    0x00, 0x00, 0x00, 0x00, 0x00, 0x00, 0x00, 0x00, 0x00,
    0x00, 0x00, 0x00, 0x00, 0x00, 0x00, 0x00, 0x00, 0x00,
    0x00, 0x00, 0x00, 0x00, 0x00, 0x00, 0x00, 0x00, 0x00,
    0x00, 0x00, 0x00, 0x00, 0x00, 0x00, 0x00, 0x00, 0x00,
    0x00, 0x00, 0x00, 0x00, 0x00, 0x00, 0x00, 0x00, 0x00,
    0x00, 0x00, 0x00, 0x00, 0x00, 0x00, 0x00, 0x00, 0x00,
    0x00, 0x00, 0x00, 0x00, 0x00, 0x00, 0x00, 0x00, 0x00,
    0x00, 0x03, 0xFF, 0xFF, 0xFF, 0xF8, 0x00, 0x00, 0x00,
    0x00, 0x03, 0xFF, 0xFF, 0xFF, 0xFC, 0x00, 0x00, 0x00,
    0x00, 0x03, 0xFF, 0xFF, 0xFF, 0xFE, 0x00, 0x00, 0x00,
    0x00, 0x03, 0xFF, 0xFF, 0xFF, 0xFF, 0x00, 0x00, 0x00,
    0x00, 0x03, 0xFF, 0xFF, 0xFF, 0xFF, 0x80, 0x00, 0x00,
    0x00, 0x03, 0xFF, 0xFF, 0xFF, 0xFF, 0xC0, 0x00, 0x00,
    0x00, 0x03, 0xFF, 0xFF, 0xFF, 0xFF, 0xE0, 0x00, 0x00,
    0x00, 0x03, 0xFF, 0xFF, 0xFF, 0xFF, 0xF0, 0x00, 0x00,
    0x00, 0x03, 0xFF, 0xFF, 0xFF, 0xFF, 0xF8, 0x00, 0x00,
    0x00, 0x01, 0xFF, 0xFF, 0xFF, 0xFF, 0xFC, 0x00, 0x00,
    0x00, 0x00, 0xFF, 0xFF, 0xFF, 0xFF, 0xFE, 0x00, 0x00,
    0x00, 0x00, 0x7F, 0xFF, 0xFF, 0xFF, 0xFF, 0x00, 0x00,
    0x00, 0x00, 0x3F, 0xFF, 0xFF, 0xFF, 0xFF, 0x80, 0x00,
    0x00, 0x00, 0x1F, 0xFF, 0xFF, 0xFF, 0xFF, 0x80, 0x00,
    0x00, 0x00, 0x00, 0x00, 0x00, 0x3F, 0xFF, 0x80, 0x00,
    0x00, 0x00, 0x00, 0x00, 0x00, 0x1F, 0xFF, 0x80, 0x00,
    0x00, 0x00, 0x00, 0x00, 0x00, 0x0F, 0xFF, 0x80, 0x00,
    0x00, 0x00, 0x00, 0x00, 0x00, 0x0F, 0xFF, 0x80, 0x00,
    0x00, 0x00, 0x00, 0x00, 0x00, 0x0F, 0xFF, 0x80, 0x00,
    0x00, 0x00, 0x07, 0xFF, 0xFF, 0xFF, 0xFF, 0x80, 0x00,
    0x00, 0x00, 0x07, 0xFF, 0xFF, 0xFF, 0xFF, 0x80, 0x00,
    0x00, 0x00, 0x07, 0xFF, 0xFF, 0xFF, 0xFF, 0x80, 0x00,
    0x00, 0x02, 0x07, 0xFF, 0xFF, 0xFF, 0xFF, 0x80, 0x00,
    0x00, 0x02, 0x07, 0xFF, 0xFF, 0xFF, 0xFF, 0x80, 0x00,
    0x00, 0x03, 0x03, 0xFF, 0xFF, 0xFF, 0xFF, 0x80, 0x00,
    0x00, 0x03, 0x81, 0xFF, 0xFF, 0xFF, 0xFF, 0x80, 0x00,
    0x00, 0x03, 0xC0, 0xFF, 0xFF, 0xFF, 0xFF, 0x80, 0x00,
    0x00, 0x03, 0xE0, 0x7F, 0xFF, 0xFF, 0xFF, 0x80, 0x00,
    0x00, 0x03, 0xF0, 0x3F, 0xFF, 0xFF, 0xFF, 0x80, 0x00,
    0x00, 0x03, 0xF8, 0x1F, 0xFF, 0xFF, 0xFF, 0x80, 0x00,
    0x00, 0x03, 0xFC, 0x0F, 0xFF, 0xFF, 0xFF, 0x80, 0x00,
    0x00, 0x03, 0xFE, 0x07, 0xFF, 0xFF, 0xFF, 0x80, 0x00,
    0x00, 0x03, 0xFF, 0x03, 0xFF, 0xFF, 0x80, 0x00, 0x00,
    0x00, 0x03, 0xFF, 0x81, 0xFF, 0xFF, 0xC0, 0x00, 0x00,
    0x00, 0x03, 0xFF, 0xC0, 0xFF, 0xFF, 0xE0, 0x00, 0x00,
    0x00, 0x03, 0xFF, 0xE0, 0x7F, 0xFF, 0xF0, 0x00, 0x00,
    0x00, 0x03, 0xFF, 0xE0, 0x3F, 0xFF, 0xF8, 0x00, 0x00,
    0x00, 0x03, 0xFF, 0xE0, 0x1F, 0xFF, 0xFC, 0x00, 0x00,
    0x00, 0x03, 0xFF, 0xE0, 0x0F, 0xFF, 0xFE, 0x00, 0x00,
    0x00, 0x03, 0xFF, 0xE0, 0x07, 0xFF, 0xFF, 0x00, 0x00,
    0x00, 0x03, 0xFF, 0xE0, 0x03, 0xFF, 0xFF, 0x80, 0x00,
    0x00, 0x03, 0xFF, 0xE0, 0x01, 0xFF, 0xFF, 0x80, 0x00,
    0x00, 0x03, 0xFF, 0xE0, 0x00, 0xFF, 0xFF, 0x80, 0x00,
    0x00, 0x03, 0xFF, 0xE0, 0x00, 0x7F, 0xFF, 0x80, 0x00,
    0x00, 0x03, 0xFF, 0xE0, 0x00, 0x3F, 0xFF, 0x80, 0x00,
    0x00, 0x01, 0xFF, 0xE0, 0x00, 0x1F, 0xFF, 0x80, 0x00,
    0x00, 0x00, 0xFF, 0xE0, 0x00, 0x0F, 0xFF, 0x80, 0x00,
    0x00, 0x00, 0x7F, 0xE0, 0x00, 0x07, 0xFF, 0x80, 0x00,
    0x00, 0x00, 0x3F, 0xE0, 0x00, 0x03, 0xFF, 0x80, 0x00,
    0x00, 0x00, 0x1F, 0xE0, 0x00, 0x01, 0xFF, 0x80, 0x00,
    0x00, 0x00, 0x00, 0x00, 0x00, 0x00, 0x00, 0x00, 0x00,
    0x00, 0x00, 0x00, 0x00, 0x00, 0x00, 0x00, 0x00, 0x00,
    0x00, 0x00, 0x00, 0x00, 0x00, 0x00, 0x00, 0x00, 0x00,
    0x00, 0x00, 0x00, 0x00, 0x00, 0x00, 0x00, 0x00, 0x00,
    0x00, 0x00, 0x00, 0x00, 0x00, 0x00, 0x00, 0x00, 0x00,
    0x00, 0x00, 0x00, 0x00, 0x00, 0x00, 0x00, 0x00, 0x00,
    0x00, 0x00, 0x00, 0x00, 0x00, 0x00, 0x00, 0x00, 0x00,
    0x00, 0x00, 0x00, 0x00, 0x00, 0x00, 0x00, 0x00, 0x00,
    0x00, 0x00, 0x00, 0x00, 0x00, 0x00, 0x00, 0x00, 0x00,
    0x00, 0x00, 0x00, 0x00, 0x00, 0x00, 0x00, 0x00, 0x00,
    0x00, 0x00, 0x00, 0x00, 0x00, 0x00, 0x00, 0x00, 0x00,
    0x00, 0x00, 0x00, 0x00, 0x00, 0x00, 0x00, 0x00, 0x00,
};

// 字符: 'T' (0x0054)
const uint8_t saiba_72_char_0054[648] = {
    0x00, 0x00, 0x00, 0x00, 0x00, 0x00, 0x00, 0x00, 0x00,
    0x00, 0x00, 0x00, 0x00, 0x00, 0x00, 0x00, 0x00, 0x00,
    0x00, 0x00, 0x00, 0x00, 0x00, 0x00, 0x00, 0x00, 0x00,
    0x00, 0x00, 0x00, 0x00, 0x00, 0x00, 0x00, 0x00, 0x00,
    0x00, 0x00, 0x00, 0x00, 0x00, 0x00, 0x00, 0x00, 0x00,
    0x00, 0x00, 0x00, 0x00, 0x00, 0x00, 0x00, 0x00, 0x00,
    0x00, 0x00, 0x00, 0x00, 0x00, 0x00, 0x00, 0x00, 0x00,
    0x00, 0x00, 0x00, 0x00, 0x00, 0x00, 0x00, 0x00, 0x00,
    0x00, 0x00, 0x00, 0x00, 0x00, 0x00, 0x00, 0x00, 0x00,
    0x00, 0x00, 0x00, 0x00, 0x00, 0x00, 0x00, 0x00, 0x00,
    0x00, 0x03, 0xFF, 0xFF, 0xFF, 0xFF, 0xF0, 0x00, 0x00,
    0x00, 0x03, 0xFF, 0xFF, 0xFF, 0xFF, 0xF8, 0x00, 0x00,
    0x00, 0x03, 0xFF, 0xFF, 0xFF, 0xFF, 0xFC, 0x00, 0x00,
    0x00, 0x03, 0xFF, 0xFF, 0xFF, 0xFF, 0xFE, 0x00, 0x00,
    0x00, 0x03, 0xFF, 0xFF, 0xFF, 0xFF, 0xFF, 0x00, 0x00,
    0x00, 0x03, 0xFF, 0xFF, 0xFF, 0xFF, 0xFF, 0x80, 0x00,
    0x00, 0x03, 0xFF, 0xFF, 0xFF, 0xFF, 0xFF, 0x80, 0x00,
    0x00, 0x03, 0xFF, 0xFF, 0xFF, 0xFF, 0xFF, 0x80, 0x00,
    0x00, 0x03, 0xFF, 0xFF, 0xFF, 0xFF, 0xFF, 0x80, 0x00,
    0x00, 0x03, 0xFF, 0xFF, 0xFF, 0xFF, 0xFF, 0x80, 0x00,
    0x00, 0x03, 0xFF, 0xFF, 0xFF, 0xFF, 0xFF, 0x80, 0x00,
    0x00, 0x03, 0xFF, 0xFF, 0xFF, 0xFF, 0xFF, 0x80, 0x00,
    0x00, 0x03, 0xFF, 0xFF, 0xFF, 0xFF, 0xFF, 0x80, 0x00,
    0x00, 0x01, 0xFF, 0xFF, 0xFF, 0xFF, 0xFF, 0x80, 0x00,
    0x00, 0x00, 0x00, 0x1F, 0xFE, 0x00, 0x00, 0x00, 0x00,
    0x00, 0x00, 0x00, 0x1F, 0xFF, 0x00, 0x00, 0x00, 0x00,
    0x00, 0x00, 0x00, 0x1F, 0xFF, 0x80, 0x00, 0x00, 0x00,
    0x00, 0x00, 0x00, 0x1F, 0xFF, 0xC0, 0x00, 0x00, 0x00,
    0x00, 0x00, 0x00, 0x1F, 0xFF, 0xC0, 0x00, 0x00, 0x00,
    0x00, 0x00, 0x00, 0x1F, 0xFF, 0xC0, 0x00, 0x00, 0x00,
    0x00, 0x00, 0x00, 0x1F, 0xFF, 0xC0, 0x00, 0x00, 0x00,
    0x00, 0x00, 0x00, 0x1F, 0xFF, 0xC0, 0x00, 0x00, 0x00,
    0x00, 0x00, 0x00, 0x0F, 0xFF, 0xC0, 0x00, 0x00, 0x00,
    0x00, 0x00, 0x00, 0x07, 0xFF, 0xC0, 0x00, 0x00, 0x00,
    0x00, 0x00, 0x00, 0x03, 0xFF, 0xC0, 0x00, 0x00, 0x00,
    0x00, 0x00, 0x00, 0x01, 0xFF, 0xC0, 0x00, 0x00, 0x00,
    0x00, 0x00, 0x00, 0x00, 0xFF, 0xC0, 0x00, 0x00, 0x00,
    0x00, 0x00, 0x00, 0x00, 0x7F, 0xC0, 0x00, 0x00, 0x00,
    0x00, 0x00, 0x00, 0x00, 0x3F, 0xC0, 0x00, 0x00, 0x00,
    0x00, 0x00, 0x00, 0x00, 0x1F, 0xC0, 0x00, 0x00, 0x00,
    0x00, 0x00, 0x00, 0x00, 0x0F, 0xC0, 0x00, 0x00, 0x00,
    0x00, 0x00, 0x00, 0x00, 0x07, 0xC0, 0x00, 0x00, 0x00,
    0x00, 0x00, 0x00, 0x1E, 0x03, 0xC0, 0x00, 0x00, 0x00,
    0x00, 0x00, 0x00, 0x1F, 0x00, 0x00, 0x00, 0x00, 0x00,
    0x00, 0x00, 0x00, 0x1F, 0x80, 0x00, 0x00, 0x00, 0x00,
    0x00, 0x00, 0x00, 0x1F, 0xC0, 0x00, 0x00, 0x00, 0x00,
    0x00, 0x00, 0x00, 0x1F, 0xE0, 0x00, 0x00, 0x00, 0x00,
    0x00, 0x00, 0x00, 0x1F, 0xF0, 0x00, 0x00, 0x00, 0x00,
    0x00, 0x00, 0x00, 0x1F, 0xF8, 0x00, 0x00, 0x00, 0x00,
    0x00, 0x00, 0x00, 0x1F, 0xFC, 0x00, 0x00, 0x00, 0x00,
    0x00, 0x00, 0x00, 0x1F, 0xFE, 0x00, 0x00, 0x00, 0x00,
    0x00, 0x00, 0x00, 0x1F, 0xFF, 0x00, 0x00, 0x00, 0x00,
    0x00, 0x00, 0x00, 0x1F, 0xFF, 0x80, 0x00, 0x00, 0x00,
    0x00, 0x00, 0x00, 0x1F, 0xFF, 0xC0, 0x00, 0x00, 0x00,
    0x00, 0x00, 0x00, 0x1F, 0xFF, 0xC0, 0x00, 0x00, 0x00,
    0x00, 0x00, 0x00, 0x1F, 0xFF, 0xC0, 0x00, 0x00, 0x00,
    0x00, 0x00, 0x00, 0x1F, 0xFF, 0xC0, 0x00, 0x00, 0x00,
    0x00, 0x00, 0x00, 0x1F, 0xFF, 0xC0, 0x00, 0x00, 0x00,
    0x00, 0x00, 0x00, 0x1F, 0xFF, 0xC0, 0x00, 0x00, 0x00,
    0x00, 0x00, 0x00, 0x1F, 0xFF, 0xC0, 0x00, 0x00, 0x00,
    0x00, 0x00, 0x00, 0x00, 0x00, 0x00, 0x00, 0x00, 0x00,
    0x00, 0x00, 0x00, 0x00, 0x00, 0x00, 0x00, 0x00, 0x00,
    0x00, 0x00, 0x00, 0x00, 0x00, 0x00, 0x00, 0x00, 0x00,
    0x00, 0x00, 0x00, 0x00, 0x00, 0x00, 0x00, 0x00, 0x00,
    0x00, 0x00, 0x00, 0x00, 0x00, 0x00, 0x00, 0x00, 0x00,
    0x00, 0x00, 0x00, 0x00, 0x00, 0x00, 0x00, 0x00, 0x00,
    0x00, 0x00, 0x00, 0x00, 0x00, 0x00, 0x00, 0x00, 0x00,
    0x00, 0x00, 0x00, 0x00, 0x00, 0x00, 0x00, 0x00, 0x00,
    0x00, 0x00, 0x00, 0x00, 0x00, 0x00, 0x00, 0x00, 0x00,
    0x00, 0x00, 0x00, 0x00, 0x00, 0x00, 0x00, 0x00, 0x00,
    0x00, 0x00, 0x00, 0x00, 0x00, 0x00, 0x00, 0x00, 0x00,
    0x00, 0x00, 0x00, 0x00, 0x00, 0x00, 0x00, 0x00, 0x00,
};

// 字符: 'Y' (0x0059)
const uint8_t saiba_72_char_0059[648] = {
    0x00, 0x00, 0x00, 0x00, 0x00, 0x00, 0x00, 0x00, 0x00,
    0x00, 0x00, 0x00, 0x00, 0x00, 0x00, 0x00, 0x00, 0x00,
    0x00, 0x00, 0x00, 0x00, 0x00, 0x00, 0x00, 0x00, 0x00,
    0x00, 0x00, 0x00, 0x00, 0x00, 0x00, 0x00, 0x00, 0x00,
    0x00, 0x00, 0x00, 0x00, 0x00, 0x00, 0x00, 0x00, 0x00,
    0x00, 0x00, 0x00, 0x00, 0x00, 0x00, 0x00, 0x00, 0x00,
    0x00, 0x00, 0x00, 0x00, 0x00, 0x00, 0x00, 0x00, 0x00,
    0x00, 0x00, 0x00, 0x00, 0x00, 0x00, 0x00, 0x00, 0x00,
    0x00, 0x00, 0x00, 0x00, 0x00, 0x00, 0x00, 0x00, 0x00,
    0x00, 0x00, 0x00, 0x00, 0x00, 0x00, 0x00, 0x00, 0x00,
    0x00, 0x03, 0xF8, 0x00, 0x00, 0xFF, 0xF0, 0x00, 0x00,
    0x00, 0x03, 0xFC, 0x00, 0x00, 0xFF, 0xF8, 0x00, 0x00,
    0x00, 0x03, 0xFE, 0x00, 0x00, 0xFF, 0xFC, 0x00, 0x00,
    0x00, 0x03, 0xFF, 0x00, 0x00, 0xFF, 0xFE, 0x00, 0x00,
    0x00, 0x03, 0xFF, 0x80, 0x00, 0xFF, 0xFF, 0x00, 0x00,
    0x00, 0x03, 0xFF, 0xC0, 0x00, 0xFF, 0xFF, 0x80, 0x00,
    0x00, 0x03, 0xFF, 0xE0, 0x00, 0xFF, 0xFF, 0x80, 0x00,
    0x00, 0x03, 0xFF, 0xE0, 0x00, 0xFF, 0xFF, 0x80, 0x00,
    0x00, 0x03, 0xFF, 0xE0, 0x00, 0xFF, 0xFF, 0x80, 0x00,
    0x00, 0x03, 0xFF, 0xE0, 0x00, 0xFF, 0xFF, 0x80, 0x00,
    0x00, 0x03, 0xFF, 0xE0, 0x00, 0xFF, 0xFF, 0x80, 0x00,
    0x00, 0x03, 0xFF, 0xE0, 0x00, 0x7F, 0xFF, 0x80, 0x00,
    0x00, 0x03, 0xFF, 0xE0, 0x00, 0x3F, 0xFF, 0x80, 0x00,
    0x00, 0x03, 0xFF, 0xE0, 0x00, 0x0F, 0xFF, 0x80, 0x00,
    0x00, 0x03, 0xFF, 0xE0, 0x00, 0x0F, 0xFF, 0x80, 0x00,
    0x00, 0x03, 0xFF, 0xE0, 0x00, 0x0F, 0xFF, 0x80, 0x00,
    0x00, 0x03, 0xFF, 0xE0, 0x00, 0x0F, 0xFF, 0x80, 0x00,
    0x00, 0x03, 0xFF, 0xE0, 0x00, 0x0F, 0xFF, 0x80, 0x00,
    0x00, 0x03, 0xFF, 0xE0, 0x00, 0x0F, 0xFF, 0x80, 0x00,
    0x00, 0x03, 0xFF, 0xF0, 0x00, 0x0F, 0xFF, 0x80, 0x00,
    0x00, 0x03, 0xFF, 0xF8, 0x00, 0x0F, 0xFF, 0x80, 0x00,
    0x00, 0x03, 0xFF, 0xFF, 0xFF, 0xFF, 0xFF, 0x80, 0x00,
    0x00, 0x03, 0xFF, 0xFF, 0xFF, 0xFF, 0xFF, 0x80, 0x00,
    0x00, 0x03, 0xFF, 0xFF, 0xFF, 0xFF, 0xFF, 0x80, 0x00,
    0x00, 0x03, 0xFF, 0xFF, 0xFF, 0xFF, 0xFF, 0x80, 0x00,
    0x00, 0x03, 0xFF, 0xFF, 0xFF, 0xFF, 0xFF, 0x80, 0x00,
    0x00, 0x03, 0xFF, 0xFF, 0xFF, 0xFF, 0xFF, 0x80, 0x00,
    0x00, 0x03, 0xFF, 0xFF, 0xFF, 0xFF, 0xFF, 0x80, 0x00,
    0x00, 0x01, 0xFF, 0xFF, 0xFF, 0xFF, 0xFF, 0x80, 0x00,
    0x00, 0x00, 0xFF, 0xFF, 0xFF, 0xFF, 0xFF, 0x80, 0x00,
    0x00, 0x00, 0x7F, 0xFF, 0xFF, 0xFF, 0xFF, 0x80, 0x00,
    0x00, 0x00, 0x3F, 0xFF, 0xFF, 0xFF, 0xFF, 0x80, 0x00,
    0x00, 0x00, 0x1F, 0xFF, 0xFF, 0xFF, 0xFF, 0x80, 0x00,
    0x00, 0x00, 0x00, 0x00, 0x00, 0x07, 0xFF, 0x80, 0x00,
    0x00, 0x00, 0x00, 0x00, 0x00, 0x03, 0xFF, 0x80, 0x00,
    0x00, 0x00, 0x00, 0x00, 0x00, 0x01, 0xFF, 0x80, 0x00,
    0x00, 0x00, 0x00, 0x00, 0x00, 0x00, 0xFF, 0x80, 0x00,
    0x00, 0x03, 0xFF, 0xFF, 0xFF, 0xE0, 0x7F, 0x80, 0x00,
    0x00, 0x03, 0xFF, 0xFF, 0xFF, 0xF0, 0x3F, 0x80, 0x00,
    0x00, 0x03, 0xFF, 0xFF, 0xFF, 0xF8, 0x1F, 0x80, 0x00,
    0x00, 0x03, 0xFF, 0xFF, 0xFF, 0xFC, 0x0F, 0x80, 0x00,
    0x00, 0x03, 0xFF, 0xFF, 0xFF, 0xFE, 0x07, 0x80, 0x00,
    0x00, 0x03, 0xFF, 0xFF, 0xFF, 0xFF, 0x00, 0x00, 0x00,
    0x00, 0x03, 0xFF, 0xFF, 0xFF, 0xFF, 0x80, 0x00, 0x00,
    0x00, 0x03, 0xFF, 0xFF, 0xFF, 0xFF, 0xC0, 0x00, 0x00,
    0x00, 0x01, 0xFF, 0xFF, 0xFF, 0xFF, 0xE0, 0x00, 0x00,
    0x00, 0x00, 0xFF, 0xFF, 0xFF, 0xFF, 0xF0, 0x00, 0x00,
    0x00, 0x00, 0x7F, 0xFF, 0xFF, 0xFF, 0xF8, 0x00, 0x00,
    0x00, 0x00, 0x3F, 0xFF, 0xFF, 0xFF, 0xFC, 0x00, 0x00,
    0x00, 0x00, 0x1F, 0xFF, 0xFF, 0xFF, 0xFE, 0x00, 0x00,
    0x00, 0x00, 0x00, 0x00, 0x00, 0x00, 0x00, 0x00, 0x00,
    0x00, 0x00, 0x00, 0x00, 0x00, 0x00, 0x00, 0x00, 0x00,
    0x00, 0x00, 0x00, 0x00, 0x00, 0x00, 0x00, 0x00, 0x00,
    0x00, 0x00, 0x00, 0x00, 0x00, 0x00, 0x00, 0x00, 0x00,
    0x00, 0x00, 0x00, 0x00, 0x00, 0x00, 0x00, 0x00, 0x00,
    0x00, 0x00, 0x00, 0x00, 0x00, 0x00, 0x00, 0x00, 0x00,
    0x00, 0x00, 0x00, 0x00, 0x00, 0x00, 0x00, 0x00, 0x00,
    0x00, 0x00, 0x00, 0x00, 0x00, 0x00, 0x00, 0x00, 0x00,
    0x00, 0x00, 0x00, 0x00, 0x00, 0x00, 0x00, 0x00, 0x00,
    0x00, 0x00, 0x00, 0x00, 0x00, 0x00, 0x00, 0x00, 0x00,
    0x00, 0x00, 0x00, 0x00, 0x00, 0x00, 0x00, 0x00, 0x00,
    0x00, 0x00, 0x00, 0x00, 0x00, 0x00, 0x00, 0x00, 0x00,
};

// 字符: 'U' (0x0055)
const uint8_t saiba_72_char_0055[648] = {
    0x00, 0x00, 0x00, 0x00, 0x00, 0x00, 0x00, 0x00, 0x00,
    0x00, 0x00, 0x00, 0x00, 0x00, 0x00, 0x00, 0x00, 0x00,
    0x00, 0x00, 0x00, 0x00, 0x00, 0x00, 0x00, 0x00, 0x00,
    0x00, 0x00, 0x00, 0x00, 0x00, 0x00, 0x00, 0x00, 0x00,
    0x00, 0x00, 0x00, 0x00, 0x00, 0x00, 0x00, 0x00, 0x00,
    0x00, 0x00, 0x00, 0x00, 0x00, 0x00, 0x00, 0x00, 0x00,
    0x00, 0x00, 0x00, 0x00, 0x00, 0x00, 0x00, 0x00, 0x00,
    0x00, 0x00, 0x00, 0x00, 0x00, 0x00, 0x00, 0x00, 0x00,
    0x00, 0x00, 0x00, 0x00, 0x00, 0x00, 0x00, 0x00, 0x00,
    0x00, 0x00, 0x00, 0x00, 0x00, 0x00, 0x00, 0x00, 0x00,
    0x00, 0x03, 0xFE, 0x00, 0x00, 0x1F, 0xF0, 0x00, 0x00,
    0x00, 0x03, 0xFF, 0x00, 0x00, 0x1F, 0xF8, 0x00, 0x00,
    0x00, 0x03, 0xFF, 0x80, 0x00, 0x1F, 0xFC, 0x00, 0x00,
    0x00, 0x03, 0xFF, 0xC0, 0x00, 0x1F, 0xFE, 0x00, 0x00,
    0x00, 0x03, 0xFF, 0xE0, 0x00, 0x1F, 0xFF, 0x00, 0x00,
    0x00, 0x03, 0xFF, 0xF0, 0x00, 0x0F, 0xFF, 0x80, 0x00,
    0x00, 0x03, 0xFF, 0xF0, 0x00, 0x07, 0xFF, 0x80, 0x00,
    0x00, 0x03, 0xFF, 0xF0, 0x00, 0x03, 0xFF, 0x80, 0x00,
    0x00, 0x03, 0xFF, 0xF0, 0x00, 0x01, 0xFF, 0x80, 0x00,
    0x00, 0x03, 0xFF, 0xF0, 0x00, 0x00, 0xFF, 0x80, 0x00,
    0x00, 0x03, 0xFF, 0xF0, 0x00, 0x00, 0x7F, 0x80, 0x00,
    0x00, 0x03, 0xFF, 0xF0, 0x00, 0x00, 0x3F, 0x80, 0x00,
    0x00, 0x03, 0xFF, 0xF0, 0x00, 0x00, 0x1F, 0x80, 0x00,
    0x00, 0x03, 0xFF, 0xF0, 0x00, 0x00, 0x0F, 0x80, 0x00,
    0x00, 0x03, 0xFF, 0xF0, 0x00, 0x00, 0x07, 0x80, 0x00,
    0x00, 0x03, 0xFF, 0xF0, 0x00, 0x1F, 0x00, 0x00, 0x00,
    0x00, 0x03, 0xFF, 0xF0, 0x00, 0x1F, 0x80, 0x00, 0x00,
    0x00, 0x03, 0xFF, 0xF0, 0x00, 0x1F, 0xC0, 0x00, 0x00,
    0x00, 0x03, 0xFF, 0xF0, 0x00, 0x1F, 0xE0, 0x00, 0x00,
    0x00, 0x03, 0xFF, 0xF0, 0x00, 0x1F, 0xF0, 0x00, 0x00,
    0x00, 0x03, 0xFF, 0xF0, 0x00, 0x1F, 0xF8, 0x00, 0x00,
    0x00, 0x03, 0xFF, 0xF0, 0x00, 0x1F, 0xFC, 0x00, 0x00,
    0x00, 0x03, 0xFF, 0xF0, 0x00, 0x1F, 0xFE, 0x00, 0x00,
    0x00, 0x03, 0xFF, 0xF0, 0x00, 0x1F, 0xFF, 0x00, 0x00,
    0x00, 0x03, 0xFF, 0xF0, 0x00, 0x1F, 0xFF, 0x80, 0x00,
    0x00, 0x03, 0xFF, 0xF0, 0x00, 0x1F, 0xFF, 0x80, 0x00,
    0x00, 0x03, 0xFF, 0xF0, 0x00, 0x1F, 0xFF, 0x80, 0x00,
    0x00, 0x03, 0xFF, 0xF0, 0x00, 0x1F, 0xFF, 0x80, 0x00,
    0x00, 0x03, 0xFF, 0xF0, 0x00, 0x1F, 0xFF, 0x80, 0x00,
    0x00, 0x03, 0xFF, 0xF0, 0x00, 0x1F, 0xFF, 0x80, 0x00,
    0x00, 0x03, 0xFF, 0xF0, 0x00, 0x1F, 0xFF, 0x80, 0x00,
    0x00, 0x03, 0xFF, 0xF0, 0x00, 0x1F, 0xFF, 0x80, 0x00,
    0x00, 0x03, 0xFF, 0xF0, 0x00, 0x1F, 0xFF, 0x80, 0x00,
    0x00, 0x03, 0xFF, 0xF8, 0x00, 0x1F, 0xFF, 0x80, 0x00,
    0x00, 0x03, 0xFF, 0xFC, 0x00, 0x1F, 0xFF, 0x80, 0x00,
    0x00, 0x03, 0xFF, 0xFF, 0xFF, 0xFF, 0xFF, 0x80, 0x00,
    0x00, 0x03, 0xFF, 0xFF, 0xFF, 0xFF, 0xFF, 0x80, 0x00,
    0x00, 0x01, 0xFF, 0xFF, 0xFF, 0xFF, 0xFF, 0x80, 0x00,
    0x00, 0x00, 0xFF, 0xFF, 0xFF, 0xFF, 0xFF, 0x80, 0x00,
    0x00, 0x00, 0x7F, 0xFF, 0xFF, 0xFF, 0xFF, 0x80, 0x00,
    0x00, 0x00, 0x3F, 0xFF, 0xFF, 0xFF, 0xFF, 0x80, 0x00,
    0x00, 0x00, 0x1F, 0xFF, 0xFF, 0xFF, 0xFF, 0x80, 0x00,
    0x00, 0x00, 0x0F, 0xFF, 0xFF, 0xFF, 0xFF, 0x80, 0x00,
    0x00, 0x00, 0x07, 0xFF, 0xFF, 0xFF, 0xFF, 0x80, 0x00,
    0x00, 0x00, 0x03, 0xFF, 0xFF, 0xFF, 0xFF, 0x80, 0x00,
    0x00, 0x00, 0x01, 0xFF, 0xFF, 0xFF, 0xFF, 0x80, 0x00,
    0x00, 0x00, 0x00, 0xFF, 0xFF, 0xFF, 0xFF, 0x80, 0x00,
    0x00, 0x00, 0x00, 0x7F, 0xFF, 0xFF, 0xFF, 0x80, 0x00,
    0x00, 0x00, 0x00, 0x3F, 0xFF, 0xFF, 0xFF, 0x80, 0x00,
    0x00, 0x00, 0x00, 0x1F, 0xFF, 0xFF, 0xFF, 0x80, 0x00,
    0x00, 0x00, 0x00, 0x00, 0x00, 0x00, 0x00, 0x00, 0x00,
    0x00, 0x00, 0x00, 0x00, 0x00, 0x00, 0x00, 0x00, 0x00,
    0x00, 0x00, 0x00, 0x00, 0x00, 0x00, 0x00, 0x00, 0x00,
    0x00, 0x00, 0x00, 0x00, 0x00, 0x00, 0x00, 0x00, 0x00,
    0x00, 0x00, 0x00, 0x00, 0x00, 0x00, 0x00, 0x00, 0x00,
    0x00, 0x00, 0x00, 0x00, 0x00, 0x00, 0x00, 0x00, 0x00,
    0x00, 0x00, 0x00, 0x00, 0x00, 0x00, 0x00, 0x00, 0x00,
    0x00, 0x00, 0x00, 0x00, 0x00, 0x00, 0x00, 0x00, 0x00,
    0x00, 0x00, 0x00, 0x00, 0x00, 0x00, 0x00, 0x00, 0x00,
    0x00, 0x00, 0x00, 0x00, 0x00, 0x00, 0x00, 0x00, 0x00,
    0x00, 0x00, 0x00, 0x00, 0x00, 0x00, 0x00, 0x00, 0x00,
    0x00, 0x00, 0x00, 0x00, 0x00, 0x00, 0x00, 0x00, 0x00,
};

// 字符: 'I' (0x0049)
const uint8_t saiba_72_char_0049[648] = {
    0x00, 0x00, 0x00, 0x00, 0x00, 0x00, 0x00, 0x00, 0x00,
    0x00, 0x00, 0x00, 0x00, 0x00, 0x00, 0x00, 0x00, 0x00,
    0x00, 0x00, 0x00, 0x00, 0x00, 0x00, 0x00, 0x00, 0x00,
    0x00, 0x00, 0x00, 0x00, 0x00, 0x00, 0x00, 0x00, 0x00,
    0x00, 0x00, 0x00, 0x00, 0x00, 0x00, 0x00, 0x00, 0x00,
    0x00, 0x00, 0x00, 0x00, 0x00, 0x00, 0x00, 0x00, 0x00,
    0x00, 0x00, 0x00, 0x00, 0x00, 0x00, 0x00, 0x00, 0x00,
    0x00, 0x00, 0x00, 0x00, 0x00, 0x00, 0x00, 0x00, 0x00,
    0x00, 0x00, 0x00, 0x00, 0x00, 0x00, 0x00, 0x00, 0x00,
    0x00, 0x00, 0x00, 0x00, 0x00, 0x00, 0x00, 0x00, 0x00,
    0x00, 0x00, 0x00, 0x07, 0xFC, 0x00, 0x00, 0x00, 0x00,
    0x00, 0x00, 0x00, 0x07, 0xFE, 0x00, 0x00, 0x00, 0x00,
    0x00, 0x00, 0x00, 0x07, 0xFF, 0x00, 0x00, 0x00, 0x00,
    0x00, 0x00, 0x00, 0x07, 0xFF, 0x80, 0x00, 0x00, 0x00,
    0x00, 0x00, 0x00, 0x07, 0xFF, 0xC0, 0x00, 0x00, 0x00,
    0x00, 0x00, 0x00, 0x07, 0xFF, 0xE0, 0x00, 0x00, 0x00,
    0x00, 0x00, 0x00, 0x07, 0xFF, 0xE0, 0x00, 0x00, 0x00,
    0x00, 0x00, 0x00, 0x07, 0xFF, 0xE0, 0x00, 0x00, 0x00,
    0x00, 0x00, 0x00, 0x03, 0xFF, 0xE0, 0x00, 0x00, 0x00,
    0x00, 0x00, 0x00, 0x01, 0xFF, 0xE0, 0x00, 0x00, 0x00,
    0x00, 0x00, 0x00, 0x00, 0xFF, 0xE0, 0x00, 0x00, 0x00,
    0x00, 0x00, 0x00, 0x00, 0x7F, 0xE0, 0x00, 0x00, 0x00,
    0x00, 0x00, 0x00, 0x00, 0x3F, 0xE0, 0x00, 0x00, 0x00,
    0x00, 0x00, 0x00, 0x00, 0x1F, 0xE0, 0x00, 0x00, 0x00,
    0x00, 0x00, 0x00, 0x00, 0x0F, 0xE0, 0x00, 0x00, 0x00,
    0x00, 0x00, 0x00, 0x00, 0x07, 0xE0, 0x00, 0x00, 0x00,
    0x00, 0x00, 0x00, 0x00, 0x03, 0xE0, 0x00, 0x00, 0x00,
    0x00, 0x00, 0x00, 0x07, 0x81, 0xE0, 0x00, 0x00, 0x00,
    0x00, 0x00, 0x00, 0x07, 0xC0, 0xE0, 0x00, 0x00, 0x00,
    0x00, 0x00, 0x00, 0x07, 0xE0, 0x60, 0x00, 0x00, 0x00,
    0x00, 0x00, 0x00, 0x07, 0xF0, 0x20, 0x00, 0x00, 0x00,
    0x00, 0x00, 0x00, 0x07, 0xF8, 0x00, 0x00, 0x00, 0x00,
    0x00, 0x00, 0x00, 0x07, 0xFC, 0x00, 0x00, 0x00, 0x00,
    0x00, 0x00, 0x00, 0x07, 0xFE, 0x00, 0x00, 0x00, 0x00,
    0x00, 0x00, 0x00, 0x07, 0xFF, 0x00, 0x00, 0x00, 0x00,
    0x00, 0x00, 0x00, 0x07, 0xFF, 0x80, 0x00, 0x00, 0x00,
    0x00, 0x00, 0x00, 0x07, 0xFF, 0xC0, 0x00, 0x00, 0x00,
    0x00, 0x00, 0x00, 0x07, 0xFF, 0xE0, 0x00, 0x00, 0x00,
    0x00, 0x00, 0x00, 0x07, 0xFF, 0xE0, 0x00, 0x00, 0x00,
    0x00, 0x00, 0x00, 0x07, 0xFF, 0xE0, 0x00, 0x00, 0x00,
    0x00, 0x00, 0x00, 0x07, 0xFF, 0xE0, 0x00, 0x00, 0x00,
    0x00, 0x00, 0x00, 0x07, 0xFF, 0xE0, 0x00, 0x00, 0x00,
    0x00, 0x00, 0x00, 0x07, 0xFF, 0xE0, 0x00, 0x00, 0x00,
    0x00, 0x00, 0x00, 0x07, 0xFF, 0xE0, 0x00, 0x00, 0x00,
    0x00, 0x00, 0x00, 0x07, 0xFF, 0xE0, 0x00, 0x00, 0x00,
    0x00, 0x00, 0x00, 0x07, 0xFF, 0xE0, 0x00, 0x00, 0x00,
    0x00, 0x00, 0x00, 0x07, 0xFF, 0xE0, 0x00, 0x00, 0x00,
    0x00, 0x00, 0x00, 0x07, 0xFF, 0xE0, 0x00, 0x00, 0x00,
    0x00, 0x00, 0x00, 0x07, 0xFF, 0xE0, 0x00, 0x00, 0x00,
    0x00, 0x00, 0x00, 0x07, 0xFF, 0xE0, 0x00, 0x00, 0x00,
    0x00, 0x00, 0x00, 0x07, 0xFF, 0xE0, 0x00, 0x00, 0x00,
    0x00, 0x00, 0x00, 0x07, 0xFF, 0xE0, 0x00, 0x00, 0x00,
    0x00, 0x00, 0x00, 0x07, 0xFF, 0xE0, 0x00, 0x00, 0x00,
    0x00, 0x00, 0x00, 0x07, 0xFF, 0xE0, 0x00, 0x00, 0x00,
    0x00, 0x00, 0x00, 0x07, 0xFF, 0xE0, 0x00, 0x00, 0x00,
    0x00, 0x00, 0x00, 0x03, 0xFF, 0xE0, 0x00, 0x00, 0x00,
    0x00, 0x00, 0x00, 0x01, 0xFF, 0xE0, 0x00, 0x00, 0x00,
    0x00, 0x00, 0x00, 0x00, 0xFF, 0xE0, 0x00, 0x00, 0x00,
    0x00, 0x00, 0x00, 0x00, 0x7F, 0xE0, 0x00, 0x00, 0x00,
    0x00, 0x00, 0x00, 0x00, 0x3F, 0xE0, 0x00, 0x00, 0x00,
    0x00, 0x00, 0x00, 0x00, 0x00, 0x00, 0x00, 0x00, 0x00,
    0x00, 0x00, 0x00, 0x00, 0x00, 0x00, 0x00, 0x00, 0x00,
    0x00, 0x00, 0x00, 0x00, 0x00, 0x00, 0x00, 0x00, 0x00,
    0x00, 0x00, 0x00, 0x00, 0x00, 0x00, 0x00, 0x00, 0x00,
    0x00, 0x00, 0x00, 0x00, 0x00, 0x00, 0x00, 0x00, 0x00,
    0x00, 0x00, 0x00, 0x00, 0x00, 0x00, 0x00, 0x00, 0x00,
    0x00, 0x00, 0x00, 0x00, 0x00, 0x00, 0x00, 0x00, 0x00,
    0x00, 0x00, 0x00, 0x00, 0x00, 0x00, 0x00, 0x00, 0x00,
    0x00, 0x00, 0x00, 0x00, 0x00, 0x00, 0x00, 0x00, 0x00,
    0x00, 0x00, 0x00, 0x00, 0x00, 0x00, 0x00, 0x00, 0x00,
    0x00, 0x00, 0x00, 0x00, 0x00, 0x00, 0x00, 0x00, 0x00,
    0x00, 0x00, 0x00, 0x00, 0x00, 0x00, 0x00, 0x00, 0x00,
};

// 字符: 'O' (0x004F)
const uint8_t saiba_72_char_004F[648] = {
    0x00, 0x00, 0x00, 0x00, 0x00, 0x00, 0x00, 0x00, 0x00,
    0x00, 0x00, 0x00, 0x00, 0x00, 0x00, 0x00, 0x00, 0x00,
    0x00, 0x00, 0x00, 0x00, 0x00, 0x00, 0x00, 0x00, 0x00,
    0x00, 0x00, 0x00, 0x00, 0x00, 0x00, 0x00, 0x00, 0x00,
    0x00, 0x00, 0x00, 0x00, 0x00, 0x00, 0x00, 0x00, 0x00,
    0x00, 0x00, 0x00, 0x00, 0x00, 0x00, 0x00, 0x00, 0x00,
    0x00, 0x00, 0x00, 0x00, 0x00, 0x00, 0x00, 0x00, 0x00,
    0x00, 0x00, 0x00, 0x00, 0x00, 0x00, 0x00, 0x00, 0x00,
    0x00, 0x00, 0x00, 0x00, 0x00, 0x00, 0x00, 0x00, 0x00,
    0x00, 0x00, 0x00, 0x00, 0x00, 0x00, 0x00, 0x00, 0x00,
    0x00, 0x00, 0x3F, 0xFF, 0xFF, 0xFF, 0xF0, 0x00, 0x00,
    0x00, 0x00, 0x3F, 0xFF, 0xFF, 0xFF, 0xF8, 0x00, 0x00,
    0x00, 0x00, 0x3F, 0xFF, 0xFF, 0xFF, 0xFC, 0x00, 0x00,
    0x00, 0x00, 0x3F, 0xFF, 0xFF, 0xFF, 0xFE, 0x00, 0x00,
    0x00, 0x00, 0x1F, 0xFF, 0xFF, 0xFF, 0xFF, 0x00, 0x00,
    0x00, 0x00, 0x0F, 0xFF, 0xFF, 0xFF, 0xFF, 0x80, 0x00,
    0x00, 0x00, 0x07, 0xFF, 0xFF, 0xFF, 0xFF, 0x80, 0x00,
    0x00, 0x00, 0x03, 0xFF, 0xFF, 0xFF, 0xFF, 0x80, 0x00,
    0x00, 0x00, 0x01, 0xFF, 0xFF, 0xFF, 0xFF, 0x80, 0x00,
    0x00, 0x00, 0x00, 0xFF, 0xFF, 0xFF, 0xFF, 0x80, 0x00,
    0x00, 0x03, 0xC0, 0x7F, 0xFF, 0xFF, 0xFF, 0x80, 0x00,
    0x00, 0x03, 0xE0, 0x3F, 0xFF, 0xFF, 0xFF, 0x80, 0x00,
    0x00, 0x03, 0xF0, 0x1F, 0xFF, 0xFF, 0xFF, 0x80, 0x00,
    0x00, 0x03, 0xF8, 0x00, 0x01, 0xFF, 0xFF, 0x80, 0x00,
    0x00, 0x03, 0xFC, 0x00, 0x00, 0xFF, 0xFF, 0x80, 0x00,
    0x00, 0x03, 0xFE, 0x00, 0x00, 0x7F, 0xFF, 0x80, 0x00,
    0x00, 0x03, 0xFF, 0x00, 0x00, 0x3F, 0xFF, 0x80, 0x00,
    0x00, 0x03, 0xFF, 0x80, 0x00, 0x1F, 0xFF, 0x80, 0x00,
    0x00, 0x03, 0xFF, 0xC0, 0x00, 0x0F, 0xFF, 0x80, 0x00,
    0x00, 0x03, 0xFF, 0xE0, 0x00, 0x0F, 0xFF, 0x80, 0x00,
    0x00, 0x03, 0xFF, 0xE0, 0x00, 0x0F, 0xFF, 0x80, 0x00,
    0x00, 0x03, 0xFF, 0xE0, 0x00, 0x0F, 0xFF, 0x80, 0x00,
    0x00, 0x03, 0xFF, 0xE0, 0x00, 0x0F, 0xFF, 0x80, 0x00,
    0x00, 0x03, 0xFF, 0xE0, 0x00, 0x0F, 0xFF, 0x80, 0x00,
    0x00, 0x03, 0xFF, 0xE0, 0x00, 0x0F, 0xFF, 0x80, 0x00,
    0x00, 0x03, 0xFF, 0xE0, 0x00, 0x0F, 0xFF, 0x80, 0x00,
    0x00, 0x03, 0xFF, 0xE0, 0x00, 0x0F, 0xFF, 0x80, 0x00,
    0x00, 0x03, 0xFF, 0xE0, 0x00, 0x0F, 0xFF, 0x80, 0x00,
    0x00, 0x03, 0xFF, 0xE0, 0x00, 0x0F, 0xFF, 0x80, 0x00,
    0x00, 0x03, 0xFF, 0xE0, 0x00, 0x0F, 0xFF, 0x80, 0x00,
    0x00, 0x03, 0xFF, 0xE0, 0x00, 0x0F, 0xFF, 0x80, 0x00,
    0x00, 0x03, 0xFF, 0xE0, 0x00, 0x0F, 0xFF, 0x80, 0x00,
    0x00, 0x03, 0xFF, 0xE0, 0x00, 0x0F, 0xFF, 0x80, 0x00,
    0x00, 0x03, 0xFF, 0xE0, 0x00, 0x0F, 0xFF, 0x80, 0x00,
    0x00, 0x03, 0xFF, 0xE0, 0x00, 0x0F, 0xFF, 0x80, 0x00,
    0x00, 0x03, 0xFF, 0xF0, 0x00, 0x0F, 0xFF, 0x80, 0x00,
    0x00, 0x03, 0xFF, 0xF8, 0x00, 0x0F, 0xFF, 0x80, 0x00,
    0x00, 0x03, 0xFF, 0xFF, 0xFF, 0xFF, 0xFF, 0x80, 0x00,
    0x00, 0x03, 0xFF, 0xFF, 0xFF, 0xFF, 0xFF, 0x80, 0x00,
    0x00, 0x03, 0xFF, 0xFF, 0xFF, 0xFF, 0xFF, 0x80, 0x00,
    0x00, 0x03, 0xFF, 0xFF, 0xFF, 0xFF, 0xFF, 0x80, 0x00,
    0x00, 0x03, 0xFF, 0xFF, 0xFF, 0xFF, 0xFF, 0x80, 0x00,
    0x00, 0x03, 0xFF, 0xFF, 0xFF, 0xFF, 0xFF, 0x80, 0x00,
    0x00, 0x03, 0xFF, 0xFF, 0xFF, 0xFF, 0xFF, 0x80, 0x00,
    0x00, 0x03, 0xFF, 0xFF, 0xFF, 0xFF, 0xFF, 0x80, 0x00,
    0x00, 0x01, 0xFF, 0xFF, 0xFF, 0xFF, 0xFF, 0x00, 0x00,
    0x00, 0x00, 0xFF, 0xFF, 0xFF, 0xFF, 0xFE, 0x00, 0x00,
    0x00, 0x00, 0x7F, 0xFF, 0xFF, 0xFF, 0xFC, 0x00, 0x00,
    0x00, 0x00, 0x3F, 0xFF, 0xFF, 0xFF, 0xF8, 0x00, 0x00,
    0x00, 0x00, 0x1F, 0xFF, 0xFF, 0xFF, 0xF0, 0x00, 0x00,
    0x00, 0x00, 0x00, 0x00, 0x00, 0x00, 0x00, 0x00, 0x00,
    0x00, 0x00, 0x00, 0x00, 0x00, 0x00, 0x00, 0x00, 0x00,
    0x00, 0x00, 0x00, 0x00, 0x00, 0x00, 0x00, 0x00, 0x00,
    0x00, 0x00, 0x00, 0x00, 0x00, 0x00, 0x00, 0x00, 0x00,
    0x00, 0x00, 0x00, 0x00, 0x00, 0x00, 0x00, 0x00, 0x00,
    0x00, 0x00, 0x00, 0x00, 0x00, 0x00, 0x00, 0x00, 0x00,
    0x00, 0x00, 0x00, 0x00, 0x00, 0x00, 0x00, 0x00, 0x00,
    0x00, 0x00, 0x00, 0x00, 0x00, 0x00, 0x00, 0x00, 0x00,
    0x00, 0x00, 0x00, 0x00, 0x00, 0x00, 0x00, 0x00, 0x00,
    0x00, 0x00, 0x00, 0x00, 0x00, 0x00, 0x00, 0x00, 0x00,
    0x00, 0x00, 0x00, 0x00, 0x00, 0x00, 0x00, 0x00, 0x00,
    0x00, 0x00, 0x00, 0x00, 0x00, 0x00, 0x00, 0x00, 0x00,
};

// 字符: 'P' (0x0050)
const uint8_t saiba_72_char_0050[648] = {
    0x00, 0x00, 0x00, 0x00, 0x00, 0x00, 0x00, 0x00, 0x00,
    0x00, 0x00, 0x00, 0x00, 0x00, 0x00, 0x00, 0x00, 0x00,
    0x00, 0x00, 0x00, 0x00, 0x00, 0x00, 0x00, 0x00, 0x00,
    0x00, 0x00, 0x00, 0x00, 0x00, 0x00, 0x00, 0x00, 0x00,
    0x00, 0x00, 0x00, 0x00, 0x00, 0x00, 0x00, 0x00, 0x00,
    0x00, 0x00, 0x00, 0x00, 0x00, 0x00, 0x00, 0x00, 0x00,
    0x00, 0x00, 0x00, 0x00, 0x00, 0x00, 0x00, 0x00, 0x00,
    0x00, 0x00, 0x00, 0x00, 0x00, 0x00, 0x00, 0x00, 0x00,
    0x00, 0x00, 0x00, 0x00, 0x00, 0x00, 0x00, 0x00, 0x00,
    0x00, 0x00, 0x00, 0x00, 0x00, 0x00, 0x00, 0x00, 0x00,
    0x00, 0x03, 0xFF, 0xFF, 0xFF, 0xF8, 0x00, 0x00, 0x00,
    0x00, 0x03, 0xFF, 0xFF, 0xFF, 0xFC, 0x00, 0x00, 0x00,
    0x00, 0x03, 0xFF, 0xFF, 0xFF, 0xFE, 0x00, 0x00, 0x00,
    0x00, 0x03, 0xFF, 0xFF, 0xFF, 0xFF, 0x00, 0x00, 0x00,
    0x00, 0x03, 0xFF, 0xFF, 0xFF, 0xFF, 0x80, 0x00, 0x00,
    0x00, 0x03, 0xFF, 0xFF, 0xFF, 0xFF, 0xC0, 0x00, 0x00,
    0x00, 0x03, 0xFF, 0xFF, 0xFF, 0xFF, 0xE0, 0x00, 0x00,
    0x00, 0x03, 0xFF, 0xFF, 0xFF, 0xFF, 0xF0, 0x00, 0x00,
    0x00, 0x03, 0xFF, 0xFF, 0xFF, 0xFF, 0xF8, 0x00, 0x00,
    0x00, 0x01, 0xFF, 0xFF, 0xFF, 0xFF, 0xFC, 0x00, 0x00,
    0x00, 0x00, 0xFF, 0xFF, 0xFF, 0xFF, 0xFE, 0x00, 0x00,
    0x00, 0x00, 0x7F, 0xFF, 0xFF, 0xFF, 0xFF, 0x00, 0x00,
    0x00, 0x00, 0x3F, 0xFF, 0xFF, 0xFF, 0xFF, 0x80, 0x00,
    0x00, 0x00, 0x1F, 0xFF, 0xFF, 0xFF, 0xFF, 0x80, 0x00,
    0x00, 0x00, 0x00, 0x00, 0x00, 0x3F, 0xFF, 0x80, 0x00,
    0x00, 0x00, 0x00, 0x00, 0x00, 0x1F, 0xFF, 0x80, 0x00,
    0x00, 0x00, 0x00, 0x00, 0x00, 0x0F, 0xFF, 0x80, 0x00,
    0x00, 0x00, 0x00, 0x00, 0x00, 0x0F, 0xFF, 0x80, 0x00,
    0x00, 0x00, 0x00, 0x00, 0x00, 0x0F, 0xFF, 0x80, 0x00,
    0x00, 0x03, 0xFF, 0xFF, 0xFF, 0xFF, 0xFF, 0x80, 0x00,
    0x00, 0x03, 0xFF, 0xFF, 0xFF, 0xFF, 0xFF, 0x80, 0x00,
    0x00, 0x03, 0xFF, 0xFF, 0xFF, 0xFF, 0xFF, 0x80, 0x00,
    0x00, 0x03, 0xFF, 0xFF, 0xFF, 0xFF, 0xFF, 0x80, 0x00,
    0x00, 0x03, 0xFF, 0xFF, 0xFF, 0xFF, 0xFF, 0x80, 0x00,
    0x00, 0x03, 0xFF, 0xFF, 0xFF, 0xFF, 0xFF, 0x80, 0x00,
    0x00, 0x03, 0xFF, 0xFF, 0xFF, 0xFF, 0xFF, 0x80, 0x00,
    0x00, 0x03, 0xFF, 0xFF, 0xFF, 0xFF, 0xFF, 0x00, 0x00,
    0x00, 0x03, 0xFF, 0xFF, 0xFF, 0xFF, 0xFE, 0x00, 0x00,
    0x00, 0x03, 0xFF, 0xFF, 0xFF, 0xFF, 0xFC, 0x00, 0x00,
    0x00, 0x03, 0xFF, 0xFF, 0xFF, 0xFF, 0xF8, 0x00, 0x00,
    0x00, 0x03, 0xFF, 0xFF, 0xFF, 0xFF, 0xF0, 0x00, 0x00,
    0x00, 0x03, 0xFF, 0xFF, 0xFF, 0xFF, 0xE0, 0x00, 0x00,
    0x00, 0x03, 0xFF, 0x80, 0x00, 0x00, 0x00, 0x00, 0x00,
    0x00, 0x03, 0xFF, 0xC0, 0x00, 0x00, 0x00, 0x00, 0x00,
    0x00, 0x03, 0xFF, 0xE0, 0x00, 0x00, 0x00, 0x00, 0x00,
    0x00, 0x03, 0xFF, 0xE0, 0x00, 0x00, 0x00, 0x00, 0x00,
    0x00, 0x03, 0xFF, 0xE0, 0x00, 0x00, 0x00, 0x00, 0x00,
    0x00, 0x03, 0xFF, 0xE0, 0x00, 0x00, 0x00, 0x00, 0x00,
    0x00, 0x03, 0xFF, 0xE0, 0x00, 0x00, 0x00, 0x00, 0x00,
    0x00, 0x03, 0xFF, 0xE0, 0x00, 0x00, 0x00, 0x00, 0x00,
    0x00, 0x03, 0xFF, 0xE0, 0x00, 0x00, 0x00, 0x00, 0x00,
    0x00, 0x03, 0xFF, 0xE0, 0x00, 0x00, 0x00, 0x00, 0x00,
    0x00, 0x03, 0xFF, 0xE0, 0x00, 0x00, 0x00, 0x00, 0x00,
    0x00, 0x03, 0xFF, 0xE0, 0x00, 0x00, 0x00, 0x00, 0x00,
    0x00, 0x03, 0xFF, 0xE0, 0x00, 0x00, 0x00, 0x00, 0x00,
    0x00, 0x01, 0xFF, 0xE0, 0x00, 0x00, 0x00, 0x00, 0x00,
    0x00, 0x00, 0xFF, 0xE0, 0x00, 0x00, 0x00, 0x00, 0x00,
    0x00, 0x00, 0x7F, 0xE0, 0x00, 0x00, 0x00, 0x00, 0x00,
    0x00, 0x00, 0x3F, 0xE0, 0x00, 0x00, 0x00, 0x00, 0x00,
    0x00, 0x00, 0x1F, 0xE0, 0x00, 0x00, 0x00, 0x00, 0x00,
    0x00, 0x00, 0x00, 0x00, 0x00, 0x00, 0x00, 0x00, 0x00,
    0x00, 0x00, 0x00, 0x00, 0x00, 0x00, 0x00, 0x00, 0x00,
    0x00, 0x00, 0x00, 0x00, 0x00, 0x00, 0x00, 0x00, 0x00,
    0x00, 0x00, 0x00, 0x00, 0x00, 0x00, 0x00, 0x00, 0x00,
    0x00, 0x00, 0x00, 0x00, 0x00, 0x00, 0x00, 0x00, 0x00,
    0x00, 0x00, 0x00, 0x00, 0x00, 0x00, 0x00, 0x00, 0x00,
    0x00, 0x00, 0x00, 0x00, 0x00, 0x00, 0x00, 0x00, 0x00,
    0x00, 0x00, 0x00, 0x00, 0x00, 0x00, 0x00, 0x00, 0x00,
    0x00, 0x00, 0x00, 0x00, 0x00, 0x00, 0x00, 0x00, 0x00,
    0x00, 0x00, 0x00, 0x00, 0x00, 0x00, 0x00, 0x00, 0x00,
    0x00, 0x00, 0x00, 0x00, 0x00, 0x00, 0x00, 0x00, 0x00,
    0x00, 0x00, 0x00, 0x00, 0x00, 0x00, 0x00, 0x00, 0x00,
};

// 字符: 'L' (0x004C)
const uint8_t saiba_72_char_004C[648] = {
    0x00, 0x00, 0x00, 0x00, 0x00, 0x00, 0x00, 0x00, 0x00,
    0x00, 0x00, 0x00, 0x00, 0x00, 0x00, 0x00, 0x00, 0x00,
    0x00, 0x00, 0x00, 0x00, 0x00, 0x00, 0x00, 0x00, 0x00,
    0x00, 0x00, 0x00, 0x00, 0x00, 0x00, 0x00, 0x00, 0x00,
    0x00, 0x00, 0x00, 0x00, 0x00, 0x00, 0x00, 0x00, 0x00,
    0x00, 0x00, 0x00, 0x00, 0x00, 0x00, 0x00, 0x00, 0x00,
    0x00, 0x00, 0x00, 0x00, 0x00, 0x00, 0x00, 0x00, 0x00,
    0x00, 0x00, 0x00, 0x00, 0x00, 0x00, 0x00, 0x00, 0x00,
    0x00, 0x00, 0x00, 0x00, 0x00, 0x00, 0x00, 0x00, 0x00,
    0x00, 0x00, 0x00, 0x00, 0x00, 0x00, 0x00, 0x00, 0x00,
    0x00, 0x03, 0xFF, 0xC0, 0x00, 0x00, 0x00, 0x00, 0x00,
    0x00, 0x03, 0xFF, 0xE0, 0x00, 0x00, 0x00, 0x00, 0x00,
    0x00, 0x03, 0xFF, 0xE0, 0x00, 0x00, 0x00, 0x00, 0x00,
    0x00, 0x03, 0xFF, 0xE0, 0x00, 0x00, 0x00, 0x00, 0x00,
    0x00, 0x03, 0xFF, 0xE0, 0x00, 0x00, 0x00, 0x00, 0x00,
    0x00, 0x03, 0xFF, 0xE0, 0x00, 0x00, 0x00, 0x00, 0x00,
    0x00, 0x03, 0xFF, 0xE0, 0x00, 0x00, 0x00, 0x00, 0x00,
    0x00, 0x03, 0xFF, 0xE0, 0x00, 0x00, 0x00, 0x00, 0x00,
    0x00, 0x03, 0xFF, 0xE0, 0x00, 0x00, 0x00, 0x00, 0x00,
    0x00, 0x03, 0xFF, 0xE0, 0x00, 0x00, 0x00, 0x00, 0x00,
    0x00, 0x03, 0xFF, 0xE0, 0x00, 0x00, 0x00, 0x00, 0x00,
    0x00, 0x03, 0xFF, 0xE0, 0x00, 0x00, 0x00, 0x00, 0x00,
    0x00, 0x03, 0xFF, 0xE0, 0x00, 0x00, 0x00, 0x00, 0x00,
    0x00, 0x03, 0xFF, 0xE0, 0x00, 0x00, 0x00, 0x00, 0x00,
    0x00, 0x03, 0xFF, 0xE0, 0x00, 0x00, 0x00, 0x00, 0x00,
    0x00, 0x03, 0xFF, 0xE0, 0x00, 0x00, 0x00, 0x00, 0x00,
    0x00, 0x03, 0xFF, 0xE0, 0x00, 0x00, 0x00, 0x00, 0x00,
    0x00, 0x03, 0xFF, 0xE0, 0x00, 0x00, 0x00, 0x00, 0x00,
    0x00, 0x03, 0xFF, 0xE0, 0x00, 0x00, 0x00, 0x00, 0x00,
    0x00, 0x03, 0xFF, 0xE0, 0x00, 0x00, 0x00, 0x00, 0x00,
    0x00, 0x03, 0xFF, 0xE0, 0x00, 0x00, 0x00, 0x00, 0x00,
    0x00, 0x03, 0xFF, 0xE0, 0x00, 0x00, 0x00, 0x00, 0x00,
    0x00, 0x03, 0xFF, 0xE0, 0x00, 0x00, 0x00, 0x00, 0x00,
    0x00, 0x03, 0xFF, 0xE0, 0x00, 0x00, 0x00, 0x00, 0x00,
    0x00, 0x03, 0xFF, 0xE0, 0x00, 0x00, 0x00, 0x00, 0x00,
    0x00, 0x03, 0xFF, 0xE0, 0x00, 0x00, 0x00, 0x00, 0x00,
    0x00, 0x03, 0xFF, 0xE0, 0x00, 0x00, 0x00, 0x00, 0x00,
    0x00, 0x03, 0xFF, 0xE0, 0x00, 0x00, 0x00, 0x00, 0x00,
    0x00, 0x03, 0xFF, 0xE0, 0x00, 0x00, 0x00, 0x00, 0x00,
    0x00, 0x03, 0xFF, 0xE0, 0x00, 0x00, 0x00, 0x00, 0x00,
    0x00, 0x03, 0xFF, 0xE0, 0x00, 0x00, 0x00, 0x00, 0x00,
    0x00, 0x03, 0xFF, 0xE0, 0x00, 0x00, 0x00, 0x00, 0x00,
    0x00, 0x03, 0xFF, 0xE0, 0x00, 0x00, 0x00, 0x00, 0x00,
    0x00, 0x03, 0xFF, 0xE0, 0x00, 0x00, 0x00, 0x00, 0x00,
    0x00, 0x03, 0xFF, 0xE0, 0x00, 0x00, 0x00, 0x00, 0x00,
    0x00, 0x03, 0xFF, 0xE0, 0x00, 0x00, 0x00, 0x00, 0x00,
    0x00, 0x03, 0xFF, 0xE0, 0x03, 0xFF, 0xE0, 0x00, 0x00,
    0x00, 0x03, 0xFF, 0xF0, 0x03, 0xFF, 0xF0, 0x00, 0x00,
    0x00, 0x03, 0xFF, 0xF8, 0x03, 0xFF, 0xF8, 0x00, 0x00,
    0x00, 0x03, 0xFF, 0xFC, 0x03, 0xFF, 0xFC, 0x00, 0x00,
    0x00, 0x03, 0xFF, 0xFE, 0x03, 0xFF, 0xFE, 0x00, 0x00,
    0x00, 0x03, 0xFF, 0xFF, 0x03, 0xFF, 0xFF, 0x00, 0x00,
    0x00, 0x03, 0xFF, 0xFF, 0x81, 0xFF, 0xFF, 0x80, 0x00,
    0x00, 0x03, 0xFF, 0xFF, 0xC0, 0xFF, 0xFF, 0x80, 0x00,
    0x00, 0x03, 0xFF, 0xFF, 0xE0, 0x7F, 0xFF, 0x80, 0x00,
    0x00, 0x03, 0xFF, 0xFF, 0xF0, 0x3F, 0xFF, 0x80, 0x00,
    0x00, 0x03, 0xFF, 0xFF, 0xF8, 0x1F, 0xFF, 0x80, 0x00,
    0x00, 0x03, 0xFF, 0xFF, 0xFC, 0x0F, 0xFF, 0x80, 0x00,
    0x00, 0x03, 0xFF, 0xFF, 0xFC, 0x07, 0xFF, 0x80, 0x00,
    0x00, 0x03, 0xFF, 0xFF, 0xFC, 0x03, 0xFF, 0x80, 0x00,
    0x00, 0x00, 0x00, 0x00, 0x00, 0x00, 0x00, 0x00, 0x00,
    0x00, 0x00, 0x00, 0x00, 0x00, 0x00, 0x00, 0x00, 0x00,
    0x00, 0x00, 0x00, 0x00, 0x00, 0x00, 0x00, 0x00, 0x00,
    0x00, 0x00, 0x00, 0x00, 0x00, 0x00, 0x00, 0x00, 0x00,
    0x00, 0x00, 0x00, 0x00, 0x00, 0x00, 0x00, 0x00, 0x00,
    0x00, 0x00, 0x00, 0x00, 0x00, 0x00, 0x00, 0x00, 0x00,
    0x00, 0x00, 0x00, 0x00, 0x00, 0x00, 0x00, 0x00, 0x00,
    0x00, 0x00, 0x00, 0x00, 0x00, 0x00, 0x00, 0x00, 0x00,
    0x00, 0x00, 0x00, 0x00, 0x00, 0x00, 0x00, 0x00, 0x00,
    0x00, 0x00, 0x00, 0x00, 0x00, 0x00, 0x00, 0x00, 0x00,
    0x00, 0x00, 0x00, 0x00, 0x00, 0x00, 0x00, 0x00, 0x00,
    0x00, 0x00, 0x00, 0x00, 0x00, 0x00, 0x00, 0x00, 0x00,
};

// 字符: 'K' (0x004B)
const uint8_t saiba_72_char_004B[648] = {
    0x00, 0x00, 0x00, 0x00, 0x00, 0x00, 0x00, 0x00, 0x00,
    0x00, 0x00, 0x00, 0x00, 0x00, 0x00, 0x00, 0x00, 0x00,
    0x00, 0x00, 0x00, 0x00, 0x00, 0x00, 0x00, 0x00, 0x00,
    0x00, 0x00, 0x00, 0x00, 0x00, 0x00, 0x00, 0x00, 0x00,
    0x00, 0x00, 0x00, 0x00, 0x00, 0x00, 0x00, 0x00, 0x00,
    0x00, 0x00, 0x00, 0x00, 0x00, 0x00, 0x00, 0x00, 0x00,
    0x00, 0x00, 0x00, 0x00, 0x00, 0x00, 0x00, 0x00, 0x00,
    0x00, 0x00, 0x00, 0x00, 0x00, 0x00, 0x00, 0x00, 0x00,
    0x00, 0x00, 0x00, 0x00, 0x00, 0x00, 0x00, 0x00, 0x00,
    0x00, 0x00, 0x00, 0x00, 0x00, 0x00, 0x00, 0x00, 0x00,
    0x00, 0x03, 0xFC, 0x00, 0x00, 0x0F, 0xFC, 0x00, 0x00,
    0x00, 0x03, 0xFE, 0x00, 0x00, 0x1F, 0xFC, 0x00, 0x00,
    0x00, 0x03, 0xFF, 0x00, 0x00, 0x3F, 0xFC, 0x00, 0x00,
    0x00, 0x03, 0xFF, 0x80, 0x00, 0x7F, 0xFC, 0x00, 0x00,
    0x00, 0x03, 0xFF, 0xC0, 0x00, 0xFF, 0xFC, 0x00, 0x00,
    0x00, 0x03, 0xFF, 0xE0, 0x01, 0xFF, 0xFC, 0x00, 0x00,
    0x00, 0x03, 0xFF, 0xE0, 0x03, 0xFF, 0xFC, 0x00, 0x00,
    0x00, 0x03, 0xFF, 0xE0, 0x07, 0xFF, 0xFC, 0x00, 0x00,
    0x00, 0x03, 0xFF, 0xE0, 0x0F, 0xFF, 0xFC, 0x00, 0x00,
    0x00, 0x03, 0xFF, 0xE0, 0x1F, 0xFF, 0xFC, 0x00, 0x00,
    0x00, 0x03, 0xFF, 0xE0, 0x3F, 0xFF, 0xF8, 0x00, 0x00,
    0x00, 0x03, 0xFF, 0xE0, 0x3F, 0xFF, 0xF0, 0x00, 0x00,
    0x00, 0x03, 0xFF, 0xE0, 0x3F, 0xFF, 0xE0, 0x00, 0x00,
    0x00, 0x03, 0xFF, 0xE0, 0x3F, 0xFF, 0xC0, 0x00, 0x00,
    0x00, 0x03, 0xFF, 0xE0, 0x3F, 0xFF, 0x80, 0x00, 0x00,
    0x00, 0x03, 0xFF, 0xE0, 0x3F, 0xFF, 0x00, 0x00, 0x00,
    0x00, 0x03, 0xFF, 0xE0, 0x3F, 0xFE, 0x00, 0x00, 0x00,
    0x00, 0x01, 0xFF, 0xC0, 0x3F, 0xFC, 0x00, 0x00, 0x00,
    0x00, 0x00, 0xFF, 0x80, 0x3F, 0xF8, 0x00, 0x00, 0x00,
    0x00, 0x00, 0x7F, 0xFF, 0xF8, 0x00, 0x00, 0x00, 0x00,
    0x00, 0x00, 0x3F, 0xFF, 0xFC, 0x00, 0x00, 0x00, 0x00,
    0x00, 0x00, 0x1F, 0xFF, 0xFE, 0x00, 0x00, 0x00, 0x00,
    0x00, 0x02, 0x0F, 0xFF, 0xFF, 0x00, 0x00, 0x00, 0x00,
    0x00, 0x02, 0x07, 0xFF, 0xFF, 0x80, 0x00, 0x00, 0x00,
    0x00, 0x03, 0x03, 0xFF, 0xFF, 0xC0, 0x00, 0x00, 0x00,
    0x00, 0x03, 0x81, 0xFF, 0xFF, 0xE0, 0x00, 0x00, 0x00,
    0x00, 0x03, 0xC0, 0xFF, 0xFF, 0xF0, 0x00, 0x00, 0x00,
    0x00, 0x03, 0xE0, 0x7F, 0xFF, 0xFF, 0xE0, 0x00, 0x00,
    0x00, 0x03, 0xF0, 0x3F, 0xFF, 0xFF, 0xF0, 0x00, 0x00,
    0x00, 0x03, 0xF8, 0x1F, 0xFF, 0xFF, 0xF8, 0x00, 0x00,
    0x00, 0x03, 0xFC, 0x0F, 0xFF, 0xFF, 0xFC, 0x00, 0x00,
    0x00, 0x03, 0xFE, 0x07, 0xFF, 0xFF, 0xFE, 0x00, 0x00,
    0x00, 0x03, 0xFF, 0x03, 0xFF, 0xFF, 0xFF, 0x00, 0x00,
    0x00, 0x03, 0xFF, 0x81, 0xFF, 0xFF, 0xFF, 0x80, 0x00,
    0x00, 0x03, 0xFF, 0xC0, 0xFF, 0xFF, 0xFF, 0x80, 0x00,
    0x00, 0x03, 0xFF, 0xE0, 0x7F, 0xFF, 0xFF, 0x80, 0x00,
    0x00, 0x03, 0xFF, 0xE0, 0x3F, 0xFF, 0xFF, 0x80, 0x00,
    0x00, 0x03, 0xFF, 0xE0, 0x1F, 0xFF, 0xFF, 0x80, 0x00,
    0x00, 0x03, 0xFF, 0xE0, 0x0F, 0xFF, 0xFF, 0x80, 0x00,
    0x00, 0x03, 0xFF, 0xE0, 0x07, 0xFF, 0xFF, 0x80, 0x00,
    0x00, 0x03, 0xFF, 0xE0, 0x03, 0xFF, 0xFF, 0x80, 0x00,
    0x00, 0x01, 0xFF, 0xE0, 0x01, 0xFF, 0xFF, 0x80, 0x00,
    0x00, 0x00, 0xFF, 0xE0, 0x00, 0xFF, 0xFF, 0x80, 0x00,
    0x00, 0x00, 0x7F, 0xE0, 0x00, 0x7F, 0xFF, 0x80, 0x00,
    0x00, 0x00, 0x3F, 0xE0, 0x00, 0x3F, 0xFF, 0x80, 0x00,
    0x00, 0x00, 0x1F, 0xE0, 0x00, 0x1F, 0xFF, 0x80, 0x00,
    0x00, 0x00, 0x0F, 0xE0, 0x00, 0x0F, 0xFF, 0x80, 0x00,
    0x00, 0x00, 0x07, 0xE0, 0x00, 0x0F, 0xFF, 0x80, 0x00,
    0x00, 0x00, 0x00, 0x00, 0x00, 0x0F, 0xFF, 0x80, 0x00,
    0x00, 0x00, 0x00, 0x00, 0x00, 0x0F, 0xFF, 0x80, 0x00,
    0x00, 0x00, 0x00, 0x00, 0x00, 0x0F, 0xFF, 0x80, 0x00,
    0x00, 0x00, 0x00, 0x00, 0x00, 0x00, 0x00, 0x00, 0x00,
    0x00, 0x00, 0x00, 0x00, 0x00, 0x00, 0x00, 0x00, 0x00,
    0x00, 0x00, 0x00, 0x00, 0x00, 0x00, 0x00, 0x00, 0x00,
    0x00, 0x00, 0x00, 0x00, 0x00, 0x00, 0x00, 0x00, 0x00,
    0x00, 0x00, 0x00, 0x00, 0x00, 0x00, 0x00, 0x00, 0x00,
    0x00, 0x00, 0x00, 0x00, 0x00, 0x00, 0x00, 0x00, 0x00,
    0x00, 0x00, 0x00, 0x00, 0x00, 0x00, 0x00, 0x00, 0x00,
    0x00, 0x00, 0x00, 0x00, 0x00, 0x00, 0x00, 0x00, 0x00,
    0x00, 0x00, 0x00, 0x00, 0x00, 0x00, 0x00, 0x00, 0x00,
    0x00, 0x00, 0x00, 0x00, 0x00, 0x00, 0x00, 0x00, 0x00,
    0x00, 0x00, 0x00, 0x00, 0x00, 0x00, 0x00, 0x00, 0x00,
};

// 字符: 'J' (0x004A)
const uint8_t saiba_72_char_004A[648] = {
    0x00, 0x00, 0x00, 0x00, 0x00, 0x00, 0x00, 0x00, 0x00,
    0x00, 0x00, 0x00, 0x00, 0x00, 0x00, 0x00, 0x00, 0x00,
    0x00, 0x00, 0x00, 0x00, 0x00, 0x00, 0x00, 0x00, 0x00,
    0x00, 0x00, 0x00, 0x00, 0x00, 0x00, 0x00, 0x00, 0x00,
    0x00, 0x00, 0x00, 0x00, 0x00, 0x00, 0x00, 0x00, 0x00,
    0x00, 0x00, 0x00, 0x00, 0x00, 0x00, 0x00, 0x00, 0x00,
    0x00, 0x00, 0x00, 0x00, 0x00, 0x00, 0x00, 0x00, 0x00,
    0x00, 0x00, 0x00, 0x00, 0x00, 0x00, 0x00, 0x00, 0x00,
    0x00, 0x00, 0x00, 0x00, 0x00, 0x00, 0x00, 0x00, 0x00,
    0x00, 0x00, 0x00, 0x00, 0x00, 0x00, 0x00, 0x00, 0x00,
    0x00, 0x00, 0x7F, 0xFF, 0xFF, 0xFF, 0xF0, 0x00, 0x00,
    0x00, 0x00, 0x7F, 0xFF, 0xFF, 0xFF, 0xF8, 0x00, 0x00,
    0x00, 0x00, 0x7F, 0xFF, 0xFF, 0xFF, 0xFC, 0x00, 0x00,
    0x00, 0x00, 0x3F, 0xFF, 0xFF, 0xFF, 0xFE, 0x00, 0x00,
    0x00, 0x00, 0x1F, 0xFF, 0xFF, 0xFF, 0xFF, 0x00, 0x00,
    0x00, 0x00, 0x0F, 0xFF, 0xFF, 0xFF, 0xFF, 0x80, 0x00,
    0x00, 0x00, 0x07, 0xFF, 0xFF, 0xFF, 0xFF, 0x80, 0x00,
    0x00, 0x00, 0x03, 0xFF, 0xFF, 0xFF, 0xFF, 0x80, 0x00,
    0x00, 0x00, 0x01, 0xFF, 0xFF, 0xFF, 0xFF, 0x80, 0x00,
    0x00, 0x00, 0x00, 0xFF, 0xFF, 0xFF, 0xFF, 0x80, 0x00,
    0x00, 0x00, 0x00, 0x7F, 0xFF, 0xFF, 0xFF, 0x80, 0x00,
    0x00, 0x00, 0x00, 0x3F, 0xFF, 0xFF, 0xFF, 0x80, 0x00,
    0x00, 0x00, 0x00, 0x1F, 0xFF, 0xFF, 0xFF, 0x80, 0x00,
    0x00, 0x00, 0x00, 0x00, 0x00, 0x03, 0xFF, 0x80, 0x00,
    0x00, 0x00, 0x00, 0x00, 0x00, 0x07, 0xFF, 0x80, 0x00,
    0x00, 0x00, 0x00, 0x00, 0x00, 0x0F, 0xFF, 0x80, 0x00,
    0x00, 0x00, 0x00, 0x00, 0x00, 0x0F, 0xFF, 0x80, 0x00,
    0x00, 0x00, 0x00, 0x00, 0x00, 0x0F, 0xFF, 0x80, 0x00,
    0x00, 0x00, 0x00, 0x00, 0x00, 0x0F, 0xFF, 0x80, 0x00,
    0x00, 0x00, 0x00, 0x00, 0x00, 0x0F, 0xFF, 0x80, 0x00,
    0x00, 0x00, 0x00, 0x00, 0x00, 0x0F, 0xFF, 0x80, 0x00,
    0x00, 0x00, 0x00, 0x00, 0x00, 0x0F, 0xFF, 0x80, 0x00,
    0x00, 0x00, 0x00, 0x00, 0x00, 0x0F, 0xFF, 0x80, 0x00,
    0x00, 0x03, 0xC0, 0x00, 0x00, 0x0F, 0xFF, 0x80, 0x00,
    0x00, 0x03, 0xE0, 0x00, 0x00, 0x0F, 0xFF, 0x80, 0x00,
    0x00, 0x03, 0xF0, 0x00, 0x00, 0x0F, 0xFF, 0x80, 0x00,
    0x00, 0x03, 0xF8, 0x00, 0x00, 0x0F, 0xFF, 0x80, 0x00,
    0x00, 0x03, 0xFC, 0x00, 0x00, 0x0F, 0xFF, 0x80, 0x00,
    0x00, 0x03, 0xFE, 0x00, 0x00, 0x0F, 0xFF, 0x80, 0x00,
    0x00, 0x03, 0xFF, 0x00, 0x00, 0x0F, 0xFF, 0x80, 0x00,
    0x00, 0x03, 0xFF, 0x80, 0x00, 0x0F, 0xFF, 0x80, 0x00,
    0x00, 0x03, 0xFF, 0xC0, 0x00, 0x0F, 0xFF, 0x80, 0x00,
    0x00, 0x03, 0xFF, 0xE0, 0x00, 0x00, 0x1F, 0x80, 0x00,
    0x00, 0x03, 0xFF, 0xE0, 0x00, 0x00, 0x0F, 0x80, 0x00,
    0x00, 0x03, 0xFF, 0xE0, 0x00, 0x00, 0x07, 0x80, 0x00,
    0x00, 0x03, 0xFF, 0xE0, 0x00, 0x00, 0x03, 0x80, 0x00,
    0x00, 0x03, 0xFF, 0xE1, 0xFF, 0xFF, 0x81, 0x80, 0x00,
    0x00, 0x03, 0xFF, 0xE1, 0xFF, 0xFF, 0xC0, 0x80, 0x00,
    0x00, 0x03, 0xFF, 0xE1, 0xFF, 0xFF, 0xE0, 0x00, 0x00,
    0x00, 0x03, 0xFF, 0xE1, 0xFF, 0xFF, 0xF0, 0x00, 0x00,
    0x00, 0x03, 0xFF, 0xE1, 0xFF, 0xFF, 0xF8, 0x00, 0x00,
    0x00, 0x03, 0xFF, 0xE1, 0xFF, 0xFF, 0xFC, 0x00, 0x00,
    0x00, 0x03, 0xFF, 0xE1, 0xFF, 0xFF, 0xFE, 0x00, 0x00,
    0x00, 0x03, 0xFF, 0xE1, 0xFF, 0xFF, 0xFF, 0x00, 0x00,
    0x00, 0x03, 0xFF, 0xE0, 0xFF, 0xFF, 0xFF, 0x80, 0x00,
    0x00, 0x01, 0xFF, 0xE0, 0x7F, 0xFF, 0xFF, 0x80, 0x00,
    0x00, 0x00, 0xFF, 0xF0, 0x3F, 0xFF, 0xFF, 0x80, 0x00,
    0x00, 0x00, 0x7F, 0xF8, 0x1F, 0xFF, 0xFF, 0x80, 0x00,
    0x00, 0x00, 0x3F, 0xFC, 0x0F, 0xFF, 0xFF, 0x80, 0x00,
    0x00, 0x00, 0x1F, 0xFE, 0x07, 0xFF, 0xFF, 0x80, 0x00,
    0x00, 0x00, 0x00, 0x00, 0x00, 0x00, 0x00, 0x00, 0x00,
    0x00, 0x00, 0x00, 0x00, 0x00, 0x00, 0x00, 0x00, 0x00,
    0x00, 0x00, 0x00, 0x00, 0x00, 0x00, 0x00, 0x00, 0x00,
    0x00, 0x00, 0x00, 0x00, 0x00, 0x00, 0x00, 0x00, 0x00,
    0x00, 0x00, 0x00, 0x00, 0x00, 0x00, 0x00, 0x00, 0x00,
    0x00, 0x00, 0x00, 0x00, 0x00, 0x00, 0x00, 0x00, 0x00,
    0x00, 0x00, 0x00, 0x00, 0x00, 0x00, 0x00, 0x00, 0x00,
    0x00, 0x00, 0x00, 0x00, 0x00, 0x00, 0x00, 0x00, 0x00,
    0x00, 0x00, 0x00, 0x00, 0x00, 0x00, 0x00, 0x00, 0x00,
    0x00, 0x00, 0x00, 0x00, 0x00, 0x00, 0x00, 0x00, 0x00,
    0x00, 0x00, 0x00, 0x00, 0x00, 0x00, 0x00, 0x00, 0x00,
    0x00, 0x00, 0x00, 0x00, 0x00, 0x00, 0x00, 0x00, 0x00,
};

// 字符: 'H' (0x0048)
const uint8_t saiba_72_char_0048[648] = {
    0x00, 0x00, 0x00, 0x00, 0x00, 0x00, 0x00, 0x00, 0x00,
    0x00, 0x00, 0x00, 0x00, 0x00, 0x00, 0x00, 0x00, 0x00,
    0x00, 0x00, 0x00, 0x00, 0x00, 0x00, 0x00, 0x00, 0x00,
    0x00, 0x00, 0x00, 0x00, 0x00, 0x00, 0x00, 0x00, 0x00,
    0x00, 0x00, 0x00, 0x00, 0x00, 0x00, 0x00, 0x00, 0x00,
    0x00, 0x00, 0x00, 0x00, 0x00, 0x00, 0x00, 0x00, 0x00,
    0x00, 0x00, 0x00, 0x00, 0x00, 0x00, 0x00, 0x00, 0x00,
    0x00, 0x00, 0x00, 0x00, 0x00, 0x00, 0x00, 0x00, 0x00,
    0x00, 0x00, 0x00, 0x00, 0x00, 0x00, 0x00, 0x00, 0x00,
    0x00, 0x00, 0x00, 0x00, 0x00, 0x00, 0x00, 0x00, 0x00,
    0x00, 0x03, 0xF8, 0x00, 0x07, 0xFF, 0xF0, 0x00, 0x00,
    0x00, 0x03, 0xFC, 0x00, 0x07, 0xFF, 0xF8, 0x00, 0x00,
    0x00, 0x03, 0xFE, 0x00, 0x07, 0xFF, 0xFC, 0x00, 0x00,
    0x00, 0x03, 0xFF, 0x00, 0x07, 0xFF, 0xFE, 0x00, 0x00,
    0x00, 0x03, 0xFF, 0x80, 0x07, 0xFF, 0xFF, 0x00, 0x00,
    0x00, 0x03, 0xFF, 0xC0, 0x07, 0xFF, 0xFF, 0x80, 0x00,
    0x00, 0x03, 0xFF, 0xE0, 0x03, 0xFF, 0xFF, 0x80, 0x00,
    0x00, 0x03, 0xFF, 0xE0, 0x01, 0xFF, 0xFF, 0x80, 0x00,
    0x00, 0x03, 0xFF, 0xE0, 0x00, 0xFF, 0xFF, 0x80, 0x00,
    0x00, 0x03, 0xFF, 0xE0, 0x00, 0x7F, 0xFF, 0x80, 0x00,
    0x00, 0x03, 0xFF, 0xE0, 0x00, 0x3F, 0xFF, 0x80, 0x00,
    0x00, 0x03, 0xFF, 0xE0, 0x00, 0x1F, 0xFF, 0x80, 0x00,
    0x00, 0x03, 0xFF, 0xE0, 0x00, 0x0F, 0xFF, 0x80, 0x00,
    0x00, 0x03, 0xFF, 0xE0, 0x00, 0x07, 0xFF, 0x80, 0x00,
    0x00, 0x03, 0xFF, 0xE0, 0x00, 0x03, 0xFF, 0x80, 0x00,
    0x00, 0x03, 0xFF, 0xE0, 0x00, 0x01, 0xFF, 0x80, 0x00,
    0x00, 0x03, 0xFF, 0xE0, 0x00, 0x00, 0xFF, 0x80, 0x00,
    0x00, 0x03, 0xFF, 0xE0, 0x00, 0x00, 0x7F, 0x80, 0x00,
    0x00, 0x03, 0xFF, 0xFF, 0xFF, 0xF0, 0x3F, 0x80, 0x00,
    0x00, 0x03, 0xFF, 0xFF, 0xFF, 0xF8, 0x1F, 0x80, 0x00,
    0x00, 0x03, 0xFF, 0xFF, 0xFF, 0xFC, 0x0F, 0x80, 0x00,
    0x00, 0x03, 0xFF, 0xFF, 0xFF, 0xFE, 0x07, 0x80, 0x00,
    0x00, 0x03, 0xFF, 0xFF, 0xFF, 0xFF, 0x00, 0x00, 0x00,
    0x00, 0x03, 0xFF, 0xFF, 0xFF, 0xFF, 0x80, 0x00, 0x00,
    0x00, 0x03, 0xFF, 0xFF, 0xFF, 0xFF, 0xC0, 0x00, 0x00,
    0x00, 0x03, 0xFF, 0xFF, 0xFF, 0xFF, 0xE0, 0x00, 0x00,
    0x00, 0x03, 0xFF, 0xFF, 0xFF, 0xFF, 0xF0, 0x00, 0x00,
    0x00, 0x03, 0xFF, 0xFF, 0xFF, 0xFF, 0xF8, 0x00, 0x00,
    0x00, 0x03, 0xFF, 0xFF, 0xFF, 0xFF, 0xFC, 0x00, 0x00,
    0x00, 0x03, 0xFF, 0xFF, 0xFF, 0xFF, 0xFE, 0x00, 0x00,
    0x00, 0x03, 0xFF, 0xEF, 0xFF, 0xFF, 0xFF, 0x00, 0x00,
    0x00, 0x03, 0xFF, 0xE7, 0xFF, 0xFF, 0xFF, 0x80, 0x00,
    0x00, 0x03, 0xFF, 0xE0, 0x00, 0x3F, 0xFF, 0x80, 0x00,
    0x00, 0x03, 0xFF, 0xE0, 0x00, 0x1F, 0xFF, 0x80, 0x00,
    0x00, 0x03, 0xFF, 0xE0, 0x00, 0x0F, 0xFF, 0x80, 0x00,
    0x00, 0x03, 0xFF, 0xE0, 0x00, 0x0F, 0xFF, 0x80, 0x00,
    0x00, 0x03, 0xFF, 0xE0, 0x00, 0x0F, 0xFF, 0x80, 0x00,
    0x00, 0x03, 0xFF, 0xF0, 0x00, 0x0F, 0xFF, 0x80, 0x00,
    0x00, 0x03, 0xFF, 0xF8, 0x00, 0x0F, 0xFF, 0x80, 0x00,
    0x00, 0x03, 0xFF, 0xFC, 0x00, 0x0F, 0xFF, 0x80, 0x00,
    0x00, 0x03, 0xFF, 0xFE, 0x00, 0x0F, 0xFF, 0x80, 0x00,
    0x00, 0x03, 0xFF, 0xFF, 0x00, 0x0F, 0xFF, 0x80, 0x00,
    0x00, 0x03, 0xFF, 0xFF, 0x80, 0x0F, 0xFF, 0x80, 0x00,
    0x00, 0x03, 0xFF, 0xFF, 0xC0, 0x0F, 0xFF, 0x80, 0x00,
    0x00, 0x03, 0xFF, 0xFF, 0xC0, 0x07, 0xFF, 0x80, 0x00,
    0x00, 0x01, 0xFF, 0xFF, 0xC0, 0x03, 0xFF, 0x80, 0x00,
    0x00, 0x00, 0xFF, 0xFF, 0xC0, 0x01, 0xFF, 0x80, 0x00,
    0x00, 0x00, 0x7F, 0xFF, 0xC0, 0x00, 0xFF, 0x80, 0x00,
    0x00, 0x00, 0x3F, 0xFF, 0xC0, 0x00, 0x7F, 0x80, 0x00,
    0x00, 0x00, 0x1F, 0xFF, 0xC0, 0x00, 0x3F, 0x80, 0x00,
    0x00, 0x00, 0x00, 0x00, 0x00, 0x00, 0x00, 0x00, 0x00,
    0x00, 0x00, 0x00, 0x00, 0x00, 0x00, 0x00, 0x00, 0x00,
    0x00, 0x00, 0x00, 0x00, 0x00, 0x00, 0x00, 0x00, 0x00,
    0x00, 0x00, 0x00, 0x00, 0x00, 0x00, 0x00, 0x00, 0x00,
    0x00, 0x00, 0x00, 0x00, 0x00, 0x00, 0x00, 0x00, 0x00,
    0x00, 0x00, 0x00, 0x00, 0x00, 0x00, 0x00, 0x00, 0x00,
    0x00, 0x00, 0x00, 0x00, 0x00, 0x00, 0x00, 0x00, 0x00,
    0x00, 0x00, 0x00, 0x00, 0x00, 0x00, 0x00, 0x00, 0x00,
    0x00, 0x00, 0x00, 0x00, 0x00, 0x00, 0x00, 0x00, 0x00,
    0x00, 0x00, 0x00, 0x00, 0x00, 0x00, 0x00, 0x00, 0x00,
    0x00, 0x00, 0x00, 0x00, 0x00, 0x00, 0x00, 0x00, 0x00,
    0x00, 0x00, 0x00, 0x00, 0x00, 0x00, 0x00, 0x00, 0x00,
};

// 字符: 'G' (0x0047)
const uint8_t saiba_72_char_0047[648] = {
    0x00, 0x00, 0x00, 0x00, 0x00, 0x00, 0x00, 0x00, 0x00,
    0x00, 0x00, 0x00, 0x00, 0x00, 0x00, 0x00, 0x00, 0x00,
    0x00, 0x00, 0x00, 0x00, 0x00, 0x00, 0x00, 0x00, 0x00,
    0x00, 0x00, 0x00, 0x00, 0x00, 0x00, 0x00, 0x00, 0x00,
    0x00, 0x00, 0x00, 0x00, 0x00, 0x00, 0x00, 0x00, 0x00,
    0x00, 0x00, 0x00, 0x00, 0x00, 0x00, 0x00, 0x00, 0x00,
    0x00, 0x00, 0x00, 0x00, 0x00, 0x00, 0x00, 0x00, 0x00,
    0x00, 0x00, 0x00, 0x00, 0x00, 0x00, 0x00, 0x00, 0x00,
    0x00, 0x00, 0x00, 0x00, 0x00, 0x00, 0x00, 0x00, 0x00,
    0x00, 0x00, 0x00, 0x00, 0x00, 0x00, 0x00, 0x00, 0x00,
    0x00, 0x03, 0xFF, 0xFF, 0xFF, 0xFF, 0xF8, 0x00, 0x00,
    0x00, 0x03, 0xFF, 0xFF, 0xFF, 0xFF, 0xFC, 0x00, 0x00,
    0x00, 0x03, 0xFF, 0xFF, 0xFF, 0xFF, 0xFE, 0x00, 0x00,
    0x00, 0x03, 0xFF, 0xFF, 0xFF, 0xFF, 0xFF, 0x00, 0x00,
    0x00, 0x03, 0xFF, 0xFF, 0xFF, 0xFF, 0xFF, 0x80, 0x00,
    0x00, 0x03, 0xFF, 0xFF, 0xFF, 0xFF, 0xFF, 0x80, 0x00,
    0x00, 0x03, 0xFF, 0xFF, 0xFF, 0xFF, 0xFF, 0x80, 0x00,
    0x00, 0x03, 0xFF, 0xFF, 0xFF, 0xFF, 0xFF, 0x80, 0x00,
    0x00, 0x03, 0xFF, 0xFF, 0xFF, 0xFF, 0xFF, 0x80, 0x00,
    0x00, 0x03, 0xFF, 0xFF, 0xFF, 0xFF, 0xFF, 0x80, 0x00,
    0x00, 0x03, 0xFF, 0xFF, 0xFF, 0xFF, 0xFF, 0x80, 0x00,
    0x00, 0x03, 0xFF, 0xFF, 0xFF, 0xFF, 0xFF, 0x80, 0x00,
    0x00, 0x03, 0xFF, 0xFF, 0xFF, 0xFF, 0xFF, 0x80, 0x00,
    0x00, 0x03, 0xFF, 0x80, 0x00, 0x01, 0xFF, 0x80, 0x00,
    0x00, 0x03, 0xFF, 0xC0, 0x00, 0x00, 0xFF, 0x80, 0x00,
    0x00, 0x03, 0xFF, 0xE0, 0x00, 0x00, 0x7F, 0x80, 0x00,
    0x00, 0x03, 0xFF, 0xE0, 0x00, 0x00, 0x3F, 0x80, 0x00,
    0x00, 0x03, 0xFF, 0xE0, 0x00, 0x00, 0x1F, 0x80, 0x00,
    0x00, 0x03, 0xFF, 0xE0, 0x00, 0x00, 0x0F, 0x80, 0x00,
    0x00, 0x03, 0xFF, 0xE0, 0x3F, 0xFE, 0x00, 0x00, 0x00,
    0x00, 0x03, 0xFF, 0xE0, 0x3F, 0xFF, 0x00, 0x00, 0x00,
    0x00, 0x03, 0xFF, 0xE0, 0x3F, 0xFF, 0x80, 0x00, 0x00,
    0x00, 0x03, 0xFF, 0xE0, 0x3F, 0xFF, 0xC0, 0x00, 0x00,
    0x00, 0x03, 0xFF, 0xE0, 0x3F, 0xFF, 0xE0, 0x00, 0x00,
    0x00, 0x03, 0xFF, 0xE0, 0x1F, 0xFF, 0xF0, 0x00, 0x00,
    0x00, 0x03, 0xFF, 0xE0, 0x0F, 0xFF, 0xF8, 0x00, 0x00,
    0x00, 0x03, 0xFF, 0xE0, 0x07, 0xFF, 0xFC, 0x00, 0x00,
    0x00, 0x03, 0xFF, 0xE0, 0x03, 0xFF, 0xFE, 0x00, 0x00,
    0x00, 0x03, 0xFF, 0xE0, 0x01, 0xFF, 0xFF, 0x00, 0x00,
    0x00, 0x03, 0xFF, 0xE0, 0x00, 0xFF, 0xFF, 0x80, 0x00,
    0x00, 0x03, 0xFF, 0xE0, 0x00, 0x7F, 0xFF, 0x80, 0x00,
    0x00, 0x03, 0xFF, 0xE0, 0x00, 0x3F, 0xFF, 0x80, 0x00,
    0x00, 0x03, 0xFF, 0xE0, 0x00, 0x1F, 0xFF, 0x80, 0x00,
    0x00, 0x03, 0xFF, 0xE0, 0x00, 0x0F, 0xFF, 0x80, 0x00,
    0x00, 0x03, 0xFF, 0xE0, 0x00, 0x0F, 0xFF, 0x80, 0x00,
    0x00, 0x03, 0xFF, 0xF0, 0x00, 0x0F, 0xFF, 0x80, 0x00,
    0x00, 0x03, 0xFF, 0xF8, 0x00, 0x0F, 0xFF, 0x80, 0x00,
    0x00, 0x03, 0xFF, 0xFF, 0x80, 0x0F, 0xFF, 0x80, 0x00,
    0x00, 0x03, 0xFF, 0xFF, 0xC0, 0x0F, 0xFF, 0x80, 0x00,
    0x00, 0x03, 0xFF, 0xFF, 0xE0, 0x0F, 0xFF, 0x80, 0x00,
    0x00, 0x03, 0xFF, 0xFF, 0xF0, 0x0F, 0xFF, 0x80, 0x00,
    0x00, 0x03, 0xFF, 0xFF, 0xF8, 0x0F, 0xFF, 0x80, 0x00,
    0x00, 0x03, 0xFF, 0xFF, 0xFC, 0x0F, 0xFF, 0x80, 0x00,
    0x00, 0x03, 0xFF, 0xFF, 0xFE, 0x0F, 0xFF, 0x80, 0x00,
    0x00, 0x03, 0xFF, 0xFF, 0xFE, 0x0F, 0xFF, 0x80, 0x00,
    0x00, 0x01, 0xFF, 0xFF, 0xFE, 0x0F, 0xFF, 0x80, 0x00,
    0x00, 0x00, 0xFF, 0xFF, 0xFE, 0x0F, 0xFF, 0x80, 0x00,
    0x00, 0x00, 0x7F, 0xFF, 0xFE, 0x0F, 0xFF, 0x80, 0x00,
    0x00, 0x00, 0x3F, 0xFF, 0xFE, 0x0F, 0xFF, 0x80, 0x00,
    0x00, 0x00, 0x1F, 0xFF, 0xFE, 0x0F, 0xFF, 0x80, 0x00,
    0x00, 0x00, 0x00, 0x00, 0x00, 0x00, 0x00, 0x00, 0x00,
    0x00, 0x00, 0x00, 0x00, 0x00, 0x00, 0x00, 0x00, 0x00,
    0x00, 0x00, 0x00, 0x00, 0x00, 0x00, 0x00, 0x00, 0x00,
    0x00, 0x00, 0x00, 0x00, 0x00, 0x00, 0x00, 0x00, 0x00,
    0x00, 0x00, 0x00, 0x00, 0x00, 0x00, 0x00, 0x00, 0x00,
    0x00, 0x00, 0x00, 0x00, 0x00, 0x00, 0x00, 0x00, 0x00,
    0x00, 0x00, 0x00, 0x00, 0x00, 0x00, 0x00, 0x00, 0x00,
    0x00, 0x00, 0x00, 0x00, 0x00, 0x00, 0x00, 0x00, 0x00,
    0x00, 0x00, 0x00, 0x00, 0x00, 0x00, 0x00, 0x00, 0x00,
    0x00, 0x00, 0x00, 0x00, 0x00, 0x00, 0x00, 0x00, 0x00,
    0x00, 0x00, 0x00, 0x00, 0x00, 0x00, 0x00, 0x00, 0x00,
    0x00, 0x00, 0x00, 0x00, 0x00, 0x00, 0x00, 0x00, 0x00,
};

// 字符: 'F' (0x0046)
const uint8_t saiba_72_char_0046[648] = {
    0x00, 0x00, 0x00, 0x00, 0x00, 0x00, 0x00, 0x00, 0x00,
    0x00, 0x00, 0x00, 0x00, 0x00, 0x00, 0x00, 0x00, 0x00,
    0x00, 0x00, 0x00, 0x00, 0x00, 0x00, 0x00, 0x00, 0x00,
    0x00, 0x00, 0x00, 0x00, 0x00, 0x00, 0x00, 0x00, 0x00,
    0x00, 0x00, 0x00, 0x00, 0x00, 0x00, 0x00, 0x00, 0x00,
    0x00, 0x00, 0x00, 0x00, 0x00, 0x00, 0x00, 0x00, 0x00,
    0x00, 0x00, 0x00, 0x00, 0x00, 0x00, 0x00, 0x00, 0x00,
    0x00, 0x00, 0x00, 0x00, 0x00, 0x00, 0x00, 0x00, 0x00,
    0x00, 0x00, 0x00, 0x00, 0x00, 0x00, 0x00, 0x00, 0x00,
    0x00, 0x00, 0x00, 0x00, 0x00, 0x00, 0x00, 0x00, 0x00,
    0x00, 0x03, 0xFF, 0xF0, 0x3F, 0xFF, 0xF0, 0x00, 0x00,
    0x00, 0x03, 0xFF, 0xF8, 0x1F, 0xFF, 0xF8, 0x00, 0x00,
    0x00, 0x03, 0xFF, 0xFC, 0x0F, 0xFF, 0xFC, 0x00, 0x00,
    0x00, 0x03, 0xFF, 0xFE, 0x07, 0xFF, 0xFE, 0x00, 0x00,
    0x00, 0x03, 0xFF, 0xFF, 0x03, 0xFF, 0xFF, 0x00, 0x00,
    0x00, 0x03, 0xFF, 0xFF, 0x81, 0xFF, 0xFF, 0x80, 0x00,
    0x00, 0x03, 0xFF, 0xFF, 0xC0, 0xFF, 0xFF, 0x80, 0x00,
    0x00, 0x03, 0xFF, 0xFF, 0xE0, 0x7F, 0xFF, 0x80, 0x00,
    0x00, 0x03, 0xFF, 0xFF, 0xF0, 0x3F, 0xFF, 0x80, 0x00,
    0x00, 0x03, 0xFF, 0xFF, 0xF8, 0x1F, 0xFF, 0x80, 0x00,
    0x00, 0x03, 0xFF, 0xFF, 0xFC, 0x0F, 0xFF, 0x80, 0x00,
    0x00, 0x03, 0xFF, 0xFF, 0xFE, 0x07, 0xFF, 0x80, 0x00,
    0x00, 0x03, 0xFF, 0xFF, 0xFF, 0x03, 0xFF, 0x80, 0x00,
    0x00, 0x03, 0xFF, 0xF0, 0x00, 0x01, 0xFF, 0x80, 0x00,
    0x00, 0x03, 0xFF, 0xF8, 0x00, 0x00, 0xFF, 0x80, 0x00,
    0x00, 0x03, 0xFF, 0xFC, 0x00, 0x00, 0x7F, 0x80, 0x00,
    0x00, 0x03, 0xFF, 0xFE, 0x00, 0x00, 0x3F, 0x80, 0x00,
    0x00, 0x03, 0xFF, 0xFF, 0x00, 0x00, 0x1F, 0x80, 0x00,
    0x00, 0x03, 0xFF, 0xFF, 0x80, 0x00, 0x0F, 0x80, 0x00,
    0x00, 0x03, 0xFF, 0xFF, 0xFF, 0xFC, 0x00, 0x00, 0x00,
    0x00, 0x03, 0xFF, 0xFF, 0xFF, 0xFE, 0x00, 0x00, 0x00,
    0x00, 0x03, 0xFF, 0xFF, 0xFF, 0xFF, 0x00, 0x00, 0x00,
    0x00, 0x03, 0xFF, 0xFF, 0xFF, 0xFF, 0x80, 0x00, 0x00,
    0x00, 0x03, 0xFF, 0xFF, 0xFF, 0xFF, 0xC0, 0x00, 0x00,
    0x00, 0x03, 0xFF, 0xFF, 0xFF, 0xFF, 0xE0, 0x00, 0x00,
    0x00, 0x03, 0xFF, 0xFF, 0xFF, 0xFF, 0xF0, 0x00, 0x00,
    0x00, 0x03, 0xFF, 0xFF, 0xFF, 0xFF, 0xF0, 0x00, 0x00,
    0x00, 0x03, 0xFF, 0xFF, 0xFF, 0xFF, 0xF0, 0x00, 0x00,
    0x00, 0x03, 0xFF, 0xFF, 0xFF, 0xFF, 0xF0, 0x00, 0x00,
    0x00, 0x03, 0xFF, 0xFF, 0xFF, 0xFF, 0xF0, 0x00, 0x00,
    0x00, 0x03, 0xFF, 0xFF, 0xFF, 0xFF, 0xF0, 0x00, 0x00,
    0x00, 0x03, 0xFF, 0xFF, 0xFF, 0xFF, 0xF0, 0x00, 0x00,
    0x00, 0x03, 0xFF, 0xF8, 0x00, 0x00, 0x00, 0x00, 0x00,
    0x00, 0x03, 0xFF, 0xFC, 0x00, 0x00, 0x00, 0x00, 0x00,
    0x00, 0x03, 0xFF, 0xFE, 0x00, 0x00, 0x00, 0x00, 0x00,
    0x00, 0x03, 0xFF, 0xFF, 0x00, 0x00, 0x00, 0x00, 0x00,
    0x00, 0x03, 0xFF, 0xFF, 0x80, 0x00, 0x00, 0x00, 0x00,
    0x00, 0x03, 0xFF, 0xFF, 0x80, 0x00, 0x00, 0x00, 0x00,
    0x00, 0x03, 0xFF, 0xFF, 0x80, 0x00, 0x00, 0x00, 0x00,
    0x00, 0x03, 0xFF, 0xFF, 0x80, 0x00, 0x00, 0x00, 0x00,
    0x00, 0x03, 0xFF, 0xFF, 0x80, 0x00, 0x00, 0x00, 0x00,
    0x00, 0x03, 0xFF, 0xFF, 0x80, 0x00, 0x00, 0x00, 0x00,
    0x00, 0x03, 0xFF, 0xFF, 0x80, 0x00, 0x00, 0x00, 0x00,
    0x00, 0x03, 0xFF, 0xFF, 0x80, 0x00, 0x00, 0x00, 0x00,
    0x00, 0x03, 0xFF, 0xFF, 0x80, 0x00, 0x00, 0x00, 0x00,
    0x00, 0x01, 0xFF, 0xFF, 0x80, 0x00, 0x00, 0x00, 0x00,
    0x00, 0x00, 0xFF, 0xFF, 0x80, 0x00, 0x00, 0x00, 0x00,
    0x00, 0x00, 0x7F, 0xFF, 0x80, 0x00, 0x00, 0x00, 0x00,
    0x00, 0x00, 0x3F, 0xFF, 0x80, 0x00, 0x00, 0x00, 0x00,
    0x00, 0x00, 0x1F, 0xFF, 0x80, 0x00, 0x00, 0x00, 0x00,
    0x00, 0x00, 0x00, 0x00, 0x00, 0x00, 0x00, 0x00, 0x00,
    0x00, 0x00, 0x00, 0x00, 0x00, 0x00, 0x00, 0x00, 0x00,
    0x00, 0x00, 0x00, 0x00, 0x00, 0x00, 0x00, 0x00, 0x00,
    0x00, 0x00, 0x00, 0x00, 0x00, 0x00, 0x00, 0x00, 0x00,
    0x00, 0x00, 0x00, 0x00, 0x00, 0x00, 0x00, 0x00, 0x00,
    0x00, 0x00, 0x00, 0x00, 0x00, 0x00, 0x00, 0x00, 0x00,
    0x00, 0x00, 0x00, 0x00, 0x00, 0x00, 0x00, 0x00, 0x00,
    0x00, 0x00, 0x00, 0x00, 0x00, 0x00, 0x00, 0x00, 0x00,
    0x00, 0x00, 0x00, 0x00, 0x00, 0x00, 0x00, 0x00, 0x00,
    0x00, 0x00, 0x00, 0x00, 0x00, 0x00, 0x00, 0x00, 0x00,
    0x00, 0x00, 0x00, 0x00, 0x00, 0x00, 0x00, 0x00, 0x00,
    0x00, 0x00, 0x00, 0x00, 0x00, 0x00, 0x00, 0x00, 0x00,
};

// 字符: 'D' (0x0044)
const uint8_t saiba_72_char_0044[648] = {
    0x00, 0x00, 0x00, 0x00, 0x00, 0x00, 0x00, 0x00, 0x00,
    0x00, 0x00, 0x00, 0x00, 0x00, 0x00, 0x00, 0x00, 0x00,
    0x00, 0x00, 0x00, 0x00, 0x00, 0x00, 0x00, 0x00, 0x00,
    0x00, 0x00, 0x00, 0x00, 0x00, 0x00, 0x00, 0x00, 0x00,
    0x00, 0x00, 0x00, 0x00, 0x00, 0x00, 0x00, 0x00, 0x00,
    0x00, 0x00, 0x00, 0x00, 0x00, 0x00, 0x00, 0x00, 0x00,
    0x00, 0x00, 0x00, 0x00, 0x00, 0x00, 0x00, 0x00, 0x00,
    0x00, 0x00, 0x00, 0x00, 0x00, 0x00, 0x00, 0x00, 0x00,
    0x00, 0x00, 0x00, 0x00, 0x00, 0x00, 0x00, 0x00, 0x00,
    0x00, 0x00, 0x00, 0x00, 0x00, 0x00, 0x00, 0x00, 0x00,
    0x00, 0x03, 0xFF, 0xFF, 0xFF, 0xF8, 0x00, 0x00, 0x00,
    0x00, 0x03, 0xFF, 0xFF, 0xFF, 0xFC, 0x00, 0x00, 0x00,
    0x00, 0x03, 0xFF, 0xFF, 0xFF, 0xFE, 0x00, 0x00, 0x00,
    0x00, 0x03, 0xFF, 0xFF, 0xFF, 0xFF, 0x00, 0x00, 0x00,
    0x00, 0x03, 0xFF, 0xFF, 0xFF, 0xFF, 0x80, 0x00, 0x00,
    0x00, 0x03, 0xFF, 0xFF, 0xFF, 0xFF, 0xC0, 0x00, 0x00,
    0x00, 0x03, 0xFF, 0xFF, 0xFF, 0xFF, 0xE0, 0x00, 0x00,
    0x00, 0x03, 0xFF, 0xFF, 0xFF, 0xFF, 0xF0, 0x00, 0x00,
    0x00, 0x03, 0xFF, 0xFF, 0xFF, 0xFF, 0xF8, 0x00, 0x00,
    0x00, 0x03, 0xFF, 0xFF, 0xFF, 0xFF, 0xFC, 0x00, 0x00,
    0x00, 0x03, 0xFF, 0xFF, 0xFF, 0xFF, 0xFE, 0x00, 0x00,
    0x00, 0x03, 0xFF, 0xFF, 0xFF, 0xFF, 0xFF, 0x00, 0x00,
    0x00, 0x03, 0xFF, 0xFF, 0xFF, 0xFF, 0xFF, 0x80, 0x00,
    0x00, 0x03, 0xFF, 0x80, 0x01, 0xFF, 0xFF, 0x80, 0x00,
    0x00, 0x03, 0xFF, 0xC0, 0x00, 0xFF, 0xFF, 0x80, 0x00,
    0x00, 0x03, 0xFF, 0xE0, 0x00, 0x7F, 0xFF, 0x80, 0x00,
    0x00, 0x03, 0xFF, 0xE0, 0x00, 0x3F, 0xFF, 0x80, 0x00,
    0x00, 0x03, 0xFF, 0xE0, 0x00, 0x1F, 0xFF, 0x80, 0x00,
    0x00, 0x03, 0xFF, 0xE0, 0x00, 0x0F, 0xFF, 0x80, 0x00,
    0x00, 0x03, 0xFF, 0xE0, 0x00, 0x0F, 0xFF, 0x80, 0x00,
    0x00, 0x03, 0xFF, 0xE0, 0x00, 0x0F, 0xFF, 0x80, 0x00,
    0x00, 0x03, 0xFF, 0xE0, 0x00, 0x0F, 0xFF, 0x80, 0x00,
    0x00, 0x03, 0xFF, 0xE0, 0x00, 0x0F, 0xFF, 0x80, 0x00,
    0x00, 0x03, 0xFF, 0xE0, 0x00, 0x0F, 0xFF, 0x80, 0x00,
    0x00, 0x03, 0xFF, 0xE0, 0x00, 0x0F, 0xFF, 0x80, 0x00,
    0x00, 0x03, 0xFF, 0xE0, 0x00, 0x0F, 0xFF, 0x80, 0x00,
    0x00, 0x03, 0xFF, 0xE0, 0x00, 0x0F, 0xFF, 0x80, 0x00,
    0x00, 0x03, 0xFF, 0xE0, 0x00, 0x0F, 0xFF, 0x80, 0x00,
    0x00, 0x03, 0xFF, 0xE0, 0x00, 0x0F, 0xFF, 0x80, 0x00,
    0x00, 0x03, 0xFF, 0xE0, 0x00, 0x0F, 0xFF, 0x80, 0x00,
    0x00, 0x03, 0xFF, 0xE0, 0x00, 0x0F, 0xFF, 0x80, 0x00,
    0x00, 0x03, 0xFF, 0xE0, 0x00, 0x0F, 0xFF, 0x80, 0x00,
    0x00, 0x03, 0xFF, 0xE0, 0x00, 0x0F, 0xFF, 0x80, 0x00,
    0x00, 0x03, 0xFF, 0xE0, 0x00, 0x0F, 0xFF, 0x80, 0x00,
    0x00, 0x03, 0xFF, 0xE0, 0x00, 0x0F, 0xFF, 0x80, 0x00,
    0x00, 0x03, 0xFF, 0xE0, 0x00, 0x0F, 0xFF, 0x80, 0x00,
    0x00, 0x03, 0xFF, 0xE0, 0x00, 0x0F, 0xFF, 0x80, 0x00,
    0x00, 0x03, 0xFF, 0xE1, 0xFF, 0xFF, 0xFF, 0x80, 0x00,
    0x00, 0x03, 0xFF, 0xE1, 0xFF, 0xFF, 0xFF, 0x80, 0x00,
    0x00, 0x03, 0xFF, 0xE1, 0xFF, 0xFF, 0xFF, 0x80, 0x00,
    0x00, 0x03, 0xFF, 0xE1, 0xFF, 0xFF, 0xFF, 0x80, 0x00,
    0x00, 0x03, 0xFF, 0xE1, 0xFF, 0xFF, 0xFF, 0x80, 0x00,
    0x00, 0x03, 0xFF, 0xE1, 0xFF, 0xFF, 0xFF, 0x80, 0x00,
    0x00, 0x03, 0xFF, 0xE0, 0xFF, 0xFF, 0xFF, 0x80, 0x00,
    0x00, 0x03, 0xFF, 0xE0, 0x7F, 0xFF, 0xFF, 0x80, 0x00,
    0x00, 0x01, 0xFF, 0xF0, 0x3F, 0xFF, 0xFF, 0x80, 0x00,
    0x00, 0x00, 0xFF, 0xF8, 0x1F, 0xFF, 0xFF, 0x80, 0x00,
    0x00, 0x00, 0x7F, 0xFC, 0x0F, 0xFF, 0xFF, 0x80, 0x00,
    0x00, 0x00, 0x3F, 0xFE, 0x07, 0xFF, 0xFF, 0x80, 0x00,
    0x00, 0x00, 0x1F, 0xFF, 0x03, 0xFF, 0xFF, 0x80, 0x00,
    0x00, 0x00, 0x00, 0x00, 0x00, 0x00, 0x00, 0x00, 0x00,
    0x00, 0x00, 0x00, 0x00, 0x00, 0x00, 0x00, 0x00, 0x00,
    0x00, 0x00, 0x00, 0x00, 0x00, 0x00, 0x00, 0x00, 0x00,
    0x00, 0x00, 0x00, 0x00, 0x00, 0x00, 0x00, 0x00, 0x00,
    0x00, 0x00, 0x00, 0x00, 0x00, 0x00, 0x00, 0x00, 0x00,
    0x00, 0x00, 0x00, 0x00, 0x00, 0x00, 0x00, 0x00, 0x00,
    0x00, 0x00, 0x00, 0x00, 0x00, 0x00, 0x00, 0x00, 0x00,
    0x00, 0x00, 0x00, 0x00, 0x00, 0x00, 0x00, 0x00, 0x00,
    0x00, 0x00, 0x00, 0x00, 0x00, 0x00, 0x00, 0x00, 0x00,
    0x00, 0x00, 0x00, 0x00, 0x00, 0x00, 0x00, 0x00, 0x00,
    0x00, 0x00, 0x00, 0x00, 0x00, 0x00, 0x00, 0x00, 0x00,
    0x00, 0x00, 0x00, 0x00, 0x00, 0x00, 0x00, 0x00, 0x00,
};

// 字符: 'S' (0x0053)
const uint8_t saiba_72_char_0053[648] = {
    0x00, 0x00, 0x00, 0x00, 0x00, 0x00, 0x00, 0x00, 0x00,
    0x00, 0x00, 0x00, 0x00, 0x00, 0x00, 0x00, 0x00, 0x00,
    0x00, 0x00, 0x00, 0x00, 0x00, 0x00, 0x00, 0x00, 0x00,
    0x00, 0x00, 0x00, 0x00, 0x00, 0x00, 0x00, 0x00, 0x00,
    0x00, 0x00, 0x00, 0x00, 0x00, 0x00, 0x00, 0x00, 0x00,
    0x00, 0x00, 0x00, 0x00, 0x00, 0x00, 0x00, 0x00, 0x00,
    0x00, 0x00, 0x00, 0x00, 0x00, 0x00, 0x00, 0x00, 0x00,
    0x00, 0x00, 0x00, 0x00, 0x00, 0x00, 0x00, 0x00, 0x00,
    0x00, 0x00, 0x00, 0x00, 0x00, 0x00, 0x00, 0x00, 0x00,
    0x00, 0x00, 0x00, 0x00, 0x00, 0x00, 0x00, 0x00, 0x00,
    0x00, 0x00, 0x3F, 0xFF, 0xFF, 0xFF, 0xF0, 0x00, 0x00,
    0x00, 0x00, 0x3F, 0xFF, 0xFF, 0xFF, 0xF8, 0x00, 0x00,
    0x00, 0x00, 0x3F, 0xFF, 0xFF, 0xFF, 0xFC, 0x00, 0x00,
    0x00, 0x00, 0x3F, 0xFF, 0xFF, 0xFF, 0xFE, 0x00, 0x00,
    0x00, 0x00, 0x1F, 0xFF, 0xFF, 0xFF, 0xFF, 0x00, 0x00,
    0x00, 0x00, 0x0F, 0xFF, 0xFF, 0xFF, 0xFF, 0x80, 0x00,
    0x00, 0x02, 0x07, 0xFF, 0xFF, 0xFF, 0xFF, 0x80, 0x00,
    0x00, 0x03, 0x03, 0xFF, 0xFF, 0xFF, 0xFF, 0x80, 0x00,
    0x00, 0x03, 0x81, 0xFF, 0xFF, 0xFF, 0xFF, 0x80, 0x00,
    0x00, 0x03, 0xC0, 0xFF, 0xFF, 0xFF, 0xFF, 0x80, 0x00,
    0x00, 0x03, 0xE0, 0x7F, 0xFF, 0xFF, 0xFF, 0x80, 0x00,
    0x00, 0x03, 0xF0, 0x3F, 0xFF, 0xFF, 0xFF, 0x80, 0x00,
    0x00, 0x03, 0xF8, 0x1F, 0xFF, 0xFF, 0xFF, 0x80, 0x00,
    0x00, 0x03, 0xFC, 0x00, 0x00, 0x00, 0x00, 0x00, 0x00,
    0x00, 0x03, 0xFE, 0x00, 0x00, 0x00, 0x00, 0x00, 0x00,
    0x00, 0x03, 0xFF, 0x00, 0x00, 0x00, 0x00, 0x00, 0x00,
    0x00, 0x03, 0xFF, 0x80, 0x00, 0x00, 0x00, 0x00, 0x00,
    0x00, 0x03, 0xFF, 0xFF, 0xFF, 0xFF, 0xF0, 0x00, 0x00,
    0x00, 0x03, 0xFF, 0xFF, 0xFF, 0xFF, 0xF8, 0x00, 0x00,
    0x00, 0x03, 0xFF, 0xFF, 0xFF, 0xFF, 0xFC, 0x00, 0x00,
    0x00, 0x03, 0xFF, 0xFF, 0xFF, 0xFF, 0xFE, 0x00, 0x00,
    0x00, 0x03, 0xFF, 0xFF, 0xFF, 0xFF, 0xFF, 0x00, 0x00,
    0x00, 0x03, 0xFF, 0xFF, 0xFF, 0xFF, 0xFF, 0x80, 0x00,
    0x00, 0x03, 0xFF, 0xFF, 0xFF, 0xFF, 0xFF, 0x80, 0x00,
    0x00, 0x03, 0xFF, 0xFF, 0xFF, 0xFF, 0xFF, 0x80, 0x00,
    0x00, 0x01, 0xFF, 0xFF, 0xFF, 0xFF, 0xFF, 0x80, 0x00,
    0x00, 0x00, 0xFF, 0xFF, 0xFF, 0xFF, 0xFF, 0x80, 0x00,
    0x00, 0x00, 0x7F, 0xFF, 0xFF, 0xFF, 0xFF, 0x80, 0x00,
    0x00, 0x00, 0x3F, 0xFF, 0xFF, 0xFF, 0xFF, 0x80, 0x00,
    0x00, 0x00, 0x1F, 0xFF, 0xFF, 0xFF, 0xFF, 0x80, 0x00,
    0x00, 0x00, 0x0F, 0xFF, 0xFF, 0xFF, 0xFF, 0x80, 0x00,
    0x00, 0x00, 0x07, 0xFF, 0xFF, 0xFF, 0xFF, 0x80, 0x00,
    0x00, 0x00, 0x00, 0x00, 0x00, 0x00, 0xFF, 0x80, 0x00,
    0x00, 0x00, 0x00, 0x00, 0x00, 0x00, 0x7F, 0x80, 0x00,
    0x00, 0x00, 0x00, 0x00, 0x00, 0x00, 0x3F, 0x80, 0x00,
    0x00, 0x00, 0x00, 0x00, 0x00, 0x00, 0x1F, 0x80, 0x00,
    0x00, 0x03, 0xFF, 0xFF, 0xFF, 0xFC, 0x0F, 0x80, 0x00,
    0x00, 0x03, 0xFF, 0xFF, 0xFF, 0xFE, 0x00, 0x00, 0x00,
    0x00, 0x03, 0xFF, 0xFF, 0xFF, 0xFF, 0x00, 0x00, 0x00,
    0x00, 0x03, 0xFF, 0xFF, 0xFF, 0xFF, 0x80, 0x00, 0x00,
    0x00, 0x03, 0xFF, 0xFF, 0xFF, 0xFF, 0xC0, 0x00, 0x00,
    0x00, 0x03, 0xFF, 0xFF, 0xFF, 0xFF, 0xE0, 0x00, 0x00,
    0x00, 0x01, 0xFF, 0xFF, 0xFF, 0xFF, 0xF0, 0x00, 0x00,
    0x00, 0x00, 0xFF, 0xFF, 0xFF, 0xFF, 0xF8, 0x00, 0x00,
    0x00, 0x00, 0x7F, 0xFF, 0xFF, 0xFF, 0xFC, 0x00, 0x00,
    0x00, 0x00, 0x3F, 0xFF, 0xFF, 0xFF, 0xFE, 0x00, 0x00,
    0x00, 0x00, 0x1F, 0xFF, 0xFF, 0xFF, 0xFF, 0x00, 0x00,
    0x00, 0x00, 0x0F, 0xFF, 0xFF, 0xFF, 0xFF, 0x80, 0x00,
    0x00, 0x00, 0x07, 0xFF, 0xFF, 0xFF, 0xFF, 0x80, 0x00,
    0x00, 0x00, 0x03, 0xFF, 0xFF, 0xFF, 0xFF, 0x80, 0x00,
    0x00, 0x00, 0x00, 0x00, 0x00, 0x00, 0x00, 0x00, 0x00,
    0x00, 0x00, 0x00, 0x00, 0x00, 0x00, 0x00, 0x00, 0x00,
    0x00, 0x00, 0x00, 0x00, 0x00, 0x00, 0x00, 0x00, 0x00,
    0x00, 0x00, 0x00, 0x00, 0x00, 0x00, 0x00, 0x00, 0x00,
    0x00, 0x00, 0x00, 0x00, 0x00, 0x00, 0x00, 0x00, 0x00,
    0x00, 0x00, 0x00, 0x00, 0x00, 0x00, 0x00, 0x00, 0x00,
    0x00, 0x00, 0x00, 0x00, 0x00, 0x00, 0x00, 0x00, 0x00,
    0x00, 0x00, 0x00, 0x00, 0x00, 0x00, 0x00, 0x00, 0x00,
    0x00, 0x00, 0x00, 0x00, 0x00, 0x00, 0x00, 0x00, 0x00,
    0x00, 0x00, 0x00, 0x00, 0x00, 0x00, 0x00, 0x00, 0x00,
    0x00, 0x00, 0x00, 0x00, 0x00, 0x00, 0x00, 0x00, 0x00,
    0x00, 0x00, 0x00, 0x00, 0x00, 0x00, 0x00, 0x00, 0x00,
};

// 字符: 'A' (0x0041)
const uint8_t saiba_72_char_0041[648] = {
    0x00, 0x00, 0x00, 0x00, 0x00, 0x00, 0x00, 0x00, 0x00,
    0x00, 0x00, 0x00, 0x00, 0x00, 0x00, 0x00, 0x00, 0x00,
    0x00, 0x00, 0x00, 0x00, 0x00, 0x00, 0x00, 0x00, 0x00,
    0x00, 0x00, 0x00, 0x00, 0x00, 0x00, 0x00, 0x00, 0x00,
    0x00, 0x00, 0x00, 0x00, 0x00, 0x00, 0x00, 0x00, 0x00,
    0x00, 0x00, 0x00, 0x00, 0x00, 0x00, 0x00, 0x00, 0x00,
    0x00, 0x00, 0x00, 0x00, 0x00, 0x00, 0x00, 0x00, 0x00,
    0x00, 0x00, 0x00, 0x00, 0x00, 0x00, 0x00, 0x00, 0x00,
    0x00, 0x00, 0x00, 0x00, 0x00, 0x00, 0x00, 0x00, 0x00,
    0x00, 0x00, 0x00, 0x00, 0x00, 0x00, 0x00, 0x00, 0x00,
    0x00, 0x07, 0xFF, 0xFF, 0xFF, 0xF0, 0x00, 0x00, 0x00,
    0x00, 0x07, 0xFF, 0xFF, 0xFF, 0xF8, 0x00, 0x00, 0x00,
    0x00, 0x07, 0xFF, 0xFF, 0xFF, 0xFC, 0x00, 0x00, 0x00,
    0x00, 0x07, 0xFF, 0xFF, 0xFF, 0xFE, 0x00, 0x00, 0x00,
    0x00, 0x07, 0xFF, 0xFF, 0xFF, 0xFF, 0x00, 0x00, 0x00,
    0x00, 0x07, 0xFF, 0xFF, 0xFF, 0xFF, 0x80, 0x00, 0x00,
    0x00, 0x07, 0xFF, 0xFF, 0xFF, 0xFF, 0xC0, 0x00, 0x00,
    0x00, 0x07, 0xFF, 0xFF, 0xFF, 0xFF, 0xE0, 0x00, 0x00,
    0x00, 0x07, 0xFF, 0xFF, 0xFF, 0xFF, 0xF0, 0x00, 0x00,
    0x00, 0x07, 0xFF, 0xFF, 0xFF, 0xFF, 0xF8, 0x00, 0x00,
    0x00, 0x07, 0xFF, 0xFF, 0xFF, 0xFF, 0xFC, 0x00, 0x00,
    0x00, 0x07, 0xFF, 0xFF, 0xFF, 0xFF, 0xFE, 0x00, 0x00,
    0x00, 0x07, 0xFF, 0xFF, 0xFF, 0xFF, 0xFF, 0x00, 0x00,
    0x00, 0x07, 0xFF, 0x80, 0x01, 0xFF, 0xFF, 0x80, 0x00,
    0x00, 0x07, 0xFF, 0xC0, 0x00, 0xFF, 0xFF, 0x80, 0x00,
    0x00, 0x07, 0xFF, 0xC0, 0x00, 0x7F, 0xFF, 0x80, 0x00,
    0x00, 0x07, 0xFF, 0xC0, 0x00, 0x3F, 0xFF, 0x80, 0x00,
    0x00, 0x07, 0xFF, 0xC0, 0x00, 0x1F, 0xFF, 0x80, 0x00,
    0x00, 0x07, 0xFF, 0xC0, 0x00, 0x0F, 0xFF, 0x80, 0x00,
    0x00, 0x07, 0xFF, 0xC0, 0x00, 0x0F, 0xFF, 0x80, 0x00,
    0x00, 0x07, 0xFF, 0xC0, 0x00, 0x0F, 0xFF, 0x80, 0x00,
    0x00, 0x07, 0xFF, 0xC0, 0x00, 0x0F, 0xFF, 0x80, 0x00,
    0x00, 0x07, 0xFF, 0xC0, 0x00, 0x0F, 0xFF, 0x80, 0x00,
    0x00, 0x07, 0xFF, 0xC0, 0x00, 0x0F, 0xFF, 0x80, 0x00,
    0x00, 0x07, 0xFF, 0xC0, 0x00, 0x0F, 0xFF, 0x80, 0x00,
    0x00, 0x07, 0xFF, 0xC0, 0x00, 0x0F, 0xFF, 0x80, 0x00,
    0x00, 0x07, 0xFF, 0xC0, 0x00, 0x0F, 0xFF, 0x80, 0x00,
    0x00, 0x07, 0xFF, 0xC0, 0x00, 0x0F, 0xFF, 0x80, 0x00,
    0x00, 0x07, 0xFF, 0xC0, 0x00, 0x0F, 0xFF, 0x80, 0x00,
    0x00, 0x07, 0xFF, 0xC0, 0x00, 0x0F, 0xFF, 0x80, 0x00,
    0x00, 0x07, 0xFF, 0xC0, 0x00, 0x0F, 0xFF, 0x80, 0x00,
    0x00, 0x07, 0xFF, 0xFF, 0xFC, 0x0F, 0xFF, 0x80, 0x00,
    0x00, 0x07, 0xFF, 0xFF, 0xFE, 0x0F, 0xFF, 0x80, 0x00,
    0x00, 0x07, 0xFF, 0xFF, 0xFF, 0x0F, 0xFF, 0x80, 0x00,
    0x00, 0x07, 0xFF, 0xFF, 0xFF, 0x0F, 0xFF, 0x80, 0x00,
    0x00, 0x07, 0xFF, 0xFF, 0xFF, 0x0F, 0xFF, 0x80, 0x00,
    0x00, 0x07, 0xFF, 0xFF, 0xFF, 0x0F, 0xFF, 0x80, 0x00,
    0x00, 0x07, 0xFF, 0xFF, 0xFF, 0x0F, 0xFF, 0x80, 0x00,
    0x00, 0x07, 0xFF, 0xFF, 0xFF, 0x0F, 0xFF, 0x80, 0x00,
    0x00, 0x07, 0xFF, 0xFF, 0xFF, 0x0F, 0xFF, 0x80, 0x00,
    0x00, 0x07, 0xFF, 0xFF, 0xFF, 0x0F, 0xFF, 0x80, 0x00,
    0x00, 0x07, 0xFF, 0xFF, 0xFF, 0x0F, 0xFF, 0x80, 0x00,
    0x00, 0x07, 0xFF, 0xFF, 0xFF, 0x0F, 0xFF, 0x80, 0x00,
    0x00, 0x07, 0xFF, 0xFF, 0xFF, 0x0F, 0xFF, 0x80, 0x00,
    0x00, 0x03, 0xFF, 0xC0, 0x00, 0x0F, 0xFF, 0x80, 0x00,
    0x00, 0x01, 0xFF, 0xC0, 0x00, 0x0F, 0xFF, 0x80, 0x00,
    0x00, 0x00, 0xFF, 0xC0, 0x00, 0x0F, 0xFF, 0x80, 0x00,
    0x00, 0x00, 0x7F, 0xC0, 0x00, 0x0F, 0xFF, 0x80, 0x00,
    0x00, 0x00, 0x3F, 0xC0, 0x00, 0x07, 0xFF, 0x80, 0x00,
    0x00, 0x00, 0x1F, 0xC0, 0x00, 0x03, 0xFF, 0x80, 0x00,
    0x00, 0x00, 0x00, 0x00, 0x00, 0x00, 0x00, 0x00, 0x00,
    0x00, 0x00, 0x00, 0x00, 0x00, 0x00, 0x00, 0x00, 0x00,
    0x00, 0x00, 0x00, 0x00, 0x00, 0x00, 0x00, 0x00, 0x00,
    0x00, 0x00, 0x00, 0x00, 0x00, 0x00, 0x00, 0x00, 0x00,
    0x00, 0x00, 0x00, 0x00, 0x00, 0x00, 0x00, 0x00, 0x00,
    0x00, 0x00, 0x00, 0x00, 0x00, 0x00, 0x00, 0x00, 0x00,
    0x00, 0x00, 0x00, 0x00, 0x00, 0x00, 0x00, 0x00, 0x00,
    0x00, 0x00, 0x00, 0x00, 0x00, 0x00, 0x00, 0x00, 0x00,
    0x00, 0x00, 0x00, 0x00, 0x00, 0x00, 0x00, 0x00, 0x00,
    0x00, 0x00, 0x00, 0x00, 0x00, 0x00, 0x00, 0x00, 0x00,
    0x00, 0x00, 0x00, 0x00, 0x00, 0x00, 0x00, 0x00, 0x00,
    0x00, 0x00, 0x00, 0x00, 0x00, 0x00, 0x00, 0x00, 0x00,
};

// 字符: 'Z' (0x005A)
const uint8_t saiba_72_char_005A[648] = {
    0x00, 0x00, 0x00, 0x00, 0x00, 0x00, 0x00, 0x00, 0x00,
    0x00, 0x00, 0x00, 0x00, 0x00, 0x00, 0x00, 0x00, 0x00,
    0x00, 0x00, 0x00, 0x00, 0x00, 0x00, 0x00, 0x00, 0x00,
    0x00, 0x00, 0x00, 0x00, 0x00, 0x00, 0x00, 0x00, 0x00,
    0x00, 0x00, 0x00, 0x00, 0x00, 0x00, 0x00, 0x00, 0x00,
    0x00, 0x00, 0x00, 0x00, 0x00, 0x00, 0x00, 0x00, 0x00,
    0x00, 0x00, 0x00, 0x00, 0x00, 0x00, 0x00, 0x00, 0x00,
    0x00, 0x00, 0x00, 0x00, 0x00, 0x00, 0x00, 0x00, 0x00,
    0x00, 0x00, 0x00, 0x00, 0x00, 0x00, 0x00, 0x00, 0x00,
    0x00, 0x00, 0x00, 0x00, 0x00, 0x00, 0x00, 0x00, 0x00,
    0x00, 0x03, 0xFF, 0xFF, 0xFF, 0xFF, 0xF0, 0x00, 0x00,
    0x00, 0x03, 0xFF, 0xFF, 0xFF, 0xFF, 0xF8, 0x00, 0x00,
    0x00, 0x03, 0xFF, 0xFF, 0xFF, 0xFF, 0xFC, 0x00, 0x00,
    0x00, 0x03, 0xFF, 0xFF, 0xFF, 0xFF, 0xFE, 0x00, 0x00,
    0x00, 0x03, 0xFF, 0xFF, 0xFF, 0xFF, 0xFF, 0x00, 0x00,
    0x00, 0x03, 0xFF, 0xFF, 0xFF, 0xFF, 0xFF, 0x80, 0x00,
    0x00, 0x03, 0xFF, 0xFF, 0xFF, 0xFF, 0xFF, 0x80, 0x00,
    0x00, 0x01, 0xFF, 0xFF, 0xFF, 0xFF, 0xFF, 0x80, 0x00,
    0x00, 0x00, 0xFF, 0xFF, 0xFF, 0xFF, 0xFF, 0x80, 0x00,
    0x00, 0x00, 0x7F, 0xFF, 0xFF, 0xFF, 0xFF, 0x80, 0x00,
    0x00, 0x00, 0x3F, 0xFF, 0xFF, 0xFF, 0xFF, 0x80, 0x00,
    0x00, 0x00, 0x1F, 0xFF, 0xFF, 0xFF, 0xFF, 0x80, 0x00,
    0x00, 0x00, 0x0F, 0xFF, 0xFF, 0xFF, 0xFF, 0x80, 0x00,
    0x00, 0x00, 0x00, 0x00, 0x00, 0x07, 0xFF, 0x80, 0x00,
    0x00, 0x00, 0x00, 0x00, 0x00, 0x03, 0xFF, 0x80, 0x00,
    0x00, 0x00, 0x00, 0x00, 0x00, 0x01, 0xFF, 0x80, 0x00,
    0x00, 0x00, 0x00, 0x00, 0x00, 0x00, 0xFF, 0x80, 0x00,
    0x00, 0x00, 0x00, 0x00, 0x00, 0x00, 0x7F, 0x80, 0x00,
    0x00, 0x00, 0x00, 0x00, 0x00, 0x00, 0x3F, 0x80, 0x00,
    0x00, 0x00, 0x00, 0xFF, 0xFF, 0xF0, 0x1F, 0x80, 0x00,
    0x00, 0x00, 0x00, 0xFF, 0xFF, 0xF8, 0x0F, 0x80, 0x00,
    0x00, 0x00, 0x00, 0xFF, 0xFF, 0xFC, 0x00, 0x00, 0x00,
    0x00, 0x03, 0xC0, 0xFF, 0xFF, 0xFE, 0x00, 0x00, 0x00,
    0x00, 0x03, 0xE0, 0x7F, 0xFF, 0xFF, 0x00, 0x00, 0x00,
    0x00, 0x03, 0xF0, 0x3F, 0xFF, 0xFF, 0x80, 0x00, 0x00,
    0x00, 0x03, 0xF8, 0x1F, 0xFF, 0xFF, 0xC0, 0x00, 0x00,
    0x00, 0x03, 0xFC, 0x0F, 0xFF, 0xFF, 0xE0, 0x00, 0x00,
    0x00, 0x03, 0xFE, 0x07, 0xFF, 0xFF, 0xF0, 0x00, 0x00,
    0x00, 0x03, 0xFF, 0x03, 0xFF, 0xFF, 0xF0, 0x00, 0x00,
    0x00, 0x03, 0xFF, 0x81, 0xFF, 0xFF, 0xF0, 0x00, 0x00,
    0x00, 0x03, 0xFF, 0xC0, 0xFF, 0xFF, 0xF0, 0x00, 0x00,
    0x00, 0x03, 0xFF, 0xE0, 0x7F, 0xFF, 0xF0, 0x00, 0x00,
    0x00, 0x03, 0xFF, 0xF0, 0x00, 0x00, 0x00, 0x00, 0x00,
    0x00, 0x03, 0xFF, 0xF8, 0x00, 0x00, 0x00, 0x00, 0x00,
    0x00, 0x03, 0xFF, 0xFC, 0x00, 0x00, 0x00, 0x00, 0x00,
    0x00, 0x03, 0xFF, 0xFE, 0x00, 0x00, 0x00, 0x00, 0x00,
    0x00, 0x03, 0xFF, 0xFF, 0x00, 0x00, 0x00, 0x00, 0x00,
    0x00, 0x03, 0xFF, 0xFF, 0xFF, 0xFF, 0xF0, 0x00, 0x00,
    0x00, 0x01, 0xFF, 0xFF, 0xFF, 0xFF, 0xF8, 0x00, 0x00,
    0x00, 0x00, 0xFF, 0xFF, 0xFF, 0xFF, 0xFC, 0x00, 0x00,
    0x00, 0x00, 0x7F, 0xFF, 0xFF, 0xFF, 0xFE, 0x00, 0x00,
    0x00, 0x00, 0x3F, 0xFF, 0xFF, 0xFF, 0xFF, 0x00, 0x00,
    0x00, 0x00, 0x1F, 0xFF, 0xFF, 0xFF, 0xFF, 0x80, 0x00,
    0x00, 0x00, 0x0F, 0xFF, 0xFF, 0xFF, 0xFF, 0x80, 0x00,
    0x00, 0x00, 0x07, 0xFF, 0xFF, 0xFF, 0xFF, 0x80, 0x00,
    0x00, 0x00, 0x03, 0xFF, 0xFF, 0xFF, 0xFF, 0x80, 0x00,
    0x00, 0x00, 0x01, 0xFF, 0xFF, 0xFF, 0xFF, 0x80, 0x00,
    0x00, 0x00, 0x00, 0xFF, 0xFF, 0xFF, 0xFF, 0x80, 0x00,
    0x00, 0x00, 0x00, 0x7F, 0xFF, 0xFF, 0xFF, 0x80, 0x00,
    0x00, 0x00, 0x00, 0x3F, 0xFF, 0xFF, 0xFF, 0x80, 0x00,
    0x00, 0x00, 0x00, 0x00, 0x00, 0x00, 0x00, 0x00, 0x00,
    0x00, 0x00, 0x00, 0x00, 0x00, 0x00, 0x00, 0x00, 0x00,
    0x00, 0x00, 0x00, 0x00, 0x00, 0x00, 0x00, 0x00, 0x00,
    0x00, 0x00, 0x00, 0x00, 0x00, 0x00, 0x00, 0x00, 0x00,
    0x00, 0x00, 0x00, 0x00, 0x00, 0x00, 0x00, 0x00, 0x00,
    0x00, 0x00, 0x00, 0x00, 0x00, 0x00, 0x00, 0x00, 0x00,
    0x00, 0x00, 0x00, 0x00, 0x00, 0x00, 0x00, 0x00, 0x00,
    0x00, 0x00, 0x00, 0x00, 0x00, 0x00, 0x00, 0x00, 0x00,
    0x00, 0x00, 0x00, 0x00, 0x00, 0x00, 0x00, 0x00, 0x00,
    0x00, 0x00, 0x00, 0x00, 0x00, 0x00, 0x00, 0x00, 0x00,
    0x00, 0x00, 0x00, 0x00, 0x00, 0x00, 0x00, 0x00, 0x00,
    0x00, 0x00, 0x00, 0x00, 0x00, 0x00, 0x00, 0x00, 0x00,
};

// 字符: 'X' (0x0058)
const uint8_t saiba_72_char_0058[648] = {
    0x00, 0x00, 0x00, 0x00, 0x00, 0x00, 0x00, 0x00, 0x00,
    0x00, 0x00, 0x00, 0x00, 0x00, 0x00, 0x00, 0x00, 0x00,
    0x00, 0x00, 0x00, 0x00, 0x00, 0x00, 0x00, 0x00, 0x00,
    0x00, 0x00, 0x00, 0x00, 0x00, 0x00, 0x00, 0x00, 0x00,
    0x00, 0x00, 0x00, 0x00, 0x00, 0x00, 0x00, 0x00, 0x00,
    0x00, 0x00, 0x00, 0x00, 0x00, 0x00, 0x00, 0x00, 0x00,
    0x00, 0x00, 0x00, 0x00, 0x00, 0x00, 0x00, 0x00, 0x00,
    0x00, 0x00, 0x00, 0x00, 0x00, 0x00, 0x00, 0x00, 0x00,
    0x00, 0x00, 0x00, 0x00, 0x00, 0x00, 0x00, 0x00, 0x00,
    0x00, 0x00, 0x00, 0x00, 0x00, 0x00, 0x00, 0x00, 0x00,
    0x00, 0x03, 0xFF, 0xFF, 0xC3, 0xFF, 0xF0, 0x00, 0x00,
    0x00, 0x03, 0xFF, 0xFF, 0xC3, 0xFF, 0xF8, 0x00, 0x00,
    0x00, 0x03, 0xFF, 0xFF, 0xC3, 0xFF, 0xFC, 0x00, 0x00,
    0x00, 0x03, 0xFF, 0xFF, 0xC3, 0xFF, 0xFE, 0x00, 0x00,
    0x00, 0x03, 0xFF, 0xFF, 0xC3, 0xFF, 0xFF, 0x00, 0x00,
    0x00, 0x03, 0xFF, 0xFF, 0xC3, 0xFF, 0xFF, 0x80, 0x00,
    0x00, 0x03, 0xFF, 0xFF, 0xC3, 0xFF, 0xFF, 0x80, 0x00,
    0x00, 0x03, 0xFF, 0xFF, 0xC3, 0xFF, 0xFF, 0x80, 0x00,
    0x00, 0x03, 0xFF, 0xFF, 0xC3, 0xFF, 0xFF, 0x80, 0x00,
    0x00, 0x03, 0xFF, 0xFF, 0xC3, 0xFF, 0xFF, 0x80, 0x00,
    0x00, 0x03, 0xFF, 0xFF, 0xC3, 0xFF, 0xFF, 0x80, 0x00,
    0x00, 0x03, 0xFF, 0xFF, 0xC3, 0xFF, 0xFF, 0x80, 0x00,
    0x00, 0x03, 0xFF, 0xFF, 0xC3, 0xFF, 0xFF, 0x80, 0x00,
    0x00, 0x03, 0xFF, 0xFF, 0xC0, 0x1F, 0xFF, 0x80, 0x00,
    0x00, 0x03, 0xFF, 0xFF, 0xE0, 0x1F, 0xFF, 0x80, 0x00,
    0x00, 0x01, 0xFF, 0xFF, 0xF0, 0x1F, 0xFF, 0x80, 0x00,
    0x00, 0x00, 0x7F, 0xFF, 0xF8, 0x1F, 0xFF, 0x80, 0x00,
    0x00, 0x00, 0x3F, 0xFF, 0xFF, 0xFF, 0xFF, 0x80, 0x00,
    0x00, 0x03, 0xFF, 0xFF, 0xFF, 0xFF, 0xFF, 0x80, 0x00,
    0x00, 0x03, 0xFF, 0xFF, 0xFF, 0xFF, 0xFF, 0x80, 0x00,
    0x00, 0x03, 0xFF, 0xFF, 0xFF, 0xFF, 0xFF, 0x80, 0x00,
    0x00, 0x03, 0xFF, 0xFF, 0xFF, 0xFF, 0xFF, 0x80, 0x00,
    0x00, 0x03, 0xFF, 0xFF, 0xFF, 0xFF, 0xFF, 0x80, 0x00,
    0x00, 0x03, 0xFF, 0xFF, 0xFF, 0xFF, 0xFF, 0x80, 0x00,
    0x00, 0x03, 0xFF, 0xFF, 0xFF, 0xFF, 0xFF, 0x80, 0x00,
    0x00, 0x03, 0xFF, 0xFF, 0xFF, 0xFF, 0xFF, 0x80, 0x00,
    0x00, 0x03, 0xFF, 0xFF, 0xFF, 0xFF, 0xFF, 0x80, 0x00,
    0x00, 0x03, 0xFF, 0xFF, 0xFF, 0xFF, 0xFF, 0x80, 0x00,
    0x00, 0x03, 0xFF, 0xFF, 0xFF, 0xFF, 0xFF, 0x80, 0x00,
    0x00, 0x03, 0xFF, 0xFF, 0xFF, 0xFF, 0xFF, 0x80, 0x00,
    0x00, 0x03, 0xFF, 0xFF, 0xFF, 0xFF, 0xE0, 0x00, 0x00,
    0x00, 0x03, 0xFF, 0xFF, 0xFF, 0xFF, 0xF0, 0x00, 0x00,
    0x00, 0x03, 0xFF, 0xF8, 0xFF, 0xFF, 0xF8, 0x00, 0x00,
    0x00, 0x03, 0xFF, 0xF8, 0x7F, 0xFF, 0xFC, 0x00, 0x00,
    0x00, 0x03, 0xFF, 0xF8, 0x3F, 0xFF, 0xFE, 0x00, 0x00,
    0x00, 0x03, 0xFF, 0xF8, 0x1F, 0xFF, 0xFF, 0x00, 0x00,
    0x00, 0x03, 0xFF, 0xF8, 0x0F, 0xFF, 0xFF, 0x80, 0x00,
    0x00, 0x03, 0xFF, 0xFE, 0x0F, 0xFF, 0xFF, 0x80, 0x00,
    0x00, 0x03, 0xFF, 0xFF, 0x0F, 0xFF, 0xFF, 0x80, 0x00,
    0x00, 0x03, 0xFF, 0xFF, 0x0F, 0xFF, 0xFF, 0x80, 0x00,
    0x00, 0x03, 0xFF, 0xFF, 0x0F, 0xFF, 0xFF, 0x80, 0x00,
    0x00, 0x03, 0xFF, 0xFF, 0x0F, 0xFF, 0xFF, 0x80, 0x00,
    0x00, 0x03, 0xFF, 0xFF, 0x0F, 0xFF, 0xFF, 0x80, 0x00,
    0x00, 0x03, 0xFF, 0xFF, 0x0F, 0xFF, 0xFF, 0x80, 0x00,
    0x00, 0x03, 0xFF, 0xFF, 0x07, 0xFF, 0xFF, 0x80, 0x00,
    0x00, 0x01, 0xFF, 0xFF, 0x03, 0xFF, 0xFF, 0x80, 0x00,
    0x00, 0x00, 0xFF, 0xFF, 0x01, 0xFF, 0xFF, 0x80, 0x00,
    0x00, 0x00, 0x7F, 0xFF, 0x00, 0xFF, 0xFF, 0x80, 0x00,
    0x00, 0x00, 0x3F, 0xFF, 0x00, 0x3F, 0xFF, 0x80, 0x00,
    0x00, 0x00, 0x1F, 0xFF, 0x00, 0x1F, 0xFF, 0x80, 0x00,
    0x00, 0x00, 0x00, 0x00, 0x00, 0x00, 0x00, 0x00, 0x00,
    0x00, 0x00, 0x00, 0x00, 0x00, 0x00, 0x00, 0x00, 0x00,
    0x00, 0x00, 0x00, 0x00, 0x00, 0x00, 0x00, 0x00, 0x00,
    0x00, 0x00, 0x00, 0x00, 0x00, 0x00, 0x00, 0x00, 0x00,
    0x00, 0x00, 0x00, 0x00, 0x00, 0x00, 0x00, 0x00, 0x00,
    0x00, 0x00, 0x00, 0x00, 0x00, 0x00, 0x00, 0x00, 0x00,
    0x00, 0x00, 0x00, 0x00, 0x00, 0x00, 0x00, 0x00, 0x00,
    0x00, 0x00, 0x00, 0x00, 0x00, 0x00, 0x00, 0x00, 0x00,
    0x00, 0x00, 0x00, 0x00, 0x00, 0x00, 0x00, 0x00, 0x00,
    0x00, 0x00, 0x00, 0x00, 0x00, 0x00, 0x00, 0x00, 0x00,
    0x00, 0x00, 0x00, 0x00, 0x00, 0x00, 0x00, 0x00, 0x00,
    0x00, 0x00, 0x00, 0x00, 0x00, 0x00, 0x00, 0x00, 0x00,
};

// 字符: 'C' (0x0043)
const uint8_t saiba_72_char_0043[648] = {
    0x00, 0x00, 0x00, 0x00, 0x00, 0x00, 0x00, 0x00, 0x00,
    0x00, 0x00, 0x00, 0x00, 0x00, 0x00, 0x00, 0x00, 0x00,
    0x00, 0x00, 0x00, 0x00, 0x00, 0x00, 0x00, 0x00, 0x00,
    0x00, 0x00, 0x00, 0x00, 0x00, 0x00, 0x00, 0x00, 0x00,
    0x00, 0x00, 0x00, 0x00, 0x00, 0x00, 0x00, 0x00, 0x00,
    0x00, 0x00, 0x00, 0x00, 0x00, 0x00, 0x00, 0x00, 0x00,
    0x00, 0x00, 0x00, 0x00, 0x00, 0x00, 0x00, 0x00, 0x00,
    0x00, 0x00, 0x00, 0x00, 0x00, 0x00, 0x00, 0x00, 0x00,
    0x00, 0x00, 0x00, 0x00, 0x00, 0x00, 0x00, 0x00, 0x00,
    0x00, 0x00, 0x00, 0x00, 0x00, 0x00, 0x00, 0x00, 0x00,
    0x00, 0x03, 0xFF, 0xF0, 0x3F, 0xFF, 0xF8, 0x00, 0x00,
    0x00, 0x03, 0xFF, 0xF8, 0x1F, 0xFF, 0xFC, 0x00, 0x00,
    0x00, 0x03, 0xFF, 0xFC, 0x0F, 0xFF, 0xFE, 0x00, 0x00,
    0x00, 0x03, 0xFF, 0xFE, 0x07, 0xFF, 0xFF, 0x00, 0x00,
    0x00, 0x03, 0xFF, 0xFF, 0x03, 0xFF, 0xFF, 0x80, 0x00,
    0x00, 0x03, 0xFF, 0xFF, 0x81, 0xFF, 0xFF, 0x80, 0x00,
    0x00, 0x03, 0xFF, 0xFF, 0xC0, 0xFF, 0xFF, 0x80, 0x00,
    0x00, 0x03, 0xFF, 0xFF, 0xE0, 0x7F, 0xFF, 0x80, 0x00,
    0x00, 0x03, 0xFF, 0xFF, 0xF0, 0x3F, 0xFF, 0x80, 0x00,
    0x00, 0x03, 0xFF, 0xFF, 0xF0, 0x1F, 0xFF, 0x80, 0x00,
    0x00, 0x03, 0xFF, 0xFF, 0xF0, 0x0F, 0xFF, 0x80, 0x00,
    0x00, 0x03, 0xFF, 0xFF, 0xF0, 0x07, 0xFF, 0x80, 0x00,
    0x00, 0x03, 0xFF, 0xFF, 0xF0, 0x03, 0xFF, 0x80, 0x00,
    0x00, 0x03, 0xFF, 0xE0, 0x00, 0x01, 0xFF, 0x80, 0x00,
    0x00, 0x03, 0xFF, 0xE0, 0x00, 0x00, 0xFF, 0x80, 0x00,
    0x00, 0x03, 0xFF, 0xE0, 0x00, 0x00, 0x7F, 0x80, 0x00,
    0x00, 0x03, 0xFF, 0xE0, 0x00, 0x00, 0x3F, 0x80, 0x00,
    0x00, 0x03, 0xFF, 0xE0, 0x00, 0x00, 0x1F, 0x80, 0x00,
    0x00, 0x03, 0xFF, 0xE0, 0x00, 0x00, 0x0F, 0x80, 0x00,
    0x00, 0x03, 0xFF, 0xE0, 0x00, 0x00, 0x00, 0x00, 0x00,
    0x00, 0x03, 0xFF, 0xE0, 0x00, 0x00, 0x00, 0x00, 0x00,
    0x00, 0x03, 0xFF, 0xE0, 0x00, 0x00, 0x00, 0x00, 0x00,
    0x00, 0x03, 0xFF, 0xE0, 0x00, 0x00, 0x00, 0x00, 0x00,
    0x00, 0x03, 0xFF, 0xE0, 0x00, 0x00, 0x00, 0x00, 0x00,
    0x00, 0x03, 0xFF, 0xE0, 0x00, 0x00, 0x00, 0x00, 0x00,
    0x00, 0x03, 0xFF, 0xE0, 0x00, 0x00, 0x00, 0x00, 0x00,
    0x00, 0x03, 0xFF, 0xE0, 0x00, 0x00, 0x00, 0x00, 0x00,
    0x00, 0x03, 0xFF, 0xE0, 0x00, 0x00, 0x00, 0x00, 0x00,
    0x00, 0x03, 0xFF, 0xE0, 0x00, 0x00, 0x00, 0x00, 0x00,
    0x00, 0x03, 0xFF, 0xE0, 0x00, 0x00, 0x00, 0x00, 0x00,
    0x00, 0x03, 0xFF, 0xE0, 0x00, 0x00, 0x00, 0x00, 0x00,
    0x00, 0x03, 0xFF, 0xE0, 0x00, 0x03, 0xF0, 0x00, 0x00,
    0x00, 0x03, 0xFF, 0xE0, 0x00, 0x03, 0xF8, 0x00, 0x00,
    0x00, 0x03, 0xFF, 0xE0, 0x00, 0x03, 0xFC, 0x00, 0x00,
    0x00, 0x03, 0xFF, 0xE0, 0x00, 0x03, 0xFE, 0x00, 0x00,
    0x00, 0x03, 0xFF, 0xF0, 0x00, 0x03, 0xFF, 0x00, 0x00,
    0x00, 0x03, 0xFF, 0xF8, 0x00, 0x03, 0xFF, 0x80, 0x00,
    0x00, 0x03, 0xFF, 0xFF, 0xFF, 0xFF, 0xFF, 0x80, 0x00,
    0x00, 0x03, 0xFF, 0xFF, 0xFF, 0xFF, 0xFF, 0x80, 0x00,
    0x00, 0x03, 0xFF, 0xFF, 0xFF, 0xFF, 0xFF, 0x80, 0x00,
    0x00, 0x03, 0xFF, 0xFF, 0xFF, 0xFF, 0xFF, 0x80, 0x00,
    0x00, 0x03, 0xFF, 0xFF, 0xFF, 0xFF, 0xFF, 0x80, 0x00,
    0x00, 0x03, 0xFF, 0xFF, 0xFF, 0xFF, 0xFF, 0x80, 0x00,
    0x00, 0x03, 0xFF, 0xFF, 0xFF, 0xFF, 0xFF, 0x80, 0x00,
    0x00, 0x03, 0xFF, 0xFF, 0xFF, 0xFF, 0xFF, 0x80, 0x00,
    0x00, 0x01, 0xFF, 0xFF, 0xFF, 0xFF, 0xFF, 0x80, 0x00,
    0x00, 0x00, 0xFF, 0xFF, 0xFF, 0xFF, 0xFF, 0x80, 0x00,
    0x00, 0x00, 0x7F, 0xFF, 0xFF, 0xFF, 0xFF, 0x80, 0x00,
    0x00, 0x00, 0x3F, 0xFF, 0xFF, 0xFF, 0xFF, 0x80, 0x00,
    0x00, 0x00, 0x1F, 0xFF, 0xFF, 0xFF, 0xFF, 0x80, 0x00,
    0x00, 0x00, 0x00, 0x00, 0x00, 0x00, 0x00, 0x00, 0x00,
    0x00, 0x00, 0x00, 0x00, 0x00, 0x00, 0x00, 0x00, 0x00,
    0x00, 0x00, 0x00, 0x00, 0x00, 0x00, 0x00, 0x00, 0x00,
    0x00, 0x00, 0x00, 0x00, 0x00, 0x00, 0x00, 0x00, 0x00,
    0x00, 0x00, 0x00, 0x00, 0x00, 0x00, 0x00, 0x00, 0x00,
    0x00, 0x00, 0x00, 0x00, 0x00, 0x00, 0x00, 0x00, 0x00,
    0x00, 0x00, 0x00, 0x00, 0x00, 0x00, 0x00, 0x00, 0x00,
    0x00, 0x00, 0x00, 0x00, 0x00, 0x00, 0x00, 0x00, 0x00,
    0x00, 0x00, 0x00, 0x00, 0x00, 0x00, 0x00, 0x00, 0x00,
    0x00, 0x00, 0x00, 0x00, 0x00, 0x00, 0x00, 0x00, 0x00,
    0x00, 0x00, 0x00, 0x00, 0x00, 0x00, 0x00, 0x00, 0x00,
    0x00, 0x00, 0x00, 0x00, 0x00, 0x00, 0x00, 0x00, 0x00,
};

// 字符: 'V' (0x0056)
const uint8_t saiba_72_char_0056[648] = {
    0x00, 0x00, 0x00, 0x00, 0x00, 0x00, 0x00, 0x00, 0x00,
    0x00, 0x00, 0x00, 0x00, 0x00, 0x00, 0x00, 0x00, 0x00,
    0x00, 0x00, 0x00, 0x00, 0x00, 0x00, 0x00, 0x00, 0x00,
    0x00, 0x00, 0x00, 0x00, 0x00, 0x00, 0x00, 0x00, 0x00,
    0x00, 0x00, 0x00, 0x00, 0x00, 0x00, 0x00, 0x00, 0x00,
    0x00, 0x00, 0x00, 0x00, 0x00, 0x00, 0x00, 0x00, 0x00,
    0x00, 0x00, 0x00, 0x00, 0x00, 0x00, 0x00, 0x00, 0x00,
    0x00, 0x00, 0x00, 0x00, 0x00, 0x00, 0x00, 0x00, 0x00,
    0x00, 0x00, 0x00, 0x00, 0x00, 0x00, 0x00, 0x00, 0x00,
    0x00, 0x00, 0x00, 0x00, 0x00, 0x00, 0x00, 0x00, 0x00,
    0x00, 0x03, 0xFE, 0x00, 0x00, 0x1F, 0xF0, 0x00, 0x00,
    0x00, 0x03, 0xFF, 0x00, 0x00, 0x1F, 0xF8, 0x00, 0x00,
    0x00, 0x03, 0xFF, 0x80, 0x00, 0x1F, 0xFC, 0x00, 0x00,
    0x00, 0x03, 0xFF, 0xC0, 0x00, 0x1F, 0xFE, 0x00, 0x00,
    0x00, 0x03, 0xFF, 0xE0, 0x00, 0x1F, 0xFF, 0x00, 0x00,
    0x00, 0x03, 0xFF, 0xF0, 0x00, 0x1F, 0xFF, 0x80, 0x00,
    0x00, 0x03, 0xFF, 0xF0, 0x00, 0x1F, 0xFF, 0x80, 0x00,
    0x00, 0x03, 0xFF, 0xF0, 0x00, 0x1F, 0xFF, 0x80, 0x00,
    0x00, 0x03, 0xFF, 0xF0, 0x00, 0x1F, 0xFF, 0x80, 0x00,
    0x00, 0x03, 0xFF, 0xF0, 0x00, 0x1F, 0xFF, 0x80, 0x00,
    0x00, 0x03, 0xFF, 0xF0, 0x00, 0x1F, 0xFF, 0x80, 0x00,
    0x00, 0x03, 0xFF, 0xF0, 0x00, 0x1F, 0xFF, 0x80, 0x00,
    0x00, 0x03, 0xFF, 0xF0, 0x00, 0x1F, 0xFF, 0x80, 0x00,
    0x00, 0x03, 0xFF, 0xF0, 0x00, 0x1F, 0xFF, 0x80, 0x00,
    0x00, 0x03, 0xFF, 0xF0, 0x00, 0x1F, 0xFF, 0x80, 0x00,
    0x00, 0x03, 0xFF, 0xF0, 0x00, 0x1F, 0xFF, 0x80, 0x00,
    0x00, 0x03, 0xFF, 0xF0, 0x00, 0x1F, 0xFF, 0x80, 0x00,
    0x00, 0x03, 0xFF, 0xF0, 0x00, 0x1F, 0xFF, 0x80, 0x00,
    0x00, 0x03, 0xFF, 0xF0, 0x00, 0x1F, 0xFF, 0x80, 0x00,
    0x00, 0x03, 0xFF, 0xF0, 0x00, 0x1F, 0xFF, 0x80, 0x00,
    0x00, 0x03, 0xFF, 0xF0, 0x00, 0x1F, 0xFF, 0x80, 0x00,
    0x00, 0x03, 0xFF, 0xF0, 0x00, 0x1F, 0xFF, 0x80, 0x00,
    0x00, 0x03, 0xFF, 0xF0, 0x00, 0x1F, 0xFF, 0x80, 0x00,
    0x00, 0x03, 0xFF, 0xF0, 0x00, 0x1F, 0xFF, 0x80, 0x00,
    0x00, 0x03, 0xFF, 0xF0, 0x00, 0x1F, 0xFF, 0x80, 0x00,
    0x00, 0x03, 0xFF, 0xF0, 0x00, 0x1F, 0xFF, 0x80, 0x00,
    0x00, 0x03, 0xFF, 0xF0, 0x00, 0x1F, 0xFF, 0x80, 0x00,
    0x00, 0x03, 0xFF, 0xF0, 0x00, 0x1F, 0xFF, 0x80, 0x00,
    0x00, 0x03, 0xFF, 0xF0, 0x00, 0x1F, 0xFF, 0x80, 0x00,
    0x00, 0x03, 0xFF, 0xF0, 0x00, 0x1F, 0xFF, 0x80, 0x00,
    0x00, 0x03, 0xFF, 0xF0, 0x00, 0x1F, 0xFF, 0x80, 0x00,
    0x00, 0x03, 0xFF, 0xF8, 0x00, 0x1F, 0xFF, 0x80, 0x00,
    0x00, 0x03, 0xFF, 0xFC, 0x00, 0x1F, 0xFF, 0x80, 0x00,
    0x00, 0x03, 0xFF, 0xFE, 0x00, 0x1F, 0xFF, 0x80, 0x00,
    0x00, 0x03, 0xFF, 0xFF, 0x00, 0x1F, 0xFF, 0x80, 0x00,
    0x00, 0x03, 0xFF, 0xFF, 0x80, 0x1F, 0xFF, 0x80, 0x00,
    0x00, 0x03, 0xFF, 0xFF, 0xC0, 0x1F, 0xFF, 0x80, 0x00,
    0x00, 0x01, 0xFF, 0xFF, 0xE0, 0x1F, 0xFF, 0x80, 0x00,
    0x00, 0x00, 0xFF, 0xFF, 0xF0, 0x1F, 0xFF, 0x80, 0x00,
    0x00, 0x00, 0x7F, 0xFF, 0xF8, 0x1F, 0xFF, 0x80, 0x00,
    0x00, 0x00, 0x3F, 0xFF, 0xFC, 0x0F, 0xFF, 0x80, 0x00,
    0x00, 0x00, 0x1F, 0xFF, 0xFE, 0x07, 0xFF, 0x80, 0x00,
    0x00, 0x00, 0x0F, 0xFF, 0xFF, 0x03, 0xFF, 0x80, 0x00,
    0x00, 0x00, 0x07, 0xFF, 0xFF, 0x81, 0xFF, 0x80, 0x00,
    0x00, 0x00, 0x03, 0xFF, 0xFF, 0xC0, 0xFF, 0x80, 0x00,
    0x00, 0x00, 0x01, 0xFF, 0xFF, 0xE0, 0x7F, 0x80, 0x00,
    0x00, 0x00, 0x00, 0xFF, 0xFF, 0xF0, 0x00, 0x00, 0x00,
    0x00, 0x00, 0x00, 0x7F, 0xFF, 0xF8, 0x00, 0x00, 0x00,
    0x00, 0x00, 0x00, 0x3F, 0xFF, 0xFC, 0x00, 0x00, 0x00,
    0x00, 0x00, 0x00, 0x1F, 0xFF, 0xFE, 0x00, 0x00, 0x00,
    0x00, 0x00, 0x00, 0x00, 0x00, 0x00, 0x00, 0x00, 0x00,
    0x00, 0x00, 0x00, 0x00, 0x00, 0x00, 0x00, 0x00, 0x00,
    0x00, 0x00, 0x00, 0x00, 0x00, 0x00, 0x00, 0x00, 0x00,
    0x00, 0x00, 0x00, 0x00, 0x00, 0x00, 0x00, 0x00, 0x00,
    0x00, 0x00, 0x00, 0x00, 0x00, 0x00, 0x00, 0x00, 0x00,
    0x00, 0x00, 0x00, 0x00, 0x00, 0x00, 0x00, 0x00, 0x00,
    0x00, 0x00, 0x00, 0x00, 0x00, 0x00, 0x00, 0x00, 0x00,
    0x00, 0x00, 0x00, 0x00, 0x00, 0x00, 0x00, 0x00, 0x00,
    0x00, 0x00, 0x00, 0x00, 0x00, 0x00, 0x00, 0x00, 0x00,
    0x00, 0x00, 0x00, 0x00, 0x00, 0x00, 0x00, 0x00, 0x00,
    0x00, 0x00, 0x00, 0x00, 0x00, 0x00, 0x00, 0x00, 0x00,
    0x00, 0x00, 0x00, 0x00, 0x00, 0x00, 0x00, 0x00, 0x00,
};

// 字符: 'B' (0x0042)
const uint8_t saiba_72_char_0042[648] = {
    0x00, 0x00, 0x00, 0x00, 0x00, 0x00, 0x00, 0x00, 0x00,
    0x00, 0x00, 0x00, 0x00, 0x00, 0x00, 0x00, 0x00, 0x00,
    0x00, 0x00, 0x00, 0x00, 0x00, 0x00, 0x00, 0x00, 0x00,
    0x00, 0x00, 0x00, 0x00, 0x00, 0x00, 0x00, 0x00, 0x00,
    0x00, 0x00, 0x00, 0x00, 0x00, 0x00, 0x00, 0x00, 0x00,
    0x00, 0x00, 0x00, 0x00, 0x00, 0x00, 0x00, 0x00, 0x00,
    0x00, 0x00, 0x00, 0x00, 0x00, 0x00, 0x00, 0x00, 0x00,
    0x00, 0x00, 0x00, 0x00, 0x00, 0x00, 0x00, 0x00, 0x00,
    0x00, 0x00, 0x00, 0x00, 0x00, 0x00, 0x00, 0x00, 0x00,
    0x00, 0x00, 0x00, 0x00, 0x00, 0x00, 0x00, 0x00, 0x00,
    0x00, 0x03, 0xFF, 0xFF, 0xFF, 0xF0, 0x00, 0x00, 0x00,
    0x00, 0x01, 0xFF, 0xFF, 0xFF, 0xF8, 0x00, 0x00, 0x00,
    0x00, 0x00, 0xFF, 0xFF, 0xFF, 0xFC, 0x00, 0x00, 0x00,
    0x00, 0x00, 0x7F, 0xFF, 0xFF, 0xFE, 0x00, 0x00, 0x00,
    0x00, 0x00, 0x3F, 0xFF, 0xFF, 0xFF, 0x00, 0x00, 0x00,
    0x00, 0x00, 0x1F, 0xFF, 0xFF, 0xFF, 0x80, 0x00, 0x00,
    0x00, 0x00, 0x0F, 0xFF, 0xFF, 0xFF, 0xC0, 0x00, 0x00,
    0x00, 0x00, 0x07, 0xFF, 0xFF, 0xFF, 0xE0, 0x00, 0x00,
    0x00, 0x00, 0x03, 0xFF, 0xFF, 0xFF, 0xF0, 0x00, 0x00,
    0x00, 0x00, 0x01, 0xFF, 0xFF, 0xFF, 0xF8, 0x00, 0x00,
    0x00, 0x07, 0xC0, 0xFF, 0xFF, 0xFF, 0xFC, 0x00, 0x00,
    0x00, 0x07, 0xE0, 0x7F, 0xFF, 0xFF, 0xFE, 0x00, 0x00,
    0x00, 0x07, 0xF0, 0x3F, 0xFF, 0xFF, 0xFF, 0x00, 0x00,
    0x00, 0x07, 0xF8, 0x00, 0x01, 0xFF, 0xFF, 0x80, 0x00,
    0x00, 0x07, 0xFC, 0x00, 0x00, 0xFF, 0xFF, 0x80, 0x00,
    0x00, 0x07, 0xFE, 0x00, 0x00, 0x7F, 0xFF, 0x80, 0x00,
    0x00, 0x07, 0xFF, 0x00, 0x00, 0x3F, 0xFF, 0x80, 0x00,
    0x00, 0x07, 0xFF, 0x80, 0x00, 0x3F, 0xFF, 0x80, 0x00,
    0x00, 0x07, 0xFF, 0xC0, 0x00, 0x3F, 0xFF, 0x80, 0x00,
    0x00, 0x07, 0xFF, 0xFF, 0xFF, 0xFF, 0xFF, 0x80, 0x00,
    0x00, 0x07, 0xFF, 0xFF, 0xFF, 0xFF, 0xFF, 0x80, 0x00,
    0x00, 0x07, 0xFF, 0xFF, 0xFF, 0xFF, 0xFF, 0x80, 0x00,
    0x00, 0x07, 0xFF, 0xFF, 0xFF, 0xFF, 0xFF, 0x80, 0x00,
    0x00, 0x07, 0xFF, 0xFF, 0xFF, 0xFF, 0xFF, 0x80, 0x00,
    0x00, 0x07, 0xFF, 0xFF, 0xFF, 0xFF, 0xFF, 0x80, 0x00,
    0x00, 0x07, 0xFF, 0xFF, 0xFF, 0xFF, 0xE0, 0x00, 0x00,
    0x00, 0x07, 0xFF, 0xFF, 0xFF, 0xFF, 0xF0, 0x00, 0x00,
    0x00, 0x07, 0xFF, 0xFF, 0xFF, 0xFF, 0xF8, 0x00, 0x00,
    0x00, 0x07, 0xFF, 0xFF, 0xFF, 0xFF, 0xFC, 0x00, 0x00,
    0x00, 0x07, 0xFF, 0xFF, 0xFF, 0xFF, 0xFE, 0x00, 0x00,
    0x00, 0x07, 0xFF, 0xFF, 0xFF, 0xFF, 0xFF, 0x00, 0x00,
    0x00, 0x07, 0xFF, 0xFF, 0xFF, 0xFF, 0xFF, 0x80, 0x00,
    0x00, 0x07, 0xFF, 0xC0, 0x00, 0x3F, 0xFF, 0x80, 0x00,
    0x00, 0x07, 0xFF, 0xC0, 0x00, 0x1F, 0xFF, 0x80, 0x00,
    0x00, 0x07, 0xFF, 0xE0, 0x00, 0x0F, 0xFF, 0x80, 0x00,
    0x00, 0x07, 0xFF, 0xF0, 0x00, 0x0F, 0xFF, 0x80, 0x00,
    0x00, 0x07, 0xFF, 0xF8, 0x00, 0x0F, 0xFF, 0x80, 0x00,
    0x00, 0x07, 0xFF, 0xFF, 0xFF, 0xFF, 0xFF, 0x80, 0x00,
    0x00, 0x07, 0xFF, 0xFF, 0xFF, 0xFF, 0xFF, 0x80, 0x00,
    0x00, 0x07, 0xFF, 0xFF, 0xFF, 0xFF, 0xFF, 0x80, 0x00,
    0x00, 0x07, 0xFF, 0xFF, 0xFF, 0xFF, 0xFF, 0x80, 0x00,
    0x00, 0x07, 0xFF, 0xFF, 0xFF, 0xFF, 0xFF, 0x80, 0x00,
    0x00, 0x07, 0xFF, 0xFF, 0xFF, 0xFF, 0xFF, 0x80, 0x00,
    0x00, 0x07, 0xFF, 0xFF, 0xFF, 0xFF, 0xFF, 0x80, 0x00,
    0x00, 0x03, 0xFF, 0xFF, 0xFF, 0xFF, 0xFF, 0x00, 0x00,
    0x00, 0x01, 0xFF, 0xFF, 0xFF, 0xFF, 0xFE, 0x00, 0x00,
    0x00, 0x00, 0xFF, 0xFF, 0xFF, 0xFF, 0xFC, 0x00, 0x00,
    0x00, 0x00, 0x7F, 0xFF, 0xFF, 0xFF, 0xF8, 0x00, 0x00,
    0x00, 0x00, 0x3F, 0xFF, 0xFF, 0xFF, 0xF0, 0x00, 0x00,
    0x00, 0x00, 0x1F, 0xFF, 0xFF, 0xFF, 0xE0, 0x00, 0x00,
    0x00, 0x00, 0x00, 0x00, 0x00, 0x00, 0x00, 0x00, 0x00,
    0x00, 0x00, 0x00, 0x00, 0x00, 0x00, 0x00, 0x00, 0x00,
    0x00, 0x00, 0x00, 0x00, 0x00, 0x00, 0x00, 0x00, 0x00,
    0x00, 0x00, 0x00, 0x00, 0x00, 0x00, 0x00, 0x00, 0x00,
    0x00, 0x00, 0x00, 0x00, 0x00, 0x00, 0x00, 0x00, 0x00,
    0x00, 0x00, 0x00, 0x00, 0x00, 0x00, 0x00, 0x00, 0x00,
    0x00, 0x00, 0x00, 0x00, 0x00, 0x00, 0x00, 0x00, 0x00,
    0x00, 0x00, 0x00, 0x00, 0x00, 0x00, 0x00, 0x00, 0x00,
    0x00, 0x00, 0x00, 0x00, 0x00, 0x00, 0x00, 0x00, 0x00,
    0x00, 0x00, 0x00, 0x00, 0x00, 0x00, 0x00, 0x00, 0x00,
    0x00, 0x00, 0x00, 0x00, 0x00, 0x00, 0x00, 0x00, 0x00,
    0x00, 0x00, 0x00, 0x00, 0x00, 0x00, 0x00, 0x00, 0x00,
};

// 字符: 'N' (0x004E)
const uint8_t saiba_72_char_004E[648] = {
    0x00, 0x00, 0x00, 0x00, 0x00, 0x00, 0x00, 0x00, 0x00,
    0x00, 0x00, 0x00, 0x00, 0x00, 0x00, 0x00, 0x00, 0x00,
    0x00, 0x00, 0x00, 0x00, 0x00, 0x00, 0x00, 0x00, 0x00,
    0x00, 0x00, 0x00, 0x00, 0x00, 0x00, 0x00, 0x00, 0x00,
    0x00, 0x00, 0x00, 0x00, 0x00, 0x00, 0x00, 0x00, 0x00,
    0x00, 0x00, 0x00, 0x00, 0x00, 0x00, 0x00, 0x00, 0x00,
    0x00, 0x00, 0x00, 0x00, 0x00, 0x00, 0x00, 0x00, 0x00,
    0x00, 0x00, 0x00, 0x00, 0x00, 0x00, 0x00, 0x00, 0x00,
    0x00, 0x00, 0x00, 0x00, 0x00, 0x00, 0x00, 0x00, 0x00,
    0x00, 0x00, 0x00, 0x00, 0x00, 0x00, 0x00, 0x00, 0x00,
    0x00, 0x03, 0xFF, 0xFF, 0xFF, 0xFF, 0xF0, 0x00, 0x00,
    0x00, 0x03, 0xFF, 0xFF, 0xFF, 0xFF, 0xF8, 0x00, 0x00,
    0x00, 0x03, 0xFF, 0xFF, 0xFF, 0xFF, 0xFC, 0x00, 0x00,
    0x00, 0x03, 0xFF, 0xFF, 0xFF, 0xFF, 0xFE, 0x00, 0x00,
    0x00, 0x03, 0xFF, 0xFF, 0xFF, 0xFF, 0xFF, 0x00, 0x00,
    0x00, 0x03, 0xFF, 0xFF, 0xFF, 0xFF, 0xFF, 0x80, 0x00,
    0x00, 0x03, 0xFF, 0xFF, 0xFF, 0xFF, 0xFF, 0x80, 0x00,
    0x00, 0x03, 0xFF, 0xFF, 0xFF, 0xFF, 0xFF, 0x80, 0x00,
    0x00, 0x03, 0xFF, 0xFF, 0xFF, 0xFF, 0xFF, 0x80, 0x00,
    0x00, 0x03, 0xFF, 0xFF, 0xFF, 0xFF, 0xFF, 0x80, 0x00,
    0x00, 0x03, 0xFF, 0xFF, 0xFF, 0xFF, 0xFF, 0x80, 0x00,
    0x00, 0x03, 0xFF, 0xFF, 0xFF, 0xFF, 0xFF, 0x80, 0x00,
    0x00, 0x03, 0xFF, 0xFF, 0xFF, 0xFF, 0xFF, 0x80, 0x00,
    0x00, 0x03, 0xFF, 0x00, 0x00, 0x3F, 0xFF, 0x80, 0x00,
    0x00, 0x03, 0xFF, 0x80, 0x00, 0x1F, 0xFF, 0x80, 0x00,
    0x00, 0x03, 0xFF, 0xC0, 0x00, 0x0F, 0xFF, 0x80, 0x00,
    0x00, 0x03, 0xFF, 0xE0, 0x00, 0x07, 0xFF, 0x80, 0x00,
    0x00, 0x03, 0xFF, 0xE0, 0x00, 0x03, 0xFF, 0x80, 0x00,
    0x00, 0x03, 0xFF, 0xE0, 0x00, 0x01, 0xFF, 0x80, 0x00,
    0x00, 0x03, 0xFF, 0xE0, 0x00, 0x00, 0xFF, 0x80, 0x00,
    0x00, 0x03, 0xFF, 0xE0, 0x00, 0x00, 0x7F, 0x80, 0x00,
    0x00, 0x03, 0xFF, 0xE0, 0x00, 0x00, 0x3F, 0x80, 0x00,
    0x00, 0x03, 0xFF, 0xE0, 0x00, 0x00, 0x1F, 0x80, 0x00,
    0x00, 0x03, 0xFF, 0xE0, 0x00, 0x00, 0x0F, 0x80, 0x00,
    0x00, 0x03, 0xFF, 0xE0, 0x00, 0x00, 0x07, 0x80, 0x00,
    0x00, 0x03, 0xFF, 0xE0, 0x00, 0x00, 0x03, 0x80, 0x00,
    0x00, 0x03, 0xFF, 0xE0, 0x00, 0x0F, 0x81, 0x80, 0x00,
    0x00, 0x03, 0xFF, 0xE0, 0x00, 0x0F, 0xC0, 0x80, 0x00,
    0x00, 0x03, 0xFF, 0xE0, 0x00, 0x0F, 0xE0, 0x80, 0x00,
    0x00, 0x03, 0xFF, 0xE0, 0x00, 0x0F, 0xF0, 0x00, 0x00,
    0x00, 0x03, 0xFF, 0xE0, 0x00, 0x0F, 0xF8, 0x00, 0x00,
    0x00, 0x03, 0xFF, 0xE0, 0x00, 0x0F, 0xFC, 0x00, 0x00,
    0x00, 0x03, 0xFF, 0xE0, 0x00, 0x0F, 0xFE, 0x00, 0x00,
    0x00, 0x03, 0xFF, 0xE0, 0x00, 0x0F, 0xFF, 0x00, 0x00,
    0x00, 0x03, 0xFF, 0xE0, 0x00, 0x0F, 0xFF, 0x80, 0x00,
    0x00, 0x03, 0xFF, 0xE0, 0x00, 0x0F, 0xFF, 0x80, 0x00,
    0x00, 0x03, 0xFF, 0xE0, 0x00, 0x0F, 0xFF, 0x80, 0x00,
    0x00, 0x03, 0xFF, 0xE0, 0x00, 0x0F, 0xFF, 0x80, 0x00,
    0x00, 0x03, 0xFF, 0xE0, 0x00, 0x0F, 0xFF, 0x80, 0x00,
    0x00, 0x03, 0xFF, 0xE0, 0x00, 0x0F, 0xFF, 0x80, 0x00,
    0x00, 0x03, 0xFF, 0xE0, 0x00, 0x0F, 0xFF, 0x80, 0x00,
    0x00, 0x03, 0xFF, 0xE0, 0x00, 0x0F, 0xFF, 0x80, 0x00,
    0x00, 0x03, 0xFF, 0xE0, 0x00, 0x0F, 0xFF, 0x80, 0x00,
    0x00, 0x03, 0xFF, 0xE0, 0x00, 0x0F, 0xFF, 0x80, 0x00,
    0x00, 0x03, 0xFF, 0xE0, 0x00, 0x07, 0xFF, 0x80, 0x00,
    0x00, 0x01, 0xFF, 0xE0, 0x00, 0x03, 0xFF, 0x80, 0x00,
    0x00, 0x00, 0xFF, 0xE0, 0x00, 0x01, 0xFF, 0x80, 0x00,
    0x00, 0x00, 0x7F, 0xE0, 0x00, 0x00, 0xFF, 0x80, 0x00,
    0x00, 0x00, 0x3F, 0xE0, 0x00, 0x00, 0x7F, 0x80, 0x00,
    0x00, 0x00, 0x1F, 0xE0, 0x00, 0x00, 0x3F, 0x80, 0x00,
    0x00, 0x00, 0x00, 0x00, 0x00, 0x00, 0x00, 0x00, 0x00,
    0x00, 0x00, 0x00, 0x00, 0x00, 0x00, 0x00, 0x00, 0x00,
    0x00, 0x00, 0x00, 0x00, 0x00, 0x00, 0x00, 0x00, 0x00,
    0x00, 0x00, 0x00, 0x00, 0x00, 0x00, 0x00, 0x00, 0x00,
    0x00, 0x00, 0x00, 0x00, 0x00, 0x00, 0x00, 0x00, 0x00,
    0x00, 0x00, 0x00, 0x00, 0x00, 0x00, 0x00, 0x00, 0x00,
    0x00, 0x00, 0x00, 0x00, 0x00, 0x00, 0x00, 0x00, 0x00,
    0x00, 0x00, 0x00, 0x00, 0x00, 0x00, 0x00, 0x00, 0x00,
    0x00, 0x00, 0x00, 0x00, 0x00, 0x00, 0x00, 0x00, 0x00,
    0x00, 0x00, 0x00, 0x00, 0x00, 0x00, 0x00, 0x00, 0x00,
    0x00, 0x00, 0x00, 0x00, 0x00, 0x00, 0x00, 0x00, 0x00,
    0x00, 0x00, 0x00, 0x00, 0x00, 0x00, 0x00, 0x00, 0x00,
};

// 字符: 'M' (0x004D)
const uint8_t saiba_72_char_004D[648] = {
    0x00, 0x00, 0x00, 0x00, 0x00, 0x00, 0x00, 0x00, 0x00,
    0x00, 0x00, 0x00, 0x00, 0x00, 0x00, 0x00, 0x00, 0x00,
    0x00, 0x00, 0x00, 0x00, 0x00, 0x00, 0x00, 0x00, 0x00,
    0x00, 0x00, 0x00, 0x00, 0x00, 0x00, 0x00, 0x00, 0x00,
    0x00, 0x00, 0x00, 0x00, 0x00, 0x00, 0x00, 0x00, 0x00,
    0x00, 0x00, 0x00, 0x00, 0x00, 0x00, 0x00, 0x00, 0x00,
    0x00, 0x00, 0x00, 0x00, 0x00, 0x00, 0x00, 0x00, 0x00,
    0x00, 0x00, 0x00, 0x00, 0x00, 0x00, 0x00, 0x00, 0x00,
    0x00, 0x00, 0x00, 0x00, 0x00, 0x00, 0x00, 0x00, 0x00,
    0x00, 0x00, 0x00, 0x00, 0x00, 0x00, 0x00, 0x00, 0x00,
    0x00, 0x03, 0xFF, 0xF0, 0x00, 0xFF, 0xF0, 0x00, 0x00,
    0x00, 0x03, 0xFF, 0xF8, 0x00, 0xFF, 0xF8, 0x00, 0x00,
    0x00, 0x03, 0xFF, 0xFC, 0x00, 0xFF, 0xFC, 0x00, 0x00,
    0x00, 0x03, 0xFF, 0xFE, 0x00, 0xFF, 0xFE, 0x00, 0x00,
    0x00, 0x03, 0xFF, 0xFF, 0x00, 0xFF, 0xFF, 0x00, 0x00,
    0x00, 0x03, 0xFF, 0xFF, 0x80, 0xFF, 0xFF, 0x80, 0x00,
    0x00, 0x03, 0xFF, 0xFF, 0xC0, 0xFF, 0xFF, 0x80, 0x00,
    0x00, 0x03, 0xFF, 0xFF, 0xE0, 0xFF, 0xFF, 0x80, 0x00,
    0x00, 0x03, 0xFF, 0xFF, 0xF0, 0xFF, 0xFF, 0x80, 0x00,
    0x00, 0x03, 0xFF, 0xFF, 0xFF, 0xFF, 0xFF, 0x80, 0x00,
    0x00, 0x03, 0xFF, 0xFF, 0xFF, 0xFF, 0xFF, 0x80, 0x00,
    0x00, 0x03, 0xFF, 0xFF, 0xFF, 0xFF, 0xFF, 0x80, 0x00,
    0x00, 0x03, 0xFF, 0xFF, 0xFF, 0xFF, 0xFF, 0x80, 0x00,
    0x00, 0x03, 0xFF, 0xFF, 0xFF, 0xFF, 0xFF, 0x80, 0x00,
    0x00, 0x03, 0xFF, 0xFF, 0xFF, 0xFF, 0xFF, 0x80, 0x00,
    0x00, 0x03, 0xFF, 0xFF, 0xFF, 0xFF, 0xFF, 0x80, 0x00,
    0x00, 0x03, 0xFF, 0xFF, 0xFF, 0xFF, 0xFF, 0x80, 0x00,
    0x00, 0x03, 0xFF, 0xFF, 0xFF, 0xFF, 0xFF, 0x80, 0x00,
    0x00, 0x03, 0xFF, 0xFF, 0xFF, 0xFF, 0xFF, 0x80, 0x00,
    0x00, 0x03, 0xFF, 0xFF, 0xFF, 0xFF, 0xFF, 0x80, 0x00,
    0x00, 0x03, 0xFF, 0xFF, 0xFF, 0xFF, 0xFF, 0x80, 0x00,
    0x00, 0x03, 0xFF, 0xFF, 0xFF, 0xFF, 0xFF, 0x80, 0x00,
    0x00, 0x03, 0xFF, 0xFF, 0xFF, 0xFF, 0xFF, 0x80, 0x00,
    0x00, 0x03, 0xFF, 0xFF, 0xFF, 0xFF, 0xFF, 0x80, 0x00,
    0x00, 0x03, 0xFF, 0xFF, 0xFF, 0xFF, 0xFF, 0x80, 0x00,
    0x00, 0x03, 0xFF, 0xEF, 0xFF, 0xFF, 0xFF, 0x80, 0x00,
    0x00, 0x03, 0xFF, 0xE7, 0xFF, 0xFF, 0xFF, 0x80, 0x00,
    0x00, 0x03, 0xFF, 0xE3, 0xFF, 0xFF, 0xFF, 0x80, 0x00,
    0x00, 0x03, 0xFF, 0xE1, 0xFF, 0xF7, 0xFF, 0x80, 0x00,
    0x00, 0x03, 0xFF, 0xE1, 0xFF, 0xF3, 0xFF, 0x80, 0x00,
    0x00, 0x03, 0xFF, 0xE1, 0xFF, 0xF1, 0xFF, 0x80, 0x00,
    0x00, 0x03, 0xFF, 0xE0, 0xFF, 0xF0, 0xFF, 0x80, 0x00,
    0x00, 0x03, 0xFF, 0xE0, 0x7F, 0xF0, 0x7F, 0x80, 0x00,
    0x00, 0x03, 0xFF, 0xE0, 0x3F, 0xF0, 0x3F, 0x80, 0x00,
    0x00, 0x03, 0xFF, 0xE0, 0x1F, 0xF0, 0x1F, 0x80, 0x00,
    0x00, 0x03, 0xFF, 0xE0, 0x0F, 0xF0, 0x0F, 0x80, 0x00,
    0x00, 0x03, 0xFF, 0xE0, 0x00, 0x00, 0x07, 0x80, 0x00,
    0x00, 0x03, 0xFF, 0xE0, 0x00, 0x00, 0x00, 0x00, 0x00,
    0x00, 0x03, 0xFF, 0xE0, 0x00, 0x0F, 0x80, 0x00, 0x00,
    0x00, 0x03, 0xFF, 0xE0, 0x00, 0x0F, 0xC0, 0x00, 0x00,
    0x00, 0x03, 0xFF, 0xE0, 0x00, 0x0F, 0xE0, 0x00, 0x00,
    0x00, 0x03, 0xFF, 0xE0, 0x00, 0x0F, 0xF0, 0x00, 0x00,
    0x00, 0x03, 0xFF, 0xE0, 0x00, 0x0F, 0xF8, 0x00, 0x00,
    0x00, 0x03, 0xFF, 0xE0, 0x00, 0x0F, 0xFC, 0x00, 0x00,
    0x00, 0x03, 0xFF, 0xE0, 0x00, 0x0F, 0xFE, 0x00, 0x00,
    0x00, 0x01, 0xFF, 0xE0, 0x00, 0x0F, 0xFF, 0x00, 0x00,
    0x00, 0x00, 0xFF, 0xE0, 0x00, 0x0F, 0xFF, 0x80, 0x00,
    0x00, 0x00, 0x7F, 0xE0, 0x00, 0x0F, 0xFF, 0x80, 0x00,
    0x00, 0x00, 0x3F, 0xE0, 0x00, 0x0F, 0xFF, 0x80, 0x00,
    0x00, 0x00, 0x1F, 0xE0, 0x00, 0x0F, 0xFF, 0x80, 0x00,
    0x00, 0x00, 0x00, 0x00, 0x00, 0x00, 0x00, 0x00, 0x00,
    0x00, 0x00, 0x00, 0x00, 0x00, 0x00, 0x00, 0x00, 0x00,
    0x00, 0x00, 0x00, 0x00, 0x00, 0x00, 0x00, 0x00, 0x00,
    0x00, 0x00, 0x00, 0x00, 0x00, 0x00, 0x00, 0x00, 0x00,
    0x00, 0x00, 0x00, 0x00, 0x00, 0x00, 0x00, 0x00, 0x00,
    0x00, 0x00, 0x00, 0x00, 0x00, 0x00, 0x00, 0x00, 0x00,
    0x00, 0x00, 0x00, 0x00, 0x00, 0x00, 0x00, 0x00, 0x00,
    0x00, 0x00, 0x00, 0x00, 0x00, 0x00, 0x00, 0x00, 0x00,
    0x00, 0x00, 0x00, 0x00, 0x00, 0x00, 0x00, 0x00, 0x00,
    0x00, 0x00, 0x00, 0x00, 0x00, 0x00, 0x00, 0x00, 0x00,
    0x00, 0x00, 0x00, 0x00, 0x00, 0x00, 0x00, 0x00, 0x00,
    0x00, 0x00, 0x00, 0x00, 0x00, 0x00, 0x00, 0x00, 0x00,
};

// 字符: '.' (0x002E)
const uint8_t saiba_72_char_002E[648] = {
    0x00, 0x00, 0x00, 0x00, 0x00, 0x00, 0x00, 0x00, 0x00,
    0x00, 0x00, 0x00, 0x00, 0x00, 0x00, 0x00, 0x00, 0x00,
    0x00, 0x00, 0x00, 0x00, 0x00, 0x00, 0x00, 0x00, 0x00,
    0x00, 0x00, 0x00, 0x00, 0x00, 0x00, 0x00, 0x00, 0x00,
    0x00, 0x00, 0x00, 0x00, 0x00, 0x00, 0x00, 0x00, 0x00,
    0x00, 0x00, 0x00, 0x00, 0x00, 0x00, 0x00, 0x00, 0x00,
    0x00, 0x00, 0x00, 0x00, 0x00, 0x00, 0x00, 0x00, 0x00,
    0x00, 0x00, 0x00, 0x00, 0x00, 0x00, 0x00, 0x00, 0x00,
    0x00, 0x00, 0x00, 0x00, 0x00, 0x00, 0x00, 0x00, 0x00,
    0x00, 0x00, 0x00, 0x00, 0x00, 0x00, 0x00, 0x00, 0x00,
    0x00, 0x00, 0x00, 0x00, 0x00, 0x00, 0x00, 0x00, 0x00,
    0x00, 0x00, 0x00, 0x00, 0x00, 0x00, 0x00, 0x00, 0x00,
    0x00, 0x00, 0x00, 0x00, 0x00, 0x00, 0x00, 0x00, 0x00,
    0x00, 0x00, 0x00, 0x00, 0x00, 0x00, 0x00, 0x00, 0x00,
    0x00, 0x00, 0x00, 0x00, 0x00, 0x00, 0x00, 0x00, 0x00,
    0x00, 0x00, 0x00, 0x00, 0x00, 0x00, 0x00, 0x00, 0x00,
    0x00, 0x00, 0x00, 0x00, 0x00, 0x00, 0x00, 0x00, 0x00,
    0x00, 0x00, 0x00, 0x00, 0x00, 0x00, 0x00, 0x00, 0x00,
    0x00, 0x00, 0x00, 0x00, 0x00, 0x00, 0x00, 0x00, 0x00,
    0x00, 0x00, 0x00, 0x00, 0x00, 0x00, 0x00, 0x00, 0x00,
    0x00, 0x00, 0x00, 0x00, 0x00, 0x00, 0x00, 0x00, 0x00,
    0x00, 0x00, 0x00, 0x00, 0x00, 0x00, 0x00, 0x00, 0x00,
    0x00, 0x00, 0x00, 0x00, 0x00, 0x00, 0x00, 0x00, 0x00,
    0x00, 0x00, 0x00, 0x00, 0x00, 0x00, 0x00, 0x00, 0x00,
    0x00, 0x00, 0x00, 0x00, 0x00, 0x00, 0x00, 0x00, 0x00,
    0x00, 0x00, 0x00, 0x00, 0x00, 0x00, 0x00, 0x00, 0x00,
    0x00, 0x00, 0x00, 0x00, 0x00, 0x00, 0x00, 0x00, 0x00,
    0x00, 0x00, 0x00, 0x00, 0x00, 0x00, 0x00, 0x00, 0x00,
    0x00, 0x00, 0x00, 0x00, 0x00, 0x00, 0x00, 0x00, 0x00,
    0x00, 0x00, 0x00, 0x00, 0x00, 0x00, 0x00, 0x00, 0x00,
    0x00, 0x00, 0x00, 0x00, 0x00, 0x00, 0x00, 0x00, 0x00,
    0x00, 0x00, 0x00, 0x00, 0xFF, 0x00, 0x00, 0x00, 0x00,
    0x00, 0x00, 0x00, 0x00, 0xFF, 0x00, 0x00, 0x00, 0x00,
    0x00, 0x00, 0x00, 0x00, 0xFF, 0x00, 0x00, 0x00, 0x00,
    0x00, 0x00, 0x00, 0x00, 0xFF, 0x00, 0x00, 0x00, 0x00,
    0x00, 0x00, 0x00, 0x00, 0xFF, 0x00, 0x00, 0x00, 0x00,
    0x00, 0x00, 0x00, 0x00, 0xFF, 0x00, 0x00, 0x00, 0x00,
    0x00, 0x00, 0x00, 0x00, 0xFF, 0x00, 0x00, 0x00, 0x00,
    0x00, 0x00, 0x00, 0x00, 0x7F, 0x00, 0x00, 0x00, 0x00,
    0x00, 0x00, 0x00, 0x00, 0x3F, 0x00, 0x00, 0x00, 0x00,
    0x00, 0x00, 0x00, 0x00, 0x00, 0x00, 0x00, 0x00, 0x00,
    0x00, 0x00, 0x00, 0x00, 0x00, 0x00, 0x00, 0x00, 0x00,
    0x00, 0x00, 0x00, 0x00, 0x00, 0x00, 0x00, 0x00, 0x00,
    0x00, 0x00, 0x00, 0x00, 0x00, 0x00, 0x00, 0x00, 0x00,
    0x00, 0x00, 0x00, 0x00, 0x00, 0x00, 0x00, 0x00, 0x00,
    0x00, 0x00, 0x00, 0x00, 0x00, 0x00, 0x00, 0x00, 0x00,
    0x00, 0x00, 0x00, 0x00, 0x00, 0x00, 0x00, 0x00, 0x00,
    0x00, 0x00, 0x00, 0x00, 0x00, 0x00, 0x00, 0x00, 0x00,
    0x00, 0x00, 0x00, 0x00, 0x00, 0x00, 0x00, 0x00, 0x00,
    0x00, 0x00, 0x00, 0x00, 0x00, 0x00, 0x00, 0x00, 0x00,
    0x00, 0x00, 0x00, 0x00, 0x00, 0x00, 0x00, 0x00, 0x00,
    0x00, 0x00, 0x00, 0x00, 0x00, 0x00, 0x00, 0x00, 0x00,
    0x00, 0x00, 0x00, 0x00, 0x00, 0x00, 0x00, 0x00, 0x00,
    0x00, 0x00, 0x00, 0x00, 0x00, 0x00, 0x00, 0x00, 0x00,
    0x00, 0x00, 0x00, 0x00, 0x00, 0x00, 0x00, 0x00, 0x00,
    0x00, 0x00, 0x00, 0x00, 0x00, 0x00, 0x00, 0x00, 0x00,
    0x00, 0x00, 0x00, 0x00, 0x00, 0x00, 0x00, 0x00, 0x00,
    0x00, 0x00, 0x00, 0x00, 0x00, 0x00, 0x00, 0x00, 0x00,
    0x00, 0x00, 0x00, 0x00, 0x00, 0x00, 0x00, 0x00, 0x00,
    0x00, 0x00, 0x00, 0x00, 0x00, 0x00, 0x00, 0x00, 0x00,
    0x00, 0x00, 0x00, 0x00, 0x00, 0x00, 0x00, 0x00, 0x00,
    0x00, 0x00, 0x00, 0x00, 0x00, 0x00, 0x00, 0x00, 0x00,
    0x00, 0x00, 0x00, 0x00, 0x00, 0x00, 0x00, 0x00, 0x00,
    0x00, 0x00, 0x00, 0x00, 0x00, 0x00, 0x00, 0x00, 0x00,
    0x00, 0x00, 0x00, 0x00, 0x00, 0x00, 0x00, 0x00, 0x00,
    0x00, 0x00, 0x00, 0x00, 0x00, 0x00, 0x00, 0x00, 0x00,
    0x00, 0x00, 0x00, 0x00, 0x00, 0x00, 0x00, 0x00, 0x00,
    0x00, 0x00, 0x00, 0x00, 0x00, 0x00, 0x00, 0x00, 0x00,
    0x00, 0x00, 0x00, 0x00, 0x00, 0x00, 0x00, 0x00, 0x00,
    0x00, 0x00, 0x00, 0x00, 0x00, 0x00, 0x00, 0x00, 0x00,
    0x00, 0x00, 0x00, 0x00, 0x00, 0x00, 0x00, 0x00, 0x00,
    0x00, 0x00, 0x00, 0x00, 0x00, 0x00, 0x00, 0x00, 0x00,
};

// 字符: ':' (0x003A)
const uint8_t saiba_72_char_003A[648] = {
    0x00, 0x00, 0x00, 0x00, 0x00, 0x00, 0x00, 0x00, 0x00,
    0x00, 0x00, 0x00, 0x00, 0x00, 0x00, 0x00, 0x00, 0x00,
    0x00, 0x00, 0x00, 0x00, 0x00, 0x00, 0x00, 0x00, 0x00,
    0x00, 0x00, 0x00, 0x00, 0x00, 0x00, 0x00, 0x00, 0x00,
    0x00, 0x00, 0x00, 0x00, 0x00, 0x00, 0x00, 0x00, 0x00,
    0x00, 0x00, 0x00, 0x00, 0x00, 0x00, 0x00, 0x00, 0x00,
    0x00, 0x00, 0x00, 0x00, 0x00, 0x00, 0x00, 0x00, 0x00,
    0x00, 0x00, 0x00, 0x00, 0x00, 0x00, 0x00, 0x00, 0x00,
    0x00, 0x00, 0x00, 0x00, 0x00, 0x00, 0x00, 0x00, 0x00,
    0x00, 0x00, 0x00, 0x00, 0x00, 0x00, 0x00, 0x00, 0x00,
    0x00, 0x00, 0x00, 0x00, 0x00, 0x00, 0x00, 0x00, 0x00,
    0x00, 0x00, 0x00, 0x00, 0x00, 0x00, 0x00, 0x00, 0x00,
    0x00, 0x00, 0x00, 0x00, 0x00, 0x00, 0x00, 0x00, 0x00,
    0x00, 0x00, 0x00, 0x00, 0x00, 0x00, 0x00, 0x00, 0x00,
    0x00, 0x00, 0x00, 0x00, 0x00, 0x00, 0x00, 0x00, 0x00,
    0x00, 0x00, 0x00, 0x00, 0x00, 0x00, 0x00, 0x00, 0x00,
    0x00, 0x00, 0x00, 0x00, 0x00, 0x00, 0x00, 0x00, 0x00,
    0x00, 0x00, 0x00, 0x00, 0x00, 0x00, 0x00, 0x00, 0x00,
    0x00, 0x00, 0x00, 0x00, 0x00, 0x00, 0x00, 0x00, 0x00,
    0x00, 0x00, 0x00, 0x00, 0x00, 0x00, 0x00, 0x00, 0x00,
    0x00, 0x00, 0x00, 0x00, 0x00, 0x00, 0x00, 0x00, 0x00,
    0x00, 0x00, 0x00, 0x00, 0x00, 0x00, 0x00, 0x00, 0x00,
    0x00, 0x00, 0x00, 0x00, 0x00, 0x00, 0x00, 0x00, 0x00,
    0x00, 0x00, 0x00, 0x00, 0xFF, 0x00, 0x00, 0x00, 0x00,
    0x00, 0x00, 0x00, 0x00, 0xFF, 0x00, 0x00, 0x00, 0x00,
    0x00, 0x00, 0x00, 0x00, 0xFF, 0x00, 0x00, 0x00, 0x00,
    0x00, 0x00, 0x00, 0x00, 0xFF, 0x00, 0x00, 0x00, 0x00,
    0x00, 0x00, 0x00, 0x00, 0xFF, 0x00, 0x00, 0x00, 0x00,
    0x00, 0x00, 0x00, 0x00, 0xFF, 0x00, 0x00, 0x00, 0x00,
    0x00, 0x00, 0x00, 0x00, 0xFF, 0x00, 0x00, 0x00, 0x00,
    0x00, 0x00, 0x00, 0x00, 0x7F, 0x00, 0x00, 0x00, 0x00,
    0x00, 0x00, 0x00, 0x00, 0x3F, 0x00, 0x00, 0x00, 0x00,
    0x00, 0x00, 0x00, 0x00, 0x00, 0x00, 0x00, 0x00, 0x00,
    0x00, 0x00, 0x00, 0x00, 0x00, 0x00, 0x00, 0x00, 0x00,
    0x00, 0x00, 0x00, 0x00, 0x00, 0x00, 0x00, 0x00, 0x00,
    0x00, 0x00, 0x00, 0x00, 0x00, 0x00, 0x00, 0x00, 0x00,
    0x00, 0x00, 0x00, 0x00, 0x00, 0x00, 0x00, 0x00, 0x00,
    0x00, 0x00, 0x00, 0x00, 0x00, 0x00, 0x00, 0x00, 0x00,
    0x00, 0x00, 0x00, 0x00, 0x00, 0x00, 0x00, 0x00, 0x00,
    0x00, 0x00, 0x00, 0x00, 0x00, 0x00, 0x00, 0x00, 0x00,
    0x00, 0x00, 0x00, 0x00, 0xFF, 0x00, 0x00, 0x00, 0x00,
    0x00, 0x00, 0x00, 0x00, 0xFF, 0x00, 0x00, 0x00, 0x00,
    0x00, 0x00, 0x00, 0x00, 0xFF, 0x00, 0x00, 0x00, 0x00,
    0x00, 0x00, 0x00, 0x00, 0xFF, 0x00, 0x00, 0x00, 0x00,
    0x00, 0x00, 0x00, 0x00, 0xFF, 0x00, 0x00, 0x00, 0x00,
    0x00, 0x00, 0x00, 0x00, 0xFF, 0x00, 0x00, 0x00, 0x00,
    0x00, 0x00, 0x00, 0x00, 0xFF, 0x00, 0x00, 0x00, 0x00,
    0x00, 0x00, 0x00, 0x00, 0x7F, 0x00, 0x00, 0x00, 0x00,
    0x00, 0x00, 0x00, 0x00, 0x3F, 0x00, 0x00, 0x00, 0x00,
    0x00, 0x00, 0x00, 0x00, 0x00, 0x00, 0x00, 0x00, 0x00,
    0x00, 0x00, 0x00, 0x00, 0x00, 0x00, 0x00, 0x00, 0x00,
    0x00, 0x00, 0x00, 0x00, 0x00, 0x00, 0x00, 0x00, 0x00,
    0x00, 0x00, 0x00, 0x00, 0x00, 0x00, 0x00, 0x00, 0x00,
    0x00, 0x00, 0x00, 0x00, 0x00, 0x00, 0x00, 0x00, 0x00,
    0x00, 0x00, 0x00, 0x00, 0x00, 0x00, 0x00, 0x00, 0x00,
    0x00, 0x00, 0x00, 0x00, 0x00, 0x00, 0x00, 0x00, 0x00,
    0x00, 0x00, 0x00, 0x00, 0x00, 0x00, 0x00, 0x00, 0x00,
    0x00, 0x00, 0x00, 0x00, 0x00, 0x00, 0x00, 0x00, 0x00,
    0x00, 0x00, 0x00, 0x00, 0x00, 0x00, 0x00, 0x00, 0x00,
    0x00, 0x00, 0x00, 0x00, 0x00, 0x00, 0x00, 0x00, 0x00,
    0x00, 0x00, 0x00, 0x00, 0x00, 0x00, 0x00, 0x00, 0x00,
    0x00, 0x00, 0x00, 0x00, 0x00, 0x00, 0x00, 0x00, 0x00,
    0x00, 0x00, 0x00, 0x00, 0x00, 0x00, 0x00, 0x00, 0x00,
    0x00, 0x00, 0x00, 0x00, 0x00, 0x00, 0x00, 0x00, 0x00,
    0x00, 0x00, 0x00, 0x00, 0x00, 0x00, 0x00, 0x00, 0x00,
    0x00, 0x00, 0x00, 0x00, 0x00, 0x00, 0x00, 0x00, 0x00,
    0x00, 0x00, 0x00, 0x00, 0x00, 0x00, 0x00, 0x00, 0x00,
    0x00, 0x00, 0x00, 0x00, 0x00, 0x00, 0x00, 0x00, 0x00,
    0x00, 0x00, 0x00, 0x00, 0x00, 0x00, 0x00, 0x00, 0x00,
    0x00, 0x00, 0x00, 0x00, 0x00, 0x00, 0x00, 0x00, 0x00,
    0x00, 0x00, 0x00, 0x00, 0x00, 0x00, 0x00, 0x00, 0x00,
    0x00, 0x00, 0x00, 0x00, 0x00, 0x00, 0x00, 0x00, 0x00,
};

// 字符: '-' (0x002D)
const uint8_t saiba_72_char_002D[648] = {
    0x00, 0x00, 0x00, 0x00, 0x00, 0x00, 0x00, 0x00, 0x00,
    0x00, 0x00, 0x00, 0x00, 0x00, 0x00, 0x00, 0x00, 0x00,
    0x00, 0x00, 0x00, 0x00, 0x00, 0x00, 0x00, 0x00, 0x00,
    0x00, 0x00, 0x00, 0x00, 0x00, 0x00, 0x00, 0x00, 0x00,
    0x00, 0x00, 0x00, 0x00, 0x00, 0x00, 0x00, 0x00, 0x00,
    0x00, 0x00, 0x00, 0x00, 0x00, 0x00, 0x00, 0x00, 0x00,
    0x00, 0x00, 0x00, 0x00, 0x00, 0x00, 0x00, 0x00, 0x00,
    0x00, 0x00, 0x00, 0x00, 0x00, 0x00, 0x00, 0x00, 0x00,
    0x00, 0x00, 0x00, 0x00, 0x00, 0x00, 0x00, 0x00, 0x00,
    0x00, 0x00, 0x00, 0x00, 0x00, 0x00, 0x00, 0x00, 0x00,
    0x00, 0x00, 0x00, 0x00, 0x00, 0x00, 0x00, 0x00, 0x00,
    0x00, 0x00, 0x00, 0x00, 0x00, 0x00, 0x00, 0x00, 0x00,
    0x00, 0x00, 0x00, 0x00, 0x00, 0x00, 0x00, 0x00, 0x00,
    0x00, 0x00, 0x00, 0x00, 0x00, 0x00, 0x00, 0x00, 0x00,
    0x00, 0x00, 0x00, 0x00, 0x00, 0x00, 0x00, 0x00, 0x00,
    0x00, 0x00, 0x00, 0x00, 0x00, 0x00, 0x00, 0x00, 0x00,
    0x00, 0x00, 0x00, 0x00, 0x00, 0x00, 0x00, 0x00, 0x00,
    0x00, 0x00, 0x00, 0x00, 0x00, 0x00, 0x00, 0x00, 0x00,
    0x00, 0x00, 0x00, 0x00, 0x00, 0x00, 0x00, 0x00, 0x00,
    0x00, 0x00, 0x00, 0x00, 0x00, 0x00, 0x00, 0x00, 0x00,
    0x00, 0x00, 0x00, 0x00, 0x00, 0x00, 0x00, 0x00, 0x00,
    0x00, 0x00, 0x01, 0xFF, 0xFF, 0xFF, 0xE0, 0x00, 0x00,
    0x00, 0x00, 0x03, 0xFF, 0xFF, 0xFF, 0xE0, 0x00, 0x00,
    0x00, 0x00, 0x07, 0xFF, 0xFF, 0xFF, 0xE0, 0x00, 0x00,
    0x00, 0x00, 0x07, 0xFF, 0xFF, 0xFF, 0xE0, 0x00, 0x00,
    0x00, 0x00, 0x07, 0xFF, 0xFF, 0xFF, 0xE0, 0x00, 0x00,
    0x00, 0x00, 0x07, 0xFF, 0xFF, 0xFF, 0xE0, 0x00, 0x00,
    0x00, 0x00, 0x07, 0xFF, 0xFF, 0xFF, 0xE0, 0x00, 0x00,
    0x00, 0x00, 0x07, 0xFF, 0xFF, 0xFF, 0xE0, 0x00, 0x00,
    0x00, 0x00, 0x00, 0x00, 0x00, 0x00, 0x00, 0x00, 0x00,
    0x00, 0x00, 0x00, 0x00, 0x00, 0x00, 0x00, 0x00, 0x00,
    0x00, 0x00, 0x00, 0x00, 0x00, 0x00, 0x00, 0x00, 0x00,
    0x00, 0x00, 0x00, 0x00, 0x00, 0x00, 0x00, 0x00, 0x00,
    0x00, 0x00, 0x00, 0x00, 0x00, 0x00, 0x00, 0x00, 0x00,
    0x00, 0x00, 0x00, 0x00, 0x00, 0x00, 0x00, 0x00, 0x00,
    0x00, 0x00, 0x00, 0x00, 0x00, 0x00, 0x00, 0x00, 0x00,
    0x00, 0x00, 0x00, 0x00, 0x00, 0x00, 0x00, 0x00, 0x00,
    0x00, 0x00, 0x00, 0x00, 0x00, 0x00, 0x00, 0x00, 0x00,
    0x00, 0x00, 0x00, 0x00, 0x00, 0x00, 0x00, 0x00, 0x00,
    0x00, 0x00, 0x00, 0x00, 0x00, 0x00, 0x00, 0x00, 0x00,
    0x00, 0x00, 0x00, 0x00, 0x00, 0x00, 0x00, 0x00, 0x00,
    0x00, 0x00, 0x00, 0x00, 0x00, 0x00, 0x00, 0x00, 0x00,
    0x00, 0x00, 0x00, 0x00, 0x00, 0x00, 0x00, 0x00, 0x00,
    0x00, 0x00, 0x00, 0x00, 0x00, 0x00, 0x00, 0x00, 0x00,
    0x00, 0x00, 0x00, 0x00, 0x00, 0x00, 0x00, 0x00, 0x00,
    0x00, 0x00, 0x00, 0x00, 0x00, 0x00, 0x00, 0x00, 0x00,
    0x00, 0x00, 0x00, 0x00, 0x00, 0x00, 0x00, 0x00, 0x00,
    0x00, 0x00, 0x00, 0x00, 0x00, 0x00, 0x00, 0x00, 0x00,
    0x00, 0x00, 0x00, 0x00, 0x00, 0x00, 0x00, 0x00, 0x00,
    0x00, 0x00, 0x00, 0x00, 0x00, 0x00, 0x00, 0x00, 0x00,
    0x00, 0x00, 0x00, 0x00, 0x00, 0x00, 0x00, 0x00, 0x00,
    0x00, 0x00, 0x00, 0x00, 0x00, 0x00, 0x00, 0x00, 0x00,
    0x00, 0x00, 0x00, 0x00, 0x00, 0x00, 0x00, 0x00, 0x00,
    0x00, 0x00, 0x00, 0x00, 0x00, 0x00, 0x00, 0x00, 0x00,
    0x00, 0x00, 0x00, 0x00, 0x00, 0x00, 0x00, 0x00, 0x00,
    0x00, 0x00, 0x00, 0x00, 0x00, 0x00, 0x00, 0x00, 0x00,
    0x00, 0x00, 0x00, 0x00, 0x00, 0x00, 0x00, 0x00, 0x00,
    0x00, 0x00, 0x00, 0x00, 0x00, 0x00, 0x00, 0x00, 0x00,
    0x00, 0x00, 0x00, 0x00, 0x00, 0x00, 0x00, 0x00, 0x00,
    0x00, 0x00, 0x00, 0x00, 0x00, 0x00, 0x00, 0x00, 0x00,
    0x00, 0x00, 0x00, 0x00, 0x00, 0x00, 0x00, 0x00, 0x00,
    0x00, 0x00, 0x00, 0x00, 0x00, 0x00, 0x00, 0x00, 0x00,
    0x00, 0x00, 0x00, 0x00, 0x00, 0x00, 0x00, 0x00, 0x00,
    0x00, 0x00, 0x00, 0x00, 0x00, 0x00, 0x00, 0x00, 0x00,
    0x00, 0x00, 0x00, 0x00, 0x00, 0x00, 0x00, 0x00, 0x00,
    0x00, 0x00, 0x00, 0x00, 0x00, 0x00, 0x00, 0x00, 0x00,
    0x00, 0x00, 0x00, 0x00, 0x00, 0x00, 0x00, 0x00, 0x00,
    0x00, 0x00, 0x00, 0x00, 0x00, 0x00, 0x00, 0x00, 0x00,
    0x00, 0x00, 0x00, 0x00, 0x00, 0x00, 0x00, 0x00, 0x00,
    0x00, 0x00, 0x00, 0x00, 0x00, 0x00, 0x00, 0x00, 0x00,
    0x00, 0x00, 0x00, 0x00, 0x00, 0x00, 0x00, 0x00, 0x00,
    0x00, 0x00, 0x00, 0x00, 0x00, 0x00, 0x00, 0x00, 0x00,
};

// 字符: '=' (0x003D)
const uint8_t saiba_72_char_003D[648] = {
    0x00, 0x00, 0x00, 0x00, 0x00, 0x00, 0x00, 0x00, 0x00,
    0x00, 0x00, 0x00, 0x00, 0x00, 0x00, 0x00, 0x00, 0x00,
    0x00, 0x00, 0x00, 0x00, 0x00, 0x00, 0x00, 0x00, 0x00,
    0x00, 0x00, 0x00, 0x00, 0x00, 0x00, 0x00, 0x00, 0x00,
    0x00, 0x00, 0x00, 0x00, 0x00, 0x00, 0x00, 0x00, 0x00,
    0x00, 0x00, 0x00, 0x00, 0x00, 0x00, 0x00, 0x00, 0x00,
    0x00, 0x00, 0x00, 0x00, 0x00, 0x00, 0x00, 0x00, 0x00,
    0x00, 0x00, 0x00, 0x00, 0x00, 0x00, 0x00, 0x00, 0x00,
    0x00, 0x00, 0x00, 0x00, 0x00, 0x00, 0x00, 0x00, 0x00,
    0x00, 0x00, 0x00, 0x00, 0x00, 0x00, 0x00, 0x00, 0x00,
    0x00, 0x00, 0x00, 0x00, 0x00, 0x00, 0x00, 0x00, 0x00,
    0x00, 0x00, 0x00, 0x00, 0x00, 0x00, 0x00, 0x00, 0x00,
    0x00, 0x00, 0x00, 0x00, 0x00, 0x00, 0x00, 0x00, 0x00,
    0x00, 0x00, 0x00, 0x00, 0x00, 0x00, 0x00, 0x00, 0x00,
    0x00, 0x00, 0x00, 0x00, 0x00, 0x00, 0x00, 0x00, 0x00,
    0x00, 0x00, 0x01, 0xFF, 0xFF, 0xFF, 0xE0, 0x00, 0x00,
    0x00, 0x00, 0x03, 0xFF, 0xFF, 0xFF, 0xE0, 0x00, 0x00,
    0x00, 0x00, 0x07, 0xFF, 0xFF, 0xFF, 0xE0, 0x00, 0x00,
    0x00, 0x00, 0x07, 0xFF, 0xFF, 0xFF, 0xE0, 0x00, 0x00,
    0x00, 0x00, 0x07, 0xFF, 0xFF, 0xFF, 0xE0, 0x00, 0x00,
    0x00, 0x00, 0x07, 0xFF, 0xFF, 0xFF, 0xE0, 0x00, 0x00,
    0x00, 0x00, 0x07, 0xFF, 0xFF, 0xFF, 0xE0, 0x00, 0x00,
    0x00, 0x00, 0x07, 0xFF, 0xFF, 0xFF, 0xE0, 0x00, 0x00,
    0x00, 0x00, 0x07, 0xFF, 0xFF, 0xFF, 0xE0, 0x00, 0x00,
    0x00, 0x00, 0x00, 0x00, 0x00, 0x00, 0x00, 0x00, 0x00,
    0x00, 0x00, 0x00, 0x00, 0x00, 0x00, 0x00, 0x00, 0x00,
    0x00, 0x00, 0x00, 0x00, 0x00, 0x00, 0x00, 0x00, 0x00,
    0x00, 0x00, 0x00, 0x00, 0x00, 0x00, 0x00, 0x00, 0x00,
    0x00, 0x00, 0x00, 0x00, 0x00, 0x00, 0x00, 0x00, 0x00,
    0x00, 0x00, 0x00, 0x00, 0x00, 0x00, 0x00, 0x00, 0x00,
    0x00, 0x00, 0x00, 0x00, 0x00, 0x00, 0x00, 0x00, 0x00,
    0x00, 0x00, 0x00, 0x00, 0x00, 0x00, 0x00, 0x00, 0x00,
    0x00, 0x00, 0x07, 0xFF, 0xFF, 0xFF, 0xE0, 0x00, 0x00,
    0x00, 0x00, 0x07, 0xFF, 0xFF, 0xFF, 0xE0, 0x00, 0x00,
    0x00, 0x00, 0x07, 0xFF, 0xFF, 0xFF, 0xE0, 0x00, 0x00,
    0x00, 0x00, 0x07, 0xFF, 0xFF, 0xFF, 0xE0, 0x00, 0x00,
    0x00, 0x00, 0x07, 0xFF, 0xFF, 0xFF, 0xE0, 0x00, 0x00,
    0x00, 0x00, 0x07, 0xFF, 0xFF, 0xFF, 0xE0, 0x00, 0x00,
    0x00, 0x00, 0x07, 0xFF, 0xFF, 0xFF, 0xC0, 0x00, 0x00,
    0x00, 0x00, 0x07, 0xFF, 0xFF, 0xFF, 0x80, 0x00, 0x00,
    0x00, 0x00, 0x07, 0xFF, 0xFF, 0xFF, 0x00, 0x00, 0x00,
    0x00, 0x00, 0x00, 0x00, 0x00, 0x00, 0x00, 0x00, 0x00,
    0x00, 0x00, 0x00, 0x00, 0x00, 0x00, 0x00, 0x00, 0x00,
    0x00, 0x00, 0x00, 0x00, 0x00, 0x00, 0x00, 0x00, 0x00,
    0x00, 0x00, 0x00, 0x00, 0x00, 0x00, 0x00, 0x00, 0x00,
    0x00, 0x00, 0x00, 0x00, 0x00, 0x00, 0x00, 0x00, 0x00,
    0x00, 0x00, 0x00, 0x00, 0x00, 0x00, 0x00, 0x00, 0x00,
    0x00, 0x00, 0x00, 0x00, 0x00, 0x00, 0x00, 0x00, 0x00,
    0x00, 0x00, 0x00, 0x00, 0x00, 0x00, 0x00, 0x00, 0x00,
    0x00, 0x00, 0x00, 0x00, 0x00, 0x00, 0x00, 0x00, 0x00,
    0x00, 0x00, 0x00, 0x00, 0x00, 0x00, 0x00, 0x00, 0x00,
    0x00, 0x00, 0x00, 0x00, 0x00, 0x00, 0x00, 0x00, 0x00,
    0x00, 0x00, 0x00, 0x00, 0x00, 0x00, 0x00, 0x00, 0x00,
    0x00, 0x00, 0x00, 0x00, 0x00, 0x00, 0x00, 0x00, 0x00,
    0x00, 0x00, 0x00, 0x00, 0x00, 0x00, 0x00, 0x00, 0x00,
    0x00, 0x00, 0x00, 0x00, 0x00, 0x00, 0x00, 0x00, 0x00,
    0x00, 0x00, 0x00, 0x00, 0x00, 0x00, 0x00, 0x00, 0x00,
    0x00, 0x00, 0x00, 0x00, 0x00, 0x00, 0x00, 0x00, 0x00,
    0x00, 0x00, 0x00, 0x00, 0x00, 0x00, 0x00, 0x00, 0x00,
    0x00, 0x00, 0x00, 0x00, 0x00, 0x00, 0x00, 0x00, 0x00,
    0x00, 0x00, 0x00, 0x00, 0x00, 0x00, 0x00, 0x00, 0x00,
    0x00, 0x00, 0x00, 0x00, 0x00, 0x00, 0x00, 0x00, 0x00,
    0x00, 0x00, 0x00, 0x00, 0x00, 0x00, 0x00, 0x00, 0x00,
    0x00, 0x00, 0x00, 0x00, 0x00, 0x00, 0x00, 0x00, 0x00,
    0x00, 0x00, 0x00, 0x00, 0x00, 0x00, 0x00, 0x00, 0x00,
    0x00, 0x00, 0x00, 0x00, 0x00, 0x00, 0x00, 0x00, 0x00,
    0x00, 0x00, 0x00, 0x00, 0x00, 0x00, 0x00, 0x00, 0x00,
    0x00, 0x00, 0x00, 0x00, 0x00, 0x00, 0x00, 0x00, 0x00,
    0x00, 0x00, 0x00, 0x00, 0x00, 0x00, 0x00, 0x00, 0x00,
    0x00, 0x00, 0x00, 0x00, 0x00, 0x00, 0x00, 0x00, 0x00,
    0x00, 0x00, 0x00, 0x00, 0x00, 0x00, 0x00, 0x00, 0x00,
    0x00, 0x00, 0x00, 0x00, 0x00, 0x00, 0x00, 0x00, 0x00,
};

// 字符: '+' (0x002B)
const uint8_t saiba_72_char_002B[648] = {
    0x00, 0x00, 0x00, 0x00, 0x00, 0x00, 0x00, 0x00, 0x00,
    0x00, 0x00, 0x00, 0x00, 0x00, 0x00, 0x00, 0x00, 0x00,
    0x00, 0x00, 0x00, 0x00, 0x00, 0x00, 0x00, 0x00, 0x00,
    0x00, 0x00, 0x00, 0x00, 0x00, 0x00, 0x00, 0x00, 0x00,
    0x00, 0x00, 0x00, 0x00, 0x00, 0x00, 0x00, 0x00, 0x00,
    0x00, 0x00, 0x00, 0x00, 0x00, 0x00, 0x00, 0x00, 0x00,
    0x00, 0x00, 0x00, 0x00, 0x00, 0x00, 0x00, 0x00, 0x00,
    0x00, 0x00, 0x00, 0x00, 0x00, 0x00, 0x00, 0x00, 0x00,
    0x00, 0x00, 0x00, 0x00, 0x00, 0x00, 0x00, 0x00, 0x00,
    0x00, 0x00, 0x00, 0x00, 0x00, 0x00, 0x00, 0x00, 0x00,
    0x00, 0x00, 0x00, 0x00, 0x00, 0x00, 0x00, 0x00, 0x00,
    0x00, 0x00, 0x00, 0x00, 0x00, 0x00, 0x00, 0x00, 0x00,
    0x00, 0x00, 0x00, 0x01, 0xFF, 0x00, 0x00, 0x00, 0x00,
    0x00, 0x00, 0x00, 0x01, 0xFF, 0x00, 0x00, 0x00, 0x00,
    0x00, 0x00, 0x00, 0x01, 0xFF, 0x00, 0x00, 0x00, 0x00,
    0x00, 0x00, 0x00, 0x01, 0xFF, 0x00, 0x00, 0x00, 0x00,
    0x00, 0x00, 0x00, 0x01, 0xFF, 0x00, 0x00, 0x00, 0x00,
    0x00, 0x00, 0x00, 0x01, 0xFF, 0x00, 0x00, 0x00, 0x00,
    0x00, 0x00, 0x00, 0x01, 0xFF, 0x00, 0x00, 0x00, 0x00,
    0x00, 0x00, 0x00, 0x01, 0xFF, 0x00, 0x00, 0x00, 0x00,
    0x00, 0x00, 0x00, 0x01, 0xFF, 0x00, 0x00, 0x00, 0x00,
    0x00, 0x00, 0x00, 0x01, 0xFF, 0x00, 0x00, 0x00, 0x00,
    0x00, 0x00, 0x00, 0x01, 0xFF, 0x00, 0x00, 0x00, 0x00,
    0x00, 0x00, 0x00, 0x01, 0xFF, 0x00, 0x00, 0x00, 0x00,
    0x00, 0x00, 0x00, 0x01, 0xFF, 0x00, 0x00, 0x00, 0x00,
    0x00, 0x00, 0x00, 0x01, 0xFF, 0x00, 0x00, 0x00, 0x00,
    0x00, 0x00, 0x00, 0x01, 0xFF, 0x00, 0x00, 0x00, 0x00,
    0x00, 0x00, 0x00, 0x01, 0xFF, 0x00, 0x00, 0x00, 0x00,
    0x00, 0x00, 0x00, 0x01, 0xFF, 0x00, 0x00, 0x00, 0x00,
    0x00, 0x00, 0x7F, 0xFF, 0xFF, 0xFF, 0xFF, 0x00, 0x00,
    0x00, 0x00, 0xFF, 0xFF, 0xFF, 0xFF, 0xFF, 0x00, 0x00,
    0x00, 0x01, 0xFF, 0xFF, 0xFF, 0xFF, 0xFF, 0x00, 0x00,
    0x00, 0x01, 0xFF, 0xFF, 0xFF, 0xFF, 0xFF, 0x00, 0x00,
    0x00, 0x01, 0xFF, 0xFF, 0xFF, 0xFF, 0xFF, 0x00, 0x00,
    0x00, 0x01, 0xFF, 0xFF, 0xFF, 0xFF, 0xFF, 0x00, 0x00,
    0x00, 0x01, 0xFF, 0xFF, 0xFF, 0xFF, 0xFF, 0x00, 0x00,
    0x00, 0x01, 0xFF, 0xFF, 0xFF, 0xFF, 0xFF, 0x00, 0x00,
    0x00, 0x00, 0x00, 0x01, 0xFF, 0x00, 0x00, 0x00, 0x00,
    0x00, 0x00, 0x00, 0x01, 0xFF, 0x00, 0x00, 0x00, 0x00,
    0x00, 0x00, 0x00, 0x01, 0xFF, 0x00, 0x00, 0x00, 0x00,
    0x00, 0x00, 0x00, 0x01, 0xFF, 0x00, 0x00, 0x00, 0x00,
    0x00, 0x00, 0x00, 0x01, 0xFF, 0x00, 0x00, 0x00, 0x00,
    0x00, 0x00, 0x00, 0x01, 0xFF, 0x00, 0x00, 0x00, 0x00,
    0x00, 0x00, 0x00, 0x01, 0xFF, 0x00, 0x00, 0x00, 0x00,
    0x00, 0x00, 0x00, 0x01, 0xFF, 0x00, 0x00, 0x00, 0x00,
    0x00, 0x00, 0x00, 0x01, 0xFF, 0x00, 0x00, 0x00, 0x00,
    0x00, 0x00, 0x00, 0x01, 0xFF, 0x00, 0x00, 0x00, 0x00,
    0x00, 0x00, 0x00, 0x01, 0xFF, 0x00, 0x00, 0x00, 0x00,
    0x00, 0x00, 0x00, 0x01, 0xFF, 0x00, 0x00, 0x00, 0x00,
    0x00, 0x00, 0x00, 0x01, 0xFF, 0x00, 0x00, 0x00, 0x00,
    0x00, 0x00, 0x00, 0x01, 0xFF, 0x00, 0x00, 0x00, 0x00,
    0x00, 0x00, 0x00, 0x00, 0xFF, 0x00, 0x00, 0x00, 0x00,
    0x00, 0x00, 0x00, 0x00, 0x7F, 0x00, 0x00, 0x00, 0x00,
    0x00, 0x00, 0x00, 0x00, 0x3F, 0x00, 0x00, 0x00, 0x00,
    0x00, 0x00, 0x00, 0x00, 0x00, 0x00, 0x00, 0x00, 0x00,
    0x00, 0x00, 0x00, 0x00, 0x00, 0x00, 0x00, 0x00, 0x00,
    0x00, 0x00, 0x00, 0x00, 0x00, 0x00, 0x00, 0x00, 0x00,
    0x00, 0x00, 0x00, 0x00, 0x00, 0x00, 0x00, 0x00, 0x00,
    0x00, 0x00, 0x00, 0x00, 0x00, 0x00, 0x00, 0x00, 0x00,
    0x00, 0x00, 0x00, 0x00, 0x00, 0x00, 0x00, 0x00, 0x00,
    0x00, 0x00, 0x00, 0x00, 0x00, 0x00, 0x00, 0x00, 0x00,
    0x00, 0x00, 0x00, 0x00, 0x00, 0x00, 0x00, 0x00, 0x00,
    0x00, 0x00, 0x00, 0x00, 0x00, 0x00, 0x00, 0x00, 0x00,
    0x00, 0x00, 0x00, 0x00, 0x00, 0x00, 0x00, 0x00, 0x00,
    0x00, 0x00, 0x00, 0x00, 0x00, 0x00, 0x00, 0x00, 0x00,
    0x00, 0x00, 0x00, 0x00, 0x00, 0x00, 0x00, 0x00, 0x00,
    0x00, 0x00, 0x00, 0x00, 0x00, 0x00, 0x00, 0x00, 0x00,
    0x00, 0x00, 0x00, 0x00, 0x00, 0x00, 0x00, 0x00, 0x00,
    0x00, 0x00, 0x00, 0x00, 0x00, 0x00, 0x00, 0x00, 0x00,
    0x00, 0x00, 0x00, 0x00, 0x00, 0x00, 0x00, 0x00, 0x00,
    0x00, 0x00, 0x00, 0x00, 0x00, 0x00, 0x00, 0x00, 0x00,
    0x00, 0x00, 0x00, 0x00, 0x00, 0x00, 0x00, 0x00, 0x00,
};

// 字符: '_' (0x005F)
const uint8_t saiba_72_char_005F[648] = {
    0x00, 0x00, 0x00, 0x00, 0x00, 0x00, 0x00, 0x00, 0x00,
    0x00, 0x00, 0x00, 0x00, 0x00, 0x00, 0x00, 0x00, 0x00,
    0x00, 0x00, 0x00, 0x00, 0x00, 0x00, 0x00, 0x00, 0x00,
    0x00, 0x00, 0x00, 0x00, 0x00, 0x00, 0x00, 0x00, 0x00,
    0x00, 0x00, 0x00, 0x00, 0x00, 0x00, 0x00, 0x00, 0x00,
    0x00, 0x00, 0x00, 0x00, 0x00, 0x00, 0x00, 0x00, 0x00,
    0x00, 0x00, 0x00, 0x00, 0x00, 0x00, 0x00, 0x00, 0x00,
    0x00, 0x00, 0x00, 0x00, 0x00, 0x00, 0x00, 0x00, 0x00,
    0x00, 0x00, 0x00, 0x00, 0x00, 0x00, 0x00, 0x00, 0x00,
    0x00, 0x00, 0x00, 0x00, 0x00, 0x00, 0x00, 0x00, 0x00,
    0x00, 0x00, 0x00, 0x00, 0x00, 0x00, 0x00, 0x00, 0x00,
    0x00, 0x00, 0x00, 0x00, 0x00, 0x00, 0x00, 0x00, 0x00,
    0x00, 0x00, 0x00, 0x00, 0x00, 0x00, 0x00, 0x00, 0x00,
    0x00, 0x00, 0x00, 0x00, 0x00, 0x00, 0x00, 0x00, 0x00,
    0x00, 0x00, 0x00, 0x00, 0x00, 0x00, 0x00, 0x00, 0x00,
    0x00, 0x00, 0x00, 0x00, 0x00, 0x00, 0x00, 0x00, 0x00,
    0x00, 0x00, 0x00, 0x00, 0x00, 0x00, 0x00, 0x00, 0x00,
    0x00, 0x00, 0x00, 0x00, 0x00, 0x00, 0x00, 0x00, 0x00,
    0x00, 0x00, 0x00, 0x00, 0x00, 0x00, 0x00, 0x00, 0x00,
    0x00, 0x00, 0x00, 0x00, 0x00, 0x00, 0x00, 0x00, 0x00,
    0x00, 0x00, 0x00, 0x00, 0x00, 0x00, 0x00, 0x00, 0x00,
    0x00, 0x00, 0x00, 0x00, 0x00, 0x00, 0x00, 0x00, 0x00,
    0x00, 0x00, 0x00, 0x00, 0x00, 0x00, 0x00, 0x00, 0x00,
    0x00, 0x00, 0x00, 0x00, 0x00, 0x00, 0x00, 0x00, 0x00,
    0x00, 0x00, 0x00, 0x00, 0x00, 0x00, 0x00, 0x00, 0x00,
    0x00, 0x00, 0x00, 0x00, 0x00, 0x00, 0x00, 0x00, 0x00,
    0x00, 0x00, 0x00, 0x00, 0x00, 0x00, 0x00, 0x00, 0x00,
    0x00, 0x00, 0x00, 0x00, 0x00, 0x00, 0x00, 0x00, 0x00,
    0x00, 0x00, 0x00, 0x00, 0x00, 0x00, 0x00, 0x00, 0x00,
    0x00, 0x00, 0x00, 0x00, 0x00, 0x00, 0x00, 0x00, 0x00,
    0x00, 0x00, 0x00, 0x00, 0x00, 0x00, 0x00, 0x00, 0x00,
    0x00, 0x00, 0x3F, 0xFF, 0xFF, 0xFF, 0xFF, 0x00, 0x00,
    0x00, 0x00, 0x7F, 0xFF, 0xFF, 0xFF, 0xFF, 0x00, 0x00,
    0x00, 0x00, 0xFF, 0xFF, 0xFF, 0xFF, 0xFF, 0x00, 0x00,
    0x00, 0x01, 0xFF, 0xFF, 0xFF, 0xFF, 0xFF, 0x00, 0x00,
    0x00, 0x01, 0xFF, 0xFF, 0xFF, 0xFF, 0xFF, 0x00, 0x00,
    0x00, 0x01, 0xFF, 0xFF, 0xFF, 0xFF, 0xFF, 0x00, 0x00,
    0x00, 0x01, 0xFF, 0xFF, 0xFF, 0xFF, 0xFF, 0x00, 0x00,
    0x00, 0x01, 0xFF, 0xFF, 0xFF, 0xFF, 0xFF, 0x00, 0x00,
    0x00, 0x01, 0xFF, 0xFF, 0xFF, 0xFF, 0xFF, 0x00, 0x00,
    0x00, 0x00, 0x00, 0x00, 0x00, 0x00, 0x00, 0x00, 0x00,
    0x00, 0x00, 0x00, 0x00, 0x00, 0x00, 0x00, 0x00, 0x00,
    0x00, 0x00, 0x00, 0x00, 0x00, 0x00, 0x00, 0x00, 0x00,
    0x00, 0x00, 0x00, 0x00, 0x00, 0x00, 0x00, 0x00, 0x00,
    0x00, 0x00, 0x00, 0x00, 0x00, 0x00, 0x00, 0x00, 0x00,
    0x00, 0x00, 0x00, 0x00, 0x00, 0x00, 0x00, 0x00, 0x00,
    0x00, 0x00, 0x00, 0x00, 0x00, 0x00, 0x00, 0x00, 0x00,
    0x00, 0x00, 0x00, 0x00, 0x00, 0x00, 0x00, 0x00, 0x00,
    0x00, 0x00, 0x00, 0x00, 0x00, 0x00, 0x00, 0x00, 0x00,
    0x00, 0x00, 0x00, 0x00, 0x00, 0x00, 0x00, 0x00, 0x00,
    0x00, 0x00, 0x00, 0x00, 0x00, 0x00, 0x00, 0x00, 0x00,
    0x00, 0x00, 0x00, 0x00, 0x00, 0x00, 0x00, 0x00, 0x00,
    0x00, 0x00, 0x00, 0x00, 0x00, 0x00, 0x00, 0x00, 0x00,
    0x00, 0x00, 0x00, 0x00, 0x00, 0x00, 0x00, 0x00, 0x00,
    0x00, 0x00, 0x00, 0x00, 0x00, 0x00, 0x00, 0x00, 0x00,
    0x00, 0x00, 0x00, 0x00, 0x00, 0x00, 0x00, 0x00, 0x00,
    0x00, 0x00, 0x00, 0x00, 0x00, 0x00, 0x00, 0x00, 0x00,
    0x00, 0x00, 0x00, 0x00, 0x00, 0x00, 0x00, 0x00, 0x00,
    0x00, 0x00, 0x00, 0x00, 0x00, 0x00, 0x00, 0x00, 0x00,
    0x00, 0x00, 0x00, 0x00, 0x00, 0x00, 0x00, 0x00, 0x00,
    0x00, 0x00, 0x00, 0x00, 0x00, 0x00, 0x00, 0x00, 0x00,
    0x00, 0x00, 0x00, 0x00, 0x00, 0x00, 0x00, 0x00, 0x00,
    0x00, 0x00, 0x00, 0x00, 0x00, 0x00, 0x00, 0x00, 0x00,
    0x00, 0x00, 0x00, 0x00, 0x00, 0x00, 0x00, 0x00, 0x00,
    0x00, 0x00, 0x00, 0x00, 0x00, 0x00, 0x00, 0x00, 0x00,
    0x00, 0x00, 0x00, 0x00, 0x00, 0x00, 0x00, 0x00, 0x00,
    0x00, 0x00, 0x00, 0x00, 0x00, 0x00, 0x00, 0x00, 0x00,
    0x00, 0x00, 0x00, 0x00, 0x00, 0x00, 0x00, 0x00, 0x00,
    0x00, 0x00, 0x00, 0x00, 0x00, 0x00, 0x00, 0x00, 0x00,
    0x00, 0x00, 0x00, 0x00, 0x00, 0x00, 0x00, 0x00, 0x00,
    0x00, 0x00, 0x00, 0x00, 0x00, 0x00, 0x00, 0x00, 0x00,
    0x00, 0x00, 0x00, 0x00, 0x00, 0x00, 0x00, 0x00, 0x00,
};

// 字符: '%' (0x0025)
const uint8_t saiba_72_char_0025[648] = {
    0x00, 0x00, 0x00, 0x00, 0x00, 0x00, 0x00, 0x00, 0x00,
    0x00, 0x00, 0x00, 0x00, 0x00, 0x00, 0x00, 0x00, 0x00,
    0x00, 0x00, 0x00, 0x00, 0x00, 0x00, 0x00, 0x00, 0x00,
    0x00, 0x00, 0x00, 0x00, 0x00, 0x00, 0x00, 0x00, 0x00,
    0x00, 0x00, 0x00, 0x00, 0x00, 0x00, 0x00, 0x00, 0x00,
    0x00, 0x00, 0x00, 0x00, 0x00, 0x00, 0x00, 0x00, 0x00,
    0x00, 0x00, 0x00, 0x00, 0x00, 0x00, 0x00, 0x00, 0x00,
    0x00, 0x00, 0x00, 0x00, 0x00, 0x00, 0x00, 0x00, 0x00,
    0x00, 0x00, 0x00, 0x00, 0x00, 0x00, 0x00, 0x00, 0x00,
    0x00, 0x00, 0x00, 0x00, 0x00, 0x00, 0x00, 0xC0, 0x00,
    0x00, 0x0F, 0xFF, 0xF8, 0x00, 0x00, 0x01, 0xE0, 0x00,
    0x00, 0x1F, 0xFF, 0xFC, 0x00, 0x00, 0x03, 0xF0, 0x00,
    0x00, 0x3F, 0xFF, 0xFE, 0x00, 0x00, 0x07, 0xF8, 0x00,
    0x00, 0x3F, 0xFF, 0xFF, 0x00, 0x00, 0x0F, 0xF8, 0x00,
    0x00, 0x3F, 0xFF, 0xFF, 0x00, 0x00, 0x1F, 0xF8, 0x00,
    0x00, 0x3F, 0xFF, 0xFF, 0x00, 0x00, 0x3F, 0xF8, 0x00,
    0x00, 0x3F, 0xFF, 0xFF, 0x00, 0x00, 0x7F, 0xF8, 0x00,
    0x00, 0x3F, 0xFF, 0xFF, 0x00, 0x00, 0xFF, 0xF0, 0x00,
    0x00, 0x3F, 0xFF, 0xFF, 0x00, 0x01, 0xFF, 0xE0, 0x00,
    0x00, 0x3F, 0xC1, 0xFF, 0x00, 0x03, 0xFF, 0xC0, 0x00,
    0x00, 0x3F, 0xC1, 0xFF, 0x00, 0x07, 0xFF, 0x80, 0x00,
    0x00, 0x3F, 0xC1, 0xFF, 0x00, 0x0F, 0xFF, 0x00, 0x00,
    0x00, 0x3F, 0xC1, 0xFF, 0x00, 0x1F, 0xFE, 0x00, 0x00,
    0x00, 0x3F, 0xC1, 0xFF, 0x00, 0x3F, 0xFC, 0x00, 0x00,
    0x00, 0x3F, 0xFF, 0xFF, 0x00, 0x7F, 0xF8, 0x00, 0x00,
    0x00, 0x3F, 0xFF, 0xFF, 0x00, 0xFF, 0xF0, 0x00, 0x00,
    0x00, 0x3F, 0xFF, 0xFF, 0x01, 0xFF, 0xE0, 0x00, 0x00,
    0x00, 0x3F, 0xFF, 0xFF, 0x03, 0xFF, 0xC0, 0x00, 0x00,
    0x00, 0x3F, 0xFF, 0xFF, 0x07, 0xFF, 0x80, 0x00, 0x00,
    0x00, 0x3F, 0xFF, 0xFF, 0x0F, 0xFF, 0x00, 0x00, 0x00,
    0x00, 0x3F, 0xFF, 0xFE, 0x1F, 0xFE, 0x00, 0x00, 0x00,
    0x00, 0x1F, 0xFF, 0xFC, 0x3F, 0xFC, 0x00, 0x00, 0x00,
    0x00, 0x0F, 0xFF, 0xF8, 0x7F, 0xF8, 0x00, 0x00, 0x00,
    0x00, 0x00, 0x00, 0x00, 0xFF, 0xF0, 0x00, 0x00, 0x00,
    0x00, 0x00, 0x00, 0x01, 0xFF, 0xE0, 0x00, 0x00, 0x00,
    0x00, 0x00, 0x00, 0x03, 0xFF, 0xC0, 0x00, 0x00, 0x00,
    0x00, 0x00, 0x00, 0x07, 0xFF, 0x80, 0x00, 0x00, 0x00,
    0x00, 0x00, 0x00, 0x0F, 0xFF, 0x00, 0x00, 0x00, 0x00,
    0x00, 0x00, 0x00, 0x1F, 0xFE, 0x1F, 0xFF, 0xF0, 0x00,
    0x00, 0x00, 0x00, 0x3F, 0xFC, 0x3F, 0xFF, 0xF8, 0x00,
    0x00, 0x00, 0x00, 0x7F, 0xF8, 0x7F, 0xFF, 0xFC, 0x00,
    0x00, 0x00, 0x00, 0xFF, 0xF0, 0xFF, 0xFF, 0xFC, 0x00,
    0x00, 0x00, 0x01, 0xFF, 0xE0, 0xFF, 0xFF, 0xFC, 0x00,
    0x00, 0x00, 0x03, 0xFF, 0xC0, 0xFF, 0xFF, 0xFC, 0x00,
    0x00, 0x00, 0x07, 0xFF, 0x80, 0xFF, 0xFF, 0xFC, 0x00,
    0x00, 0x00, 0x0F, 0xFF, 0x00, 0xFF, 0xFF, 0xFC, 0x00,
    0x00, 0x00, 0x1F, 0xFE, 0x00, 0xFF, 0x83, 0xFC, 0x00,
    0x00, 0x00, 0x3F, 0xFC, 0x00, 0xFF, 0x83, 0xFC, 0x00,
    0x00, 0x00, 0x7F, 0xF8, 0x00, 0xFF, 0x83, 0xFC, 0x00,
    0x00, 0x00, 0xFF, 0xF0, 0x00, 0xFF, 0x83, 0xFC, 0x00,
    0x00, 0x01, 0xFF, 0xE0, 0x00, 0xFF, 0x83, 0xFC, 0x00,
    0x00, 0x03, 0xFF, 0xC0, 0x00, 0xFF, 0x83, 0xFC, 0x00,
    0x00, 0x07, 0xFF, 0x80, 0x00, 0xFF, 0xFF, 0xFC, 0x00,
    0x00, 0x0F, 0xFF, 0x00, 0x00, 0xFF, 0xFF, 0xFC, 0x00,
    0x00, 0x1F, 0xFE, 0x00, 0x00, 0xFF, 0xFF, 0xFC, 0x00,
    0x00, 0x1F, 0xFC, 0x00, 0x00, 0xFF, 0xFF, 0xFC, 0x00,
    0x00, 0x1F, 0xF8, 0x00, 0x00, 0xFF, 0xFF, 0xFC, 0x00,
    0x00, 0x1F, 0xF0, 0x00, 0x00, 0xFF, 0xFF, 0xFC, 0x00,
    0x00, 0x1F, 0xE0, 0x00, 0x00, 0x7F, 0xFF, 0xF8, 0x00,
    0x00, 0x0F, 0xC0, 0x00, 0x00, 0x3F, 0xFF, 0xF0, 0x00,
    0x00, 0x07, 0x80, 0x00, 0x00, 0x1F, 0xFF, 0xE0, 0x00,
    0x00, 0x03, 0x00, 0x00, 0x00, 0x00, 0x00, 0x00, 0x00,
    0x00, 0x00, 0x00, 0x00, 0x00, 0x00, 0x00, 0x00, 0x00,
    0x00, 0x00, 0x00, 0x00, 0x00, 0x00, 0x00, 0x00, 0x00,
    0x00, 0x00, 0x00, 0x00, 0x00, 0x00, 0x00, 0x00, 0x00,
    0x00, 0x00, 0x00, 0x00, 0x00, 0x00, 0x00, 0x00, 0x00,
    0x00, 0x00, 0x00, 0x00, 0x00, 0x00, 0x00, 0x00, 0x00,
    0x00, 0x00, 0x00, 0x00, 0x00, 0x00, 0x00, 0x00, 0x00,
    0x00, 0x00, 0x00, 0x00, 0x00, 0x00, 0x00, 0x00, 0x00,
    0x00, 0x00, 0x00, 0x00, 0x00, 0x00, 0x00, 0x00, 0x00,
    0x00, 0x00, 0x00, 0x00, 0x00, 0x00, 0x00, 0x00, 0x00,
    0x00, 0x00, 0x00, 0x00, 0x00, 0x00, 0x00, 0x00, 0x00,
};

// 字符: '*' (0x002A)
const uint8_t saiba_72_char_002A[648] = {
    0x00, 0x00, 0x00, 0x00, 0x00, 0x00, 0x00, 0x00, 0x00,
    0x00, 0x00, 0x00, 0x00, 0x00, 0x00, 0x00, 0x00, 0x00,
    0x00, 0x00, 0x00, 0x00, 0x00, 0x00, 0x00, 0x00, 0x00,
    0x00, 0x00, 0x00, 0x00, 0x00, 0x00, 0x00, 0x00, 0x00,
    0x00, 0x00, 0x00, 0x00, 0x00, 0x00, 0x00, 0x00, 0x00,
    0x00, 0x00, 0x00, 0x00, 0x00, 0x00, 0x00, 0x00, 0x00,
    0x00, 0x00, 0x00, 0x00, 0x00, 0x00, 0x00, 0x00, 0x00,
    0x00, 0x00, 0x00, 0x00, 0x00, 0x00, 0x00, 0x00, 0x00,
    0x00, 0x00, 0x00, 0x00, 0x00, 0x00, 0x00, 0x00, 0x00,
    0x00, 0x00, 0x00, 0x01, 0xF8, 0x00, 0x00, 0x00, 0x00,
    0x00, 0x00, 0x00, 0x01, 0xFC, 0x00, 0x00, 0x00, 0x00,
    0x00, 0x00, 0x00, 0x01, 0xFE, 0x00, 0x00, 0x00, 0x00,
    0x00, 0x00, 0x00, 0x01, 0xFF, 0x00, 0x00, 0x00, 0x00,
    0x00, 0x00, 0x00, 0x1D, 0xFF, 0x30, 0x00, 0x00, 0x00,
    0x00, 0x00, 0x00, 0x3F, 0xFF, 0x78, 0x00, 0x00, 0x00,
    0x00, 0x00, 0x00, 0x7F, 0xFF, 0xFC, 0x00, 0x00, 0x00,
    0x00, 0x00, 0x00, 0x7F, 0xFF, 0xFC, 0x00, 0x00, 0x00,
    0x00, 0x00, 0x00, 0x7F, 0xFF, 0xFC, 0x00, 0x00, 0x00,
    0x00, 0x00, 0x00, 0x7F, 0xFF, 0xFC, 0x00, 0x00, 0x00,
    0x00, 0x00, 0x00, 0x7F, 0xFF, 0xFC, 0x00, 0x00, 0x00,
    0x00, 0x00, 0x00, 0x7F, 0xFF, 0xFC, 0x00, 0x00, 0x00,
    0x00, 0x00, 0x00, 0x7F, 0xFF, 0xFC, 0x00, 0x00, 0x00,
    0x00, 0x00, 0x00, 0x3F, 0xFF, 0xF8, 0x00, 0x00, 0x00,
    0x00, 0x00, 0x00, 0x7F, 0xFF, 0xFC, 0x00, 0x00, 0x00,
    0x00, 0x00, 0x00, 0x7F, 0xFF, 0xFC, 0x00, 0x00, 0x00,
    0x00, 0x00, 0x00, 0x7F, 0xFF, 0xFC, 0x00, 0x00, 0x00,
    0x00, 0x00, 0x00, 0x7F, 0xFF, 0xFC, 0x00, 0x00, 0x00,
    0x00, 0x00, 0x00, 0x7F, 0xFF, 0xFC, 0x00, 0x00, 0x00,
    0x00, 0x00, 0x00, 0x7F, 0xFF, 0xFC, 0x00, 0x00, 0x00,
    0x00, 0x00, 0x00, 0x3F, 0xFF, 0xF8, 0x00, 0x00, 0x00,
    0x00, 0x00, 0x00, 0x1D, 0xFF, 0x70, 0x00, 0x00, 0x00,
    0x00, 0x00, 0x00, 0x01, 0xFF, 0x00, 0x00, 0x00, 0x00,
    0x00, 0x00, 0x00, 0x00, 0xFF, 0x00, 0x00, 0x00, 0x00,
    0x00, 0x00, 0x00, 0x00, 0x7F, 0x00, 0x00, 0x00, 0x00,
    0x00, 0x00, 0x00, 0x00, 0x7F, 0x00, 0x00, 0x00, 0x00,
    0x00, 0x00, 0x00, 0x00, 0x00, 0x00, 0x00, 0x00, 0x00,
    0x00, 0x00, 0x00, 0x00, 0x00, 0x00, 0x00, 0x00, 0x00,
    0x00, 0x00, 0x00, 0x00, 0x00, 0x00, 0x00, 0x00, 0x00,
    0x00, 0x00, 0x00, 0x00, 0x00, 0x00, 0x00, 0x00, 0x00,
    0x00, 0x00, 0x00, 0x00, 0x00, 0x00, 0x00, 0x00, 0x00,
    0x00, 0x00, 0x00, 0x00, 0x00, 0x00, 0x00, 0x00, 0x00,
    0x00, 0x00, 0x00, 0x00, 0x00, 0x00, 0x00, 0x00, 0x00,
    0x00, 0x00, 0x00, 0x00, 0x00, 0x00, 0x00, 0x00, 0x00,
    0x00, 0x00, 0x00, 0x00, 0x00, 0x00, 0x00, 0x00, 0x00,
    0x00, 0x00, 0x00, 0x00, 0x00, 0x00, 0x00, 0x00, 0x00,
    0x00, 0x00, 0x00, 0x00, 0x00, 0x00, 0x00, 0x00, 0x00,
    0x00, 0x00, 0x00, 0x00, 0x00, 0x00, 0x00, 0x00, 0x00,
    0x00, 0x00, 0x00, 0x00, 0x00, 0x00, 0x00, 0x00, 0x00,
    0x00, 0x00, 0x00, 0x00, 0x00, 0x00, 0x00, 0x00, 0x00,
    0x00, 0x00, 0x00, 0x00, 0x00, 0x00, 0x00, 0x00, 0x00,
    0x00, 0x00, 0x00, 0x00, 0x00, 0x00, 0x00, 0x00, 0x00,
    0x00, 0x00, 0x00, 0x00, 0x00, 0x00, 0x00, 0x00, 0x00,
    0x00, 0x00, 0x00, 0x00, 0x00, 0x00, 0x00, 0x00, 0x00,
    0x00, 0x00, 0x00, 0x00, 0x00, 0x00, 0x00, 0x00, 0x00,
    0x00, 0x00, 0x00, 0x00, 0x00, 0x00, 0x00, 0x00, 0x00,
    0x00, 0x00, 0x00, 0x00, 0x00, 0x00, 0x00, 0x00, 0x00,
    0x00, 0x00, 0x00, 0x00, 0x00, 0x00, 0x00, 0x00, 0x00,
    0x00, 0x00, 0x00, 0x00, 0x00, 0x00, 0x00, 0x00, 0x00,
    0x00, 0x00, 0x00, 0x00, 0x00, 0x00, 0x00, 0x00, 0x00,
    0x00, 0x00, 0x00, 0x00, 0x00, 0x00, 0x00, 0x00, 0x00,
    0x00, 0x00, 0x00, 0x00, 0x00, 0x00, 0x00, 0x00, 0x00,
    0x00, 0x00, 0x00, 0x00, 0x00, 0x00, 0x00, 0x00, 0x00,
    0x00, 0x00, 0x00, 0x00, 0x00, 0x00, 0x00, 0x00, 0x00,
    0x00, 0x00, 0x00, 0x00, 0x00, 0x00, 0x00, 0x00, 0x00,
    0x00, 0x00, 0x00, 0x00, 0x00, 0x00, 0x00, 0x00, 0x00,
    0x00, 0x00, 0x00, 0x00, 0x00, 0x00, 0x00, 0x00, 0x00,
    0x00, 0x00, 0x00, 0x00, 0x00, 0x00, 0x00, 0x00, 0x00,
    0x00, 0x00, 0x00, 0x00, 0x00, 0x00, 0x00, 0x00, 0x00,
    0x00, 0x00, 0x00, 0x00, 0x00, 0x00, 0x00, 0x00, 0x00,
    0x00, 0x00, 0x00, 0x00, 0x00, 0x00, 0x00, 0x00, 0x00,
    0x00, 0x00, 0x00, 0x00, 0x00, 0x00, 0x00, 0x00, 0x00,
    0x00, 0x00, 0x00, 0x00, 0x00, 0x00, 0x00, 0x00, 0x00,
};

// 字符: '#' (0x0023)
const uint8_t saiba_72_char_0023[648] = {
    0x00, 0x00, 0x00, 0x00, 0x00, 0x00, 0x00, 0x00, 0x00,
    0x00, 0x00, 0x00, 0x00, 0x00, 0x00, 0x00, 0x00, 0x00,
    0x00, 0x00, 0x00, 0x00, 0x00, 0x00, 0x00, 0x00, 0x00,
    0x00, 0x00, 0x00, 0x00, 0x00, 0x00, 0x00, 0x00, 0x00,
    0x00, 0x00, 0x00, 0x00, 0x00, 0x00, 0x00, 0x00, 0x00,
    0x00, 0x00, 0x00, 0x00, 0x00, 0x00, 0x00, 0x00, 0x00,
    0x00, 0x00, 0x00, 0x00, 0x00, 0x00, 0x00, 0x00, 0x00,
    0x00, 0x00, 0x00, 0x00, 0x00, 0x00, 0x00, 0x00, 0x00,
    0x00, 0x00, 0x00, 0x00, 0x00, 0x00, 0x00, 0x00, 0x00,
    0x00, 0x00, 0x07, 0xE0, 0x00, 0xFC, 0x00, 0x00, 0x00,
    0x00, 0x00, 0x07, 0xF0, 0x00, 0xFE, 0x00, 0x00, 0x00,
    0x00, 0x00, 0x07, 0xF8, 0x00, 0xFF, 0x00, 0x00, 0x00,
    0x00, 0x00, 0x07, 0xFC, 0x00, 0xFF, 0x80, 0x00, 0x00,
    0x00, 0x00, 0x07, 0xFC, 0x00, 0xFF, 0x80, 0x00, 0x00,
    0x00, 0x00, 0x07, 0xFC, 0x00, 0xFF, 0x80, 0x00, 0x00,
    0x00, 0x00, 0x07, 0xFC, 0x00, 0xFF, 0x80, 0x00, 0x00,
    0x00, 0x00, 0x07, 0xFC, 0x00, 0xFF, 0x80, 0x00, 0x00,
    0x00, 0x00, 0x07, 0xFC, 0x00, 0xFF, 0x80, 0x00, 0x00,
    0x00, 0x00, 0x07, 0xFC, 0x00, 0xFF, 0x80, 0x00, 0x00,
    0x00, 0x00, 0x07, 0xFC, 0x00, 0xFF, 0x80, 0x00, 0x00,
    0x00, 0x00, 0x07, 0xFC, 0x00, 0xFF, 0x80, 0x00, 0x00,
    0x00, 0x00, 0x07, 0xFC, 0x00, 0xFF, 0x80, 0x00, 0x00,
    0x00, 0x00, 0x07, 0xFC, 0x00, 0xFF, 0x80, 0x00, 0x00,
    0x00, 0x07, 0xFF, 0xFF, 0xFF, 0xFF, 0xFF, 0xF0, 0x00,
    0x00, 0x0F, 0xFF, 0xFF, 0xFF, 0xFF, 0xFF, 0xF0, 0x00,
    0x00, 0x1F, 0xFF, 0xFF, 0xFF, 0xFF, 0xFF, 0xF0, 0x00,
    0x00, 0x1F, 0xFF, 0xFF, 0xFF, 0xFF, 0xFF, 0xF0, 0x00,
    0x00, 0x1F, 0xFF, 0xFF, 0xFF, 0xFF, 0xFF, 0xF0, 0x00,
    0x00, 0x1F, 0xFF, 0xFF, 0xFF, 0xFF, 0xFF, 0xF0, 0x00,
    0x00, 0x1F, 0xFF, 0xFF, 0xFF, 0xFF, 0xFF, 0xF0, 0x00,
    0x00, 0x1F, 0xFF, 0xFF, 0xFF, 0xFF, 0xFF, 0xF0, 0x00,
    0x00, 0x00, 0x07, 0xFC, 0x00, 0xFF, 0x80, 0x00, 0x00,
    0x00, 0x00, 0x07, 0xFC, 0x00, 0xFF, 0x80, 0x00, 0x00,
    0x00, 0x00, 0x07, 0xFC, 0x00, 0xFF, 0x80, 0x00, 0x00,
    0x00, 0x00, 0x07, 0xFC, 0x00, 0xFF, 0x80, 0x00, 0x00,
    0x00, 0x00, 0x07, 0xFC, 0x00, 0xFF, 0x80, 0x00, 0x00,
    0x00, 0x00, 0x07, 0xFC, 0x00, 0xFF, 0x80, 0x00, 0x00,
    0x00, 0x00, 0x07, 0xFC, 0x00, 0xFF, 0x80, 0x00, 0x00,
    0x00, 0x1F, 0xFF, 0xFF, 0xFF, 0xFF, 0xFF, 0xF0, 0x00,
    0x00, 0x1F, 0xFF, 0xFF, 0xFF, 0xFF, 0xFF, 0xF0, 0x00,
    0x00, 0x1F, 0xFF, 0xFF, 0xFF, 0xFF, 0xFF, 0xF0, 0x00,
    0x00, 0x1F, 0xFF, 0xFF, 0xFF, 0xFF, 0xFF, 0xF0, 0x00,
    0x00, 0x1F, 0xFF, 0xFF, 0xFF, 0xFF, 0xFF, 0xF0, 0x00,
    0x00, 0x1F, 0xFF, 0xFF, 0xFF, 0xFF, 0xFF, 0xF0, 0x00,
    0x00, 0x1F, 0xFF, 0xFF, 0xFF, 0xFF, 0xFF, 0xE0, 0x00,
    0x00, 0x1F, 0xFF, 0xFF, 0xFF, 0xFF, 0xFF, 0xC0, 0x00,
    0x00, 0x1F, 0xFF, 0xFF, 0xFF, 0xFF, 0xFF, 0x80, 0x00,
    0x00, 0x00, 0x07, 0xFC, 0x00, 0xFF, 0x80, 0x00, 0x00,
    0x00, 0x00, 0x07, 0xFC, 0x00, 0xFF, 0x80, 0x00, 0x00,
    0x00, 0x00, 0x07, 0xFC, 0x00, 0xFF, 0x80, 0x00, 0x00,
    0x00, 0x00, 0x07, 0xFC, 0x00, 0xFF, 0x80, 0x00, 0x00,
    0x00, 0x00, 0x07, 0xFC, 0x00, 0xFF, 0x80, 0x00, 0x00,
    0x00, 0x00, 0x07, 0xFC, 0x00, 0xFF, 0x80, 0x00, 0x00,
    0x00, 0x00, 0x07, 0xFC, 0x00, 0xFF, 0x80, 0x00, 0x00,
    0x00, 0x00, 0x07, 0xFC, 0x00, 0xFF, 0x80, 0x00, 0x00,
    0x00, 0x00, 0x07, 0xFC, 0x00, 0xFF, 0x80, 0x00, 0x00,
    0x00, 0x00, 0x07, 0xFC, 0x00, 0xFF, 0x80, 0x00, 0x00,
    0x00, 0x00, 0x07, 0xFC, 0x00, 0xFF, 0x80, 0x00, 0x00,
    0x00, 0x00, 0x03, 0xFC, 0x00, 0x7F, 0x80, 0x00, 0x00,
    0x00, 0x00, 0x01, 0xFC, 0x00, 0x3F, 0x80, 0x00, 0x00,
    0x00, 0x00, 0x00, 0xFC, 0x00, 0x1F, 0x80, 0x00, 0x00,
    0x00, 0x00, 0x00, 0x00, 0x00, 0x00, 0x00, 0x00, 0x00,
    0x00, 0x00, 0x00, 0x00, 0x00, 0x00, 0x00, 0x00, 0x00,
    0x00, 0x00, 0x00, 0x00, 0x00, 0x00, 0x00, 0x00, 0x00,
    0x00, 0x00, 0x00, 0x00, 0x00, 0x00, 0x00, 0x00, 0x00,
    0x00, 0x00, 0x00, 0x00, 0x00, 0x00, 0x00, 0x00, 0x00,
    0x00, 0x00, 0x00, 0x00, 0x00, 0x00, 0x00, 0x00, 0x00,
    0x00, 0x00, 0x00, 0x00, 0x00, 0x00, 0x00, 0x00, 0x00,
    0x00, 0x00, 0x00, 0x00, 0x00, 0x00, 0x00, 0x00, 0x00,
    0x00, 0x00, 0x00, 0x00, 0x00, 0x00, 0x00, 0x00, 0x00,
    0x00, 0x00, 0x00, 0x00, 0x00, 0x00, 0x00, 0x00, 0x00,
    0x00, 0x00, 0x00, 0x00, 0x00, 0x00, 0x00, 0x00, 0x00,
};

// 字符: '@' (0x0040)
const uint8_t saiba_72_char_0040[648] = {
    0x00, 0x00, 0x00, 0x00, 0x00, 0x00, 0x00, 0x00, 0x00,
    0x00, 0x00, 0x00, 0x00, 0x00, 0x00, 0x00, 0x00, 0x00,
    0x07, 0xFF, 0xFF, 0xFF, 0xFF, 0xFF, 0xE0, 0x00, 0x00,
    0x0F, 0xFF, 0xFF, 0xFF, 0xFF, 0xFF, 0xF0, 0x00, 0x00,
    0x1F, 0xFF, 0xFF, 0xFF, 0xFF, 0xFF, 0xF8, 0x00, 0x00,
    0x1F, 0xFF, 0xFF, 0xFF, 0xFF, 0xFF, 0xFC, 0x00, 0x00,
    0x1F, 0xFF, 0xFF, 0xFF, 0xFF, 0xFF, 0xFE, 0x00, 0x00,
    0x1F, 0xFF, 0xFF, 0xFF, 0xFF, 0xFF, 0xFF, 0x00, 0x00,
    0x1F, 0xFF, 0xFF, 0xFF, 0xFF, 0xFF, 0xFF, 0x80, 0x00,
    0x1F, 0xFF, 0xFF, 0xFF, 0xFF, 0xFF, 0xFF, 0xC0, 0x00,
    0x1F, 0xFF, 0xFF, 0xFF, 0xFF, 0xFF, 0xFF, 0xE0, 0x00,
    0x1F, 0xE0, 0x00, 0x00, 0x00, 0x00, 0xFF, 0xF0, 0x00,
    0x1F, 0xE0, 0x00, 0x00, 0x00, 0x00, 0x7F, 0xF8, 0x00,
    0x1F, 0xE0, 0x00, 0x00, 0x00, 0x00, 0x3F, 0xFC, 0x00,
    0x1F, 0xE0, 0x00, 0x00, 0x00, 0x00, 0x1F, 0xFE, 0x00,
    0x1F, 0xE0, 0x1F, 0xFF, 0xFF, 0xE0, 0x0F, 0xFF, 0x00,
    0x1F, 0xE0, 0x1F, 0xFF, 0xFF, 0xF0, 0x07, 0xFF, 0x80,
    0x1F, 0xE0, 0x1F, 0xFF, 0xFF, 0xF8, 0x03, 0xFF, 0xC0,
    0x1F, 0xE0, 0x1F, 0xFF, 0xFF, 0xFC, 0x01, 0xFF, 0xE0,
    0x1F, 0xE0, 0x1F, 0xFF, 0xFF, 0xFE, 0x00, 0xFF, 0xF0,
    0x1F, 0xE0, 0x1F, 0xFF, 0xFF, 0xFF, 0x00, 0x7F, 0xF0,
    0x1F, 0xE0, 0x1F, 0xFF, 0xFF, 0xFF, 0x80, 0x3F, 0xF0,
    0x1F, 0xE0, 0x1F, 0xFF, 0xFF, 0xFF, 0xC0, 0x1F, 0xF0,
    0x1F, 0xE0, 0x1F, 0xFF, 0xFF, 0xFF, 0xE0, 0x1F, 0xF0,
    0x1F, 0xE0, 0x1F, 0xFF, 0xFF, 0xFF, 0xF0, 0x1F, 0xF0,
    0x1F, 0xE0, 0x1F, 0xFF, 0xFF, 0xFF, 0xF8, 0x1F, 0xF0,
    0x1F, 0xE0, 0x00, 0x00, 0x01, 0xFF, 0xFC, 0x1F, 0xF0,
    0x1F, 0xE0, 0x00, 0x00, 0x00, 0xFF, 0xFC, 0x1F, 0xF0,
    0x1F, 0xE0, 0x00, 0x00, 0x00, 0x7F, 0xFC, 0x1F, 0xF0,
    0x1F, 0xE0, 0x00, 0x00, 0x00, 0x3F, 0xFC, 0x1F, 0xF0,
    0x1F, 0xE0, 0x1F, 0xFF, 0xFF, 0xFF, 0xFC, 0x1F, 0xF0,
    0x1F, 0xE0, 0x1F, 0xFF, 0xFF, 0xFF, 0xFC, 0x1F, 0xF0,
    0x1F, 0xE0, 0x1F, 0xFF, 0xFF, 0xFF, 0xFC, 0x1F, 0xF0,
    0x1F, 0xE0, 0x1F, 0xFF, 0xFF, 0xFF, 0xFC, 0x1F, 0xF0,
    0x1F, 0xE0, 0x1F, 0xFF, 0xFF, 0xFF, 0xFC, 0x1F, 0xF0,
    0x1F, 0xE0, 0x1F, 0xFF, 0xFF, 0xFF, 0xFC, 0x1F, 0xF0,
    0x1F, 0xE0, 0x1F, 0xFF, 0xFF, 0xFF, 0xFC, 0x1F, 0xF0,
    0x1F, 0xE0, 0x1F, 0xFF, 0xFF, 0xFF, 0xFC, 0x1F, 0xF0,
    0x1F, 0xE0, 0x1F, 0xFF, 0xFF, 0xFF, 0xFC, 0x3F, 0xF0,
    0x1F, 0xE0, 0x1F, 0xFF, 0xFF, 0xFF, 0xFC, 0x7F, 0xF0,
    0x1F, 0xE0, 0x1F, 0xFF, 0xFF, 0xFF, 0xFC, 0xFF, 0xF0,
    0x1F, 0xE0, 0x1F, 0xF8, 0x00, 0x1F, 0xFD, 0xFF, 0xE0,
    0x1F, 0xE0, 0x1F, 0xF8, 0x00, 0x1F, 0xFF, 0xFF, 0xC0,
    0x1F, 0xE0, 0x1F, 0xFC, 0x00, 0x1F, 0xFF, 0xFF, 0x80,
    0x1F, 0xE0, 0x1F, 0xFE, 0x00, 0x1F, 0xFF, 0xFF, 0x00,
    0x1F, 0xE0, 0x1F, 0xFF, 0x00, 0x1F, 0xFF, 0xFE, 0x00,
    0x1F, 0xE0, 0x1F, 0xFF, 0xFF, 0x1F, 0xFF, 0xFC, 0x00,
    0x1F, 0xE0, 0x1F, 0xFF, 0xFF, 0x1F, 0xFF, 0xF8, 0x00,
    0x1F, 0xF0, 0x1F, 0xFF, 0xFF, 0x1F, 0xFF, 0xF0, 0x00,
    0x1F, 0xF8, 0x0F, 0xFF, 0xFF, 0x1F, 0xFF, 0xE0, 0x00,
    0x1F, 0xFC, 0x07, 0xFF, 0xFF, 0x1F, 0xFF, 0xC0, 0x00,
    0x1F, 0xFE, 0x03, 0xFF, 0xFF, 0x1F, 0xFF, 0x80, 0x00,
    0x0F, 0xFF, 0x01, 0xFF, 0xFF, 0x1F, 0xFF, 0x00, 0x00,
    0x07, 0xFF, 0x80, 0xFF, 0xFF, 0x1F, 0xFE, 0x00, 0x00,
    0x03, 0xFF, 0xC0, 0x7F, 0xFF, 0x1F, 0xFC, 0x00, 0x00,
    0x01, 0xFF, 0xE0, 0x3F, 0xFF, 0x1F, 0xF8, 0x00, 0x00,
    0x00, 0xFF, 0xF0, 0x00, 0x00, 0x00, 0x00, 0x00, 0x00,
    0x00, 0x7F, 0xF8, 0x00, 0x00, 0x00, 0x00, 0x00, 0x00,
    0x00, 0x3F, 0xFC, 0x00, 0x00, 0x00, 0x00, 0x00, 0x00,
    0x00, 0x1F, 0xFE, 0x00, 0x00, 0x00, 0x00, 0x00, 0x00,
    0x00, 0x0F, 0xFF, 0x00, 0x00, 0x00, 0x00, 0x00, 0x00,
    0x00, 0x07, 0xFF, 0xFF, 0xFF, 0xFF, 0xFF, 0x00, 0x00,
    0x00, 0x03, 0xFF, 0xFF, 0xFF, 0xFF, 0xFF, 0x00, 0x00,
    0x00, 0x01, 0xFF, 0xFF, 0xFF, 0xFF, 0xFF, 0x00, 0x00,
    0x00, 0x00, 0xFF, 0xFF, 0xFF, 0xFF, 0xFF, 0x00, 0x00,
    0x00, 0x00, 0x7F, 0xFF, 0xFF, 0xFF, 0xFF, 0x00, 0x00,
    0x00, 0x00, 0x3F, 0xFF, 0xFF, 0xFF, 0xFF, 0x00, 0x00,
    0x00, 0x00, 0x1F, 0xFF, 0xFF, 0xFF, 0xFE, 0x00, 0x00,
    0x00, 0x00, 0x0F, 0xFF, 0xFF, 0xFF, 0xFC, 0x00, 0x00,
    0x00, 0x00, 0x07, 0xFF, 0xFF, 0xFF, 0xF8, 0x00, 0x00,
    0x00, 0x00, 0x00, 0x00, 0x00, 0x00, 0x00, 0x00, 0x00,
    0x00, 0x00, 0x00, 0x00, 0x00, 0x00, 0x00, 0x00, 0x00,
};

// 字符: '!' (0x0021)
const uint8_t saiba_72_char_0021[648] = {
    0x00, 0x00, 0x00, 0x00, 0x00, 0x00, 0x00, 0x00, 0x00,
    0x00, 0x00, 0x00, 0x00, 0x00, 0x00, 0x00, 0x00, 0x00,
    0x00, 0x00, 0x00, 0x00, 0x00, 0x00, 0x00, 0x00, 0x00,
    0x00, 0x00, 0x00, 0x00, 0x00, 0x00, 0x00, 0x00, 0x00,
    0x00, 0x00, 0x00, 0x00, 0x00, 0x00, 0x00, 0x00, 0x00,
    0x00, 0x00, 0x00, 0x00, 0x00, 0x00, 0x00, 0x00, 0x00,
    0x00, 0x00, 0x00, 0x00, 0x00, 0x00, 0x00, 0x00, 0x00,
    0x00, 0x00, 0x00, 0x00, 0x00, 0x00, 0x00, 0x00, 0x00,
    0x00, 0x00, 0x00, 0x00, 0x00, 0x00, 0x00, 0x00, 0x00,
    0x00, 0x00, 0x00, 0x00, 0x00, 0x00, 0x00, 0x00, 0x00,
    0x00, 0x00, 0x00, 0x07, 0xFC, 0x00, 0x00, 0x00, 0x00,
    0x00, 0x00, 0x00, 0x07, 0xFE, 0x00, 0x00, 0x00, 0x00,
    0x00, 0x00, 0x00, 0x07, 0xFF, 0x00, 0x00, 0x00, 0x00,
    0x00, 0x00, 0x00, 0x07, 0xFF, 0x80, 0x00, 0x00, 0x00,
    0x00, 0x00, 0x00, 0x07, 0xFF, 0xC0, 0x00, 0x00, 0x00,
    0x00, 0x00, 0x00, 0x07, 0xFF, 0xE0, 0x00, 0x00, 0x00,
    0x00, 0x00, 0x00, 0x07, 0xFF, 0xE0, 0x00, 0x00, 0x00,
    0x00, 0x00, 0x00, 0x07, 0xFF, 0xE0, 0x00, 0x00, 0x00,
    0x00, 0x00, 0x00, 0x07, 0xFF, 0xE0, 0x00, 0x00, 0x00,
    0x00, 0x00, 0x00, 0x07, 0xFF, 0xE0, 0x00, 0x00, 0x00,
    0x00, 0x00, 0x00, 0x07, 0xFF, 0xE0, 0x00, 0x00, 0x00,
    0x00, 0x00, 0x00, 0x07, 0xFF, 0xE0, 0x00, 0x00, 0x00,
    0x00, 0x00, 0x00, 0x07, 0xFF, 0xE0, 0x00, 0x00, 0x00,
    0x00, 0x00, 0x00, 0x07, 0xFF, 0xE0, 0x00, 0x00, 0x00,
    0x00, 0x00, 0x00, 0x07, 0xFF, 0xE0, 0x00, 0x00, 0x00,
    0x00, 0x00, 0x00, 0x07, 0xFF, 0xE0, 0x00, 0x00, 0x00,
    0x00, 0x00, 0x00, 0x07, 0xFF, 0xE0, 0x00, 0x00, 0x00,
    0x00, 0x00, 0x00, 0x07, 0xFF, 0xE0, 0x00, 0x00, 0x00,
    0x00, 0x00, 0x00, 0x07, 0xFF, 0xE0, 0x00, 0x00, 0x00,
    0x00, 0x00, 0x00, 0x07, 0xFF, 0xE0, 0x00, 0x00, 0x00,
    0x00, 0x00, 0x00, 0x07, 0xFF, 0xE0, 0x00, 0x00, 0x00,
    0x00, 0x00, 0x00, 0x07, 0xFF, 0xE0, 0x00, 0x00, 0x00,
    0x00, 0x00, 0x00, 0x07, 0xFF, 0xE0, 0x00, 0x00, 0x00,
    0x00, 0x00, 0x00, 0x07, 0xFF, 0xE0, 0x00, 0x00, 0x00,
    0x00, 0x00, 0x00, 0x07, 0xFF, 0xE0, 0x00, 0x00, 0x00,
    0x00, 0x00, 0x00, 0x07, 0xFF, 0xE0, 0x00, 0x00, 0x00,
    0x00, 0x00, 0x00, 0x07, 0xFF, 0xE0, 0x00, 0x00, 0x00,
    0x00, 0x00, 0x00, 0x07, 0xFF, 0xE0, 0x00, 0x00, 0x00,
    0x00, 0x00, 0x00, 0x03, 0xFF, 0xE0, 0x00, 0x00, 0x00,
    0x00, 0x00, 0x00, 0x01, 0xFF, 0xE0, 0x00, 0x00, 0x00,
    0x00, 0x00, 0x00, 0x00, 0xFF, 0xE0, 0x00, 0x00, 0x00,
    0x00, 0x00, 0x00, 0x00, 0x7F, 0xE0, 0x00, 0x00, 0x00,
    0x00, 0x00, 0x00, 0x00, 0x3F, 0xE0, 0x00, 0x00, 0x00,
    0x00, 0x00, 0x00, 0x00, 0x00, 0x00, 0x00, 0x00, 0x00,
    0x00, 0x00, 0x00, 0x00, 0x00, 0x00, 0x00, 0x00, 0x00,
    0x00, 0x00, 0x00, 0x00, 0x00, 0x00, 0x00, 0x00, 0x00,
    0x00, 0x00, 0x00, 0x00, 0x00, 0x00, 0x00, 0x00, 0x00,
    0x00, 0x00, 0x00, 0x07, 0xFF, 0xE0, 0x00, 0x00, 0x00,
    0x00, 0x00, 0x00, 0x07, 0xFF, 0xE0, 0x00, 0x00, 0x00,
    0x00, 0x00, 0x00, 0x07, 0xFF, 0xE0, 0x00, 0x00, 0x00,
    0x00, 0x00, 0x00, 0x07, 0xFF, 0xE0, 0x00, 0x00, 0x00,
    0x00, 0x00, 0x00, 0x07, 0xFF, 0xE0, 0x00, 0x00, 0x00,
    0x00, 0x00, 0x00, 0x07, 0xFF, 0xE0, 0x00, 0x00, 0x00,
    0x00, 0x00, 0x00, 0x07, 0xFF, 0xE0, 0x00, 0x00, 0x00,
    0x00, 0x00, 0x00, 0x07, 0xFF, 0xE0, 0x00, 0x00, 0x00,
    0x00, 0x00, 0x00, 0x03, 0xFF, 0xE0, 0x00, 0x00, 0x00,
    0x00, 0x00, 0x00, 0x01, 0xFF, 0xE0, 0x00, 0x00, 0x00,
    0x00, 0x00, 0x00, 0x00, 0xFF, 0xE0, 0x00, 0x00, 0x00,
    0x00, 0x00, 0x00, 0x00, 0x7F, 0xE0, 0x00, 0x00, 0x00,
    0x00, 0x00, 0x00, 0x00, 0x3F, 0xE0, 0x00, 0x00, 0x00,
    0x00, 0x00, 0x00, 0x00, 0x00, 0x00, 0x00, 0x00, 0x00,
    0x00, 0x00, 0x00, 0x00, 0x00, 0x00, 0x00, 0x00, 0x00,
    0x00, 0x00, 0x00, 0x00, 0x00, 0x00, 0x00, 0x00, 0x00,
    0x00, 0x00, 0x00, 0x00, 0x00, 0x00, 0x00, 0x00, 0x00,
    0x00, 0x00, 0x00, 0x00, 0x00, 0x00, 0x00, 0x00, 0x00,
    0x00, 0x00, 0x00, 0x00, 0x00, 0x00, 0x00, 0x00, 0x00,
    0x00, 0x00, 0x00, 0x00, 0x00, 0x00, 0x00, 0x00, 0x00,
    0x00, 0x00, 0x00, 0x00, 0x00, 0x00, 0x00, 0x00, 0x00,
    0x00, 0x00, 0x00, 0x00, 0x00, 0x00, 0x00, 0x00, 0x00,
    0x00, 0x00, 0x00, 0x00, 0x00, 0x00, 0x00, 0x00, 0x00,
    0x00, 0x00, 0x00, 0x00, 0x00, 0x00, 0x00, 0x00, 0x00,
    0x00, 0x00, 0x00, 0x00, 0x00, 0x00, 0x00, 0x00, 0x00,
};

// 字符: '^' (0x005E)
const uint8_t saiba_72_char_005E[648] = {
    0x00, 0x00, 0x00, 0x00, 0x00, 0x00, 0x00, 0x00, 0x00,
    0x00, 0x00, 0x00, 0x00, 0x00, 0x00, 0x00, 0x00, 0x00,
    0x00, 0x00, 0x00, 0x00, 0x00, 0x00, 0x00, 0x00, 0x00,
    0x00, 0x00, 0x00, 0x00, 0x00, 0x00, 0x00, 0x00, 0x00,
    0x00, 0x00, 0x00, 0x00, 0x00, 0x00, 0x00, 0x00, 0x00,
    0x00, 0x00, 0x00, 0x00, 0x00, 0x00, 0x00, 0x00, 0x00,
    0x00, 0x00, 0x00, 0x00, 0x00, 0x00, 0x00, 0x00, 0x00,
    0x00, 0x00, 0x00, 0x00, 0x00, 0x00, 0x00, 0x00, 0x00,
    0x00, 0x00, 0x00, 0x00, 0x00, 0x00, 0x00, 0x00, 0x00,
    0x00, 0x00, 0x00, 0x00, 0x00, 0x00, 0x00, 0x00, 0x00,
    0x00, 0x00, 0x07, 0xFF, 0xFF, 0xFF, 0xE0, 0x00, 0x00,
    0x00, 0x00, 0x06, 0x00, 0x00, 0x00, 0x60, 0x00, 0x00,
    0x00, 0x00, 0x06, 0x00, 0x00, 0x00, 0xE0, 0x00, 0x00,
    0x00, 0x00, 0x07, 0x00, 0x00, 0x00, 0xE0, 0x00, 0x00,
    0x00, 0x00, 0x05, 0x80, 0x00, 0x01, 0xA0, 0x00, 0x00,
    0x00, 0x00, 0x05, 0x80, 0x00, 0x01, 0x20, 0x00, 0x00,
    0x00, 0x00, 0x04, 0xC0, 0x00, 0x03, 0x20, 0x00, 0x00,
    0x00, 0x00, 0x04, 0x40, 0x00, 0x06, 0x20, 0x00, 0x00,
    0x00, 0x00, 0x04, 0x60, 0x00, 0x06, 0x20, 0x00, 0x00,
    0x00, 0x00, 0x04, 0x30, 0x00, 0x0C, 0x20, 0x00, 0x00,
    0x00, 0x00, 0x04, 0x30, 0x00, 0x08, 0x20, 0x00, 0x00,
    0x00, 0x00, 0x04, 0x18, 0x00, 0x18, 0x20, 0x00, 0x00,
    0x00, 0x00, 0x04, 0x08, 0x00, 0x30, 0x20, 0x00, 0x00,
    0x00, 0x00, 0x04, 0x0C, 0x00, 0x30, 0x20, 0x00, 0x00,
    0x00, 0x00, 0x04, 0x06, 0x00, 0x60, 0x20, 0x00, 0x00,
    0x00, 0x00, 0x04, 0x06, 0x00, 0x40, 0x20, 0x00, 0x00,
    0x00, 0x00, 0x04, 0x03, 0x00, 0xC0, 0x20, 0x00, 0x00,
    0x00, 0x00, 0x04, 0x01, 0x01, 0x80, 0x20, 0x00, 0x00,
    0x00, 0x00, 0x04, 0x01, 0x81, 0x80, 0x20, 0x00, 0x00,
    0x00, 0x00, 0x04, 0x00, 0xC3, 0x00, 0x20, 0x00, 0x00,
    0x00, 0x00, 0x04, 0x00, 0xC2, 0x00, 0x20, 0x00, 0x00,
    0x00, 0x00, 0x04, 0x00, 0x66, 0x00, 0x20, 0x00, 0x00,
    0x00, 0x00, 0x04, 0x00, 0x2C, 0x00, 0x20, 0x00, 0x00,
    0x00, 0x00, 0x04, 0x00, 0x3C, 0x00, 0x20, 0x00, 0x00,
    0x00, 0x00, 0x04, 0x00, 0x18, 0x00, 0x20, 0x00, 0x00,
    0x00, 0x00, 0x04, 0x00, 0x18, 0x00, 0x20, 0x00, 0x00,
    0x00, 0x00, 0x04, 0x00, 0x3C, 0x00, 0x20, 0x00, 0x00,
    0x00, 0x00, 0x04, 0x00, 0x64, 0x00, 0x20, 0x00, 0x00,
    0x00, 0x00, 0x04, 0x00, 0x66, 0x00, 0x20, 0x00, 0x00,
    0x00, 0x00, 0x04, 0x00, 0xC3, 0x00, 0x20, 0x00, 0x00,
    0x00, 0x00, 0x04, 0x00, 0x83, 0x00, 0x20, 0x00, 0x00,
    0x00, 0x00, 0x04, 0x01, 0x81, 0x80, 0x20, 0x00, 0x00,
    0x00, 0x00, 0x04, 0x03, 0x00, 0x80, 0x20, 0x00, 0x00,
    0x00, 0x00, 0x04, 0x03, 0x00, 0xC0, 0x20, 0x00, 0x00,
    0x00, 0x00, 0x04, 0x06, 0x00, 0x60, 0x20, 0x00, 0x00,
    0x00, 0x00, 0x04, 0x04, 0x00, 0x20, 0x20, 0x00, 0x00,
    0x00, 0x00, 0x04, 0x0C, 0x00, 0x30, 0x20, 0x00, 0x00,
    0x00, 0x00, 0x04, 0x18, 0x00, 0x10, 0x20, 0x00, 0x00,
    0x00, 0x00, 0x04, 0x18, 0x00, 0x18, 0x20, 0x00, 0x00,
    0x00, 0x00, 0x04, 0x30, 0x00, 0x0C, 0x20, 0x00, 0x00,
    0x00, 0x00, 0x04, 0x20, 0x00, 0x04, 0x20, 0x00, 0x00,
    0x00, 0x00, 0x04, 0x60, 0x00, 0x06, 0x20, 0x00, 0x00,
    0x00, 0x00, 0x04, 0xC0, 0x00, 0x02, 0x20, 0x00, 0x00,
    0x00, 0x00, 0x04, 0xC0, 0x00, 0x03, 0x20, 0x00, 0x00,
    0x00, 0x00, 0x05, 0x80, 0x00, 0x01, 0xA0, 0x00, 0x00,
    0x00, 0x00, 0x05, 0x00, 0x00, 0x00, 0xA0, 0x00, 0x00,
    0x00, 0x00, 0x07, 0x00, 0x00, 0x00, 0xE0, 0x00, 0x00,
    0x00, 0x00, 0x06, 0x00, 0x00, 0x00, 0x60, 0x00, 0x00,
    0x00, 0x00, 0x07, 0xFF, 0xFF, 0xFF, 0xE0, 0x00, 0x00,
    0x00, 0x00, 0x07, 0xFF, 0xFF, 0xFF, 0xE0, 0x00, 0x00,
    0x00, 0x00, 0x00, 0x00, 0x00, 0x00, 0x00, 0x00, 0x00,
    0x00, 0x00, 0x00, 0x00, 0x00, 0x00, 0x00, 0x00, 0x00,
    0x00, 0x00, 0x00, 0x00, 0x00, 0x00, 0x00, 0x00, 0x00,
    0x00, 0x00, 0x00, 0x00, 0x00, 0x00, 0x00, 0x00, 0x00,
    0x00, 0x00, 0x00, 0x00, 0x00, 0x00, 0x00, 0x00, 0x00,
    0x00, 0x00, 0x00, 0x00, 0x00, 0x00, 0x00, 0x00, 0x00,
    0x00, 0x00, 0x00, 0x00, 0x00, 0x00, 0x00, 0x00, 0x00,
    0x00, 0x00, 0x00, 0x00, 0x00, 0x00, 0x00, 0x00, 0x00,
    0x00, 0x00, 0x00, 0x00, 0x00, 0x00, 0x00, 0x00, 0x00,
    0x00, 0x00, 0x00, 0x00, 0x00, 0x00, 0x00, 0x00, 0x00,
    0x00, 0x00, 0x00, 0x00, 0x00, 0x00, 0x00, 0x00, 0x00,
    0x00, 0x00, 0x00, 0x00, 0x00, 0x00, 0x00, 0x00, 0x00,
};

// 字符: '&' (0x0026)
const uint8_t saiba_72_char_0026[648] = {
    0x00, 0x00, 0x00, 0x00, 0x00, 0x00, 0x00, 0x00, 0x00,
    0x00, 0x00, 0x00, 0x00, 0x00, 0x00, 0x00, 0x00, 0x00,
    0x00, 0x00, 0x00, 0x00, 0x00, 0x00, 0x00, 0x00, 0x00,
    0x00, 0x00, 0x00, 0x00, 0x00, 0x00, 0x00, 0x00, 0x00,
    0x00, 0x00, 0x00, 0x00, 0x00, 0x00, 0x00, 0x00, 0x00,
    0x00, 0x00, 0x00, 0x00, 0x00, 0x00, 0x00, 0x00, 0x00,
    0x00, 0x00, 0x00, 0x00, 0x00, 0x00, 0x00, 0x00, 0x00,
    0x00, 0x00, 0x00, 0x00, 0x00, 0x00, 0x00, 0x00, 0x00,
    0x00, 0x00, 0x00, 0x00, 0x00, 0x00, 0x00, 0x00, 0x00,
    0x00, 0x00, 0x00, 0x00, 0x00, 0x00, 0x00, 0x00, 0x00,
    0x00, 0x00, 0x07, 0xFF, 0xFF, 0x80, 0x00, 0x00, 0x00,
    0x00, 0x00, 0x0F, 0xFF, 0xFF, 0xC0, 0x00, 0x00, 0x00,
    0x00, 0x00, 0x1F, 0xFF, 0xFF, 0xE0, 0x00, 0x00, 0x00,
    0x00, 0x00, 0x3F, 0xFF, 0xFF, 0xF0, 0x00, 0x00, 0x00,
    0x00, 0x00, 0x3F, 0xFF, 0xFF, 0xF0, 0x00, 0x00, 0x00,
    0x00, 0x00, 0x3F, 0xFF, 0xFF, 0xF0, 0x00, 0x00, 0x00,
    0x00, 0x00, 0x3F, 0xFF, 0xFF, 0xF0, 0x00, 0x00, 0x00,
    0x00, 0x00, 0x3F, 0xFF, 0xFF, 0xF0, 0x00, 0x00, 0x00,
    0x00, 0x00, 0x3F, 0xFF, 0xFF, 0xF0, 0x00, 0x00, 0x00,
    0x00, 0x00, 0x3F, 0xE0, 0x0F, 0xF0, 0x00, 0x00, 0x00,
    0x00, 0x00, 0x3F, 0xE0, 0x0F, 0xF0, 0x00, 0x00, 0x00,
    0x00, 0x00, 0x3F, 0xE0, 0x0F, 0xF0, 0x00, 0x00, 0x00,
    0x00, 0x00, 0x1F, 0xE0, 0x0F, 0xF0, 0x00, 0x00, 0x00,
    0x00, 0x00, 0x0F, 0xE0, 0x0F, 0xF0, 0x00, 0x00, 0x00,
    0x00, 0x00, 0x07, 0xE0, 0x0F, 0xF0, 0x00, 0x00, 0x00,
    0x00, 0x00, 0x03, 0xE0, 0x1F, 0xF0, 0x00, 0x00, 0x00,
    0x00, 0x00, 0x01, 0xE0, 0x3F, 0xF0, 0x00, 0x00, 0x00,
    0x00, 0x00, 0x00, 0x00, 0x7F, 0xF0, 0x00, 0x00, 0x00,
    0x00, 0x00, 0x00, 0x00, 0xFF, 0xF0, 0x00, 0x00, 0x00,
    0x00, 0x00, 0x00, 0x01, 0xFF, 0xE0, 0x00, 0x00, 0x00,
    0x00, 0x03, 0xFF, 0xFF, 0xFF, 0xC0, 0x00, 0x00, 0x00,
    0x00, 0x07, 0xFF, 0xFF, 0xFF, 0x80, 0x00, 0x00, 0x00,
    0x00, 0x0F, 0xFF, 0xFF, 0xFF, 0x00, 0x00, 0x00, 0x00,
    0x00, 0x0F, 0xFF, 0xFF, 0xFE, 0x00, 0x00, 0x00, 0x00,
    0x00, 0x0F, 0xFF, 0xFF, 0xFE, 0x00, 0x00, 0x00, 0x00,
    0x00, 0x0F, 0xFF, 0xFF, 0xFF, 0x00, 0x00, 0x00, 0x00,
    0x00, 0x0F, 0xFF, 0xFF, 0xFF, 0x80, 0x10, 0x00, 0x00,
    0x00, 0x0F, 0xFF, 0xFF, 0xFF, 0xC0, 0x38, 0x00, 0x00,
    0x00, 0x0F, 0xFE, 0x01, 0xFF, 0xE0, 0x7C, 0x00, 0x00,
    0x00, 0x0F, 0xFC, 0x00, 0xFF, 0xF0, 0xFE, 0x00, 0x00,
    0x00, 0x0F, 0xF8, 0x00, 0x7F, 0xF9, 0xFE, 0x00, 0x00,
    0x00, 0x0F, 0xF0, 0x00, 0x3F, 0xFF, 0xFE, 0x00, 0x00,
    0x00, 0x0F, 0xF0, 0x00, 0x1F, 0xFF, 0xFE, 0x00, 0x00,
    0x00, 0x0F, 0xF0, 0x00, 0x0F, 0xFF, 0xFE, 0x00, 0x00,
    0x00, 0x0F, 0xF0, 0x00, 0x07, 0xFF, 0xFE, 0x00, 0x00,
    0x00, 0x0F, 0xF0, 0x00, 0x03, 0xFF, 0xFC, 0x00, 0x00,
    0x00, 0x0F, 0xF0, 0x00, 0x01, 0xFF, 0xF8, 0x00, 0x00,
    0x00, 0x0F, 0xF8, 0x00, 0x00, 0xFF, 0xF0, 0x00, 0x00,
    0x00, 0x0F, 0xFC, 0x00, 0x01, 0xFF, 0xF8, 0x00, 0x00,
    0x00, 0x0F, 0xFE, 0x00, 0x03, 0xFF, 0xFC, 0x00, 0x00,
    0x00, 0x0F, 0xFF, 0x00, 0x07, 0xFF, 0xFE, 0x00, 0x00,
    0x00, 0x07, 0xFF, 0x80, 0x0F, 0xFF, 0xFF, 0x00, 0x00,
    0x00, 0x03, 0xFF, 0xC0, 0x1F, 0xFF, 0xFF, 0x80, 0x00,
    0x00, 0x01, 0xFF, 0xFF, 0xFF, 0xFF, 0xFF, 0xC0, 0x00,
    0x00, 0x00, 0xFF, 0xFF, 0xFF, 0xF9, 0xFF, 0xE0, 0x00,
    0x00, 0x00, 0x7F, 0xFF, 0xFF, 0xF0, 0xFF, 0xF0, 0x00,
    0x00, 0x00, 0x3F, 0xFF, 0xFF, 0xE0, 0x7F, 0xE0, 0x00,
    0x00, 0x00, 0x1F, 0xFF, 0xFF, 0xC0, 0x3F, 0xC0, 0x00,
    0x00, 0x00, 0x0F, 0xFF, 0xFF, 0x80, 0x1F, 0x80, 0x00,
    0x00, 0x00, 0x07, 0xFF, 0xFF, 0x00, 0x00, 0x00, 0x00,
    0x00, 0x00, 0x03, 0xFF, 0xFE, 0x00, 0x00, 0x00, 0x00,
    0x00, 0x00, 0x01, 0xFF, 0xFC, 0x00, 0x00, 0x00, 0x00,
    0x00, 0x00, 0x00, 0x00, 0x00, 0x00, 0x00, 0x00, 0x00,
    0x00, 0x00, 0x00, 0x00, 0x00, 0x00, 0x00, 0x00, 0x00,
    0x00, 0x00, 0x00, 0x00, 0x00, 0x00, 0x00, 0x00, 0x00,
    0x00, 0x00, 0x00, 0x00, 0x00, 0x00, 0x00, 0x00, 0x00,
    0x00, 0x00, 0x00, 0x00, 0x00, 0x00, 0x00, 0x00, 0x00,
    0x00, 0x00, 0x00, 0x00, 0x00, 0x00, 0x00, 0x00, 0x00,
    0x00, 0x00, 0x00, 0x00, 0x00, 0x00, 0x00, 0x00, 0x00,
    0x00, 0x00, 0x00, 0x00, 0x00, 0x00, 0x00, 0x00, 0x00,
    0x00, 0x00, 0x00, 0x00, 0x00, 0x00, 0x00, 0x00, 0x00,
    0x00, 0x00, 0x00, 0x00, 0x00, 0x00, 0x00, 0x00, 0x00,
};

// 字符: '(' (0x0028)
const uint8_t saiba_72_char_0028[648] = {
    0x00, 0x00, 0x00, 0x00, 0x00, 0x00, 0x00, 0x00, 0x00,
    0x00, 0x00, 0x00, 0x00, 0x00, 0x00, 0x00, 0x00, 0x00,
    0x00, 0x00, 0x00, 0x00, 0x07, 0xC0, 0x00, 0x00, 0x00,
    0x00, 0x00, 0x00, 0x00, 0x0F, 0xE0, 0x00, 0x00, 0x00,
    0x00, 0x00, 0x00, 0x00, 0x1F, 0xF0, 0x00, 0x00, 0x00,
    0x00, 0x00, 0x00, 0x00, 0x3F, 0xF8, 0x00, 0x00, 0x00,
    0x00, 0x00, 0x00, 0x00, 0x7F, 0xF8, 0x00, 0x00, 0x00,
    0x00, 0x00, 0x00, 0x00, 0xFF, 0xF0, 0x00, 0x00, 0x00,
    0x00, 0x00, 0x00, 0x01, 0xFF, 0xE0, 0x00, 0x00, 0x00,
    0x00, 0x00, 0x00, 0x03, 0xFF, 0xC0, 0x00, 0x00, 0x00,
    0x00, 0x00, 0x00, 0x07, 0xFF, 0x80, 0x00, 0x00, 0x00,
    0x00, 0x00, 0x00, 0x0F, 0xFF, 0x00, 0x00, 0x00, 0x00,
    0x00, 0x00, 0x00, 0x1F, 0xFE, 0x00, 0x00, 0x00, 0x00,
    0x00, 0x00, 0x00, 0x1F, 0xFC, 0x00, 0x00, 0x00, 0x00,
    0x00, 0x00, 0x00, 0x1F, 0xF8, 0x00, 0x00, 0x00, 0x00,
    0x00, 0x00, 0x00, 0x1F, 0xF0, 0x00, 0x00, 0x00, 0x00,
    0x00, 0x00, 0x00, 0x1F, 0xE0, 0x00, 0x00, 0x00, 0x00,
    0x00, 0x00, 0x00, 0x1F, 0xE0, 0x00, 0x00, 0x00, 0x00,
    0x00, 0x00, 0x00, 0x1F, 0xE0, 0x00, 0x00, 0x00, 0x00,
    0x00, 0x00, 0x00, 0x1F, 0xE0, 0x00, 0x00, 0x00, 0x00,
    0x00, 0x00, 0x00, 0x1F, 0xE0, 0x00, 0x00, 0x00, 0x00,
    0x00, 0x00, 0x00, 0x1F, 0xE0, 0x00, 0x00, 0x00, 0x00,
    0x00, 0x00, 0x00, 0x1F, 0xE0, 0x00, 0x00, 0x00, 0x00,
    0x00, 0x00, 0x00, 0x1F, 0xE0, 0x00, 0x00, 0x00, 0x00,
    0x00, 0x00, 0x00, 0x1F, 0xE0, 0x00, 0x00, 0x00, 0x00,
    0x00, 0x00, 0x00, 0x1F, 0xE0, 0x00, 0x00, 0x00, 0x00,
    0x00, 0x00, 0x00, 0x1F, 0xE0, 0x00, 0x00, 0x00, 0x00,
    0x00, 0x00, 0x00, 0x1F, 0xE0, 0x00, 0x00, 0x00, 0x00,
    0x00, 0x00, 0x00, 0x1F, 0xE0, 0x00, 0x00, 0x00, 0x00,
    0x00, 0x00, 0x00, 0x1F, 0xE0, 0x00, 0x00, 0x00, 0x00,
    0x00, 0x00, 0x00, 0x1F, 0xE0, 0x00, 0x00, 0x00, 0x00,
    0x00, 0x00, 0x00, 0x1F, 0xE0, 0x00, 0x00, 0x00, 0x00,
    0x00, 0x00, 0x00, 0x1F, 0xE0, 0x00, 0x00, 0x00, 0x00,
    0x00, 0x00, 0x00, 0x1F, 0xE0, 0x00, 0x00, 0x00, 0x00,
    0x00, 0x00, 0x00, 0x1F, 0xE0, 0x00, 0x00, 0x00, 0x00,
    0x00, 0x00, 0x00, 0x1F, 0xE0, 0x00, 0x00, 0x00, 0x00,
    0x00, 0x00, 0x00, 0x1F, 0xE0, 0x00, 0x00, 0x00, 0x00,
    0x00, 0x00, 0x00, 0x1F, 0xE0, 0x00, 0x00, 0x00, 0x00,
    0x00, 0x00, 0x00, 0x1F, 0xE0, 0x00, 0x00, 0x00, 0x00,
    0x00, 0x00, 0x00, 0x1F, 0xE0, 0x00, 0x00, 0x00, 0x00,
    0x00, 0x00, 0x00, 0x1F, 0xE0, 0x00, 0x00, 0x00, 0x00,
    0x00, 0x00, 0x00, 0x1F, 0xE0, 0x00, 0x00, 0x00, 0x00,
    0x00, 0x00, 0x00, 0x1F, 0xE0, 0x00, 0x00, 0x00, 0x00,
    0x00, 0x00, 0x00, 0x1F, 0xE0, 0x00, 0x00, 0x00, 0x00,
    0x00, 0x00, 0x00, 0x1F, 0xE0, 0x00, 0x00, 0x00, 0x00,
    0x00, 0x00, 0x00, 0x1F, 0xE0, 0x00, 0x00, 0x00, 0x00,
    0x00, 0x00, 0x00, 0x1F, 0xE0, 0x00, 0x00, 0x00, 0x00,
    0x00, 0x00, 0x00, 0x1F, 0xE0, 0x00, 0x00, 0x00, 0x00,
    0x00, 0x00, 0x00, 0x1F, 0xE0, 0x00, 0x00, 0x00, 0x00,
    0x00, 0x00, 0x00, 0x1F, 0xE0, 0x00, 0x00, 0x00, 0x00,
    0x00, 0x00, 0x00, 0x1F, 0xE0, 0x00, 0x00, 0x00, 0x00,
    0x00, 0x00, 0x00, 0x1F, 0xE0, 0x00, 0x00, 0x00, 0x00,
    0x00, 0x00, 0x00, 0x1F, 0xE0, 0x00, 0x00, 0x00, 0x00,
    0x00, 0x00, 0x00, 0x1F, 0xE0, 0x00, 0x00, 0x00, 0x00,
    0x00, 0x00, 0x00, 0x1F, 0xF0, 0x00, 0x00, 0x00, 0x00,
    0x00, 0x00, 0x00, 0x1F, 0xF8, 0x00, 0x00, 0x00, 0x00,
    0x00, 0x00, 0x00, 0x1F, 0xFC, 0x00, 0x00, 0x00, 0x00,
    0x00, 0x00, 0x00, 0x1F, 0xFE, 0x00, 0x00, 0x00, 0x00,
    0x00, 0x00, 0x00, 0x0F, 0xFF, 0x00, 0x00, 0x00, 0x00,
    0x00, 0x00, 0x00, 0x07, 0xFF, 0x80, 0x00, 0x00, 0x00,
    0x00, 0x00, 0x00, 0x03, 0xFF, 0xC0, 0x00, 0x00, 0x00,
    0x00, 0x00, 0x00, 0x01, 0xFF, 0xE0, 0x00, 0x00, 0x00,
    0x00, 0x00, 0x00, 0x00, 0xFF, 0xF0, 0x00, 0x00, 0x00,
    0x00, 0x00, 0x00, 0x00, 0x7F, 0xF8, 0x00, 0x00, 0x00,
    0x00, 0x00, 0x00, 0x00, 0x3F, 0xFC, 0x00, 0x00, 0x00,
    0x00, 0x00, 0x00, 0x00, 0x1F, 0xF8, 0x00, 0x00, 0x00,
    0x00, 0x00, 0x00, 0x00, 0x0F, 0xF0, 0x00, 0x00, 0x00,
    0x00, 0x00, 0x00, 0x00, 0x07, 0xE0, 0x00, 0x00, 0x00,
    0x00, 0x00, 0x00, 0x00, 0x00, 0x00, 0x00, 0x00, 0x00,
    0x00, 0x00, 0x00, 0x00, 0x00, 0x00, 0x00, 0x00, 0x00,
    0x00, 0x00, 0x00, 0x00, 0x00, 0x00, 0x00, 0x00, 0x00,
    0x00, 0x00, 0x00, 0x00, 0x00, 0x00, 0x00, 0x00, 0x00,
};

// 字符: ')' (0x0029)
const uint8_t saiba_72_char_0029[648] = {
    0x00, 0x00, 0x00, 0x00, 0x00, 0x00, 0x00, 0x00, 0x00,
    0x00, 0x00, 0x00, 0x00, 0x00, 0x00, 0x00, 0x00, 0x00,
    0x00, 0x00, 0x00, 0x03, 0xE0, 0x00, 0x00, 0x00, 0x00,
    0x00, 0x00, 0x00, 0x07, 0xF0, 0x00, 0x00, 0x00, 0x00,
    0x00, 0x00, 0x00, 0x0F, 0xF8, 0x00, 0x00, 0x00, 0x00,
    0x00, 0x00, 0x00, 0x1F, 0xFC, 0x00, 0x00, 0x00, 0x00,
    0x00, 0x00, 0x00, 0x1F, 0xFE, 0x00, 0x00, 0x00, 0x00,
    0x00, 0x00, 0x00, 0x0F, 0xFF, 0x00, 0x00, 0x00, 0x00,
    0x00, 0x00, 0x00, 0x07, 0xFF, 0x80, 0x00, 0x00, 0x00,
    0x00, 0x00, 0x00, 0x03, 0xFF, 0xC0, 0x00, 0x00, 0x00,
    0x00, 0x00, 0x00, 0x01, 0xFF, 0xE0, 0x00, 0x00, 0x00,
    0x00, 0x00, 0x00, 0x00, 0xFF, 0xF0, 0x00, 0x00, 0x00,
    0x00, 0x00, 0x00, 0x00, 0x7F, 0xF8, 0x00, 0x00, 0x00,
    0x00, 0x00, 0x00, 0x00, 0x3F, 0xFC, 0x00, 0x00, 0x00,
    0x00, 0x00, 0x00, 0x00, 0x1F, 0xFC, 0x00, 0x00, 0x00,
    0x00, 0x00, 0x00, 0x00, 0x0F, 0xFC, 0x00, 0x00, 0x00,
    0x00, 0x00, 0x00, 0x00, 0x07, 0xFC, 0x00, 0x00, 0x00,
    0x00, 0x00, 0x00, 0x00, 0x07, 0xFC, 0x00, 0x00, 0x00,
    0x00, 0x00, 0x00, 0x00, 0x07, 0xFC, 0x00, 0x00, 0x00,
    0x00, 0x00, 0x00, 0x00, 0x07, 0xFC, 0x00, 0x00, 0x00,
    0x00, 0x00, 0x00, 0x00, 0x07, 0xFC, 0x00, 0x00, 0x00,
    0x00, 0x00, 0x00, 0x00, 0x07, 0xFC, 0x00, 0x00, 0x00,
    0x00, 0x00, 0x00, 0x00, 0x07, 0xFC, 0x00, 0x00, 0x00,
    0x00, 0x00, 0x00, 0x00, 0x07, 0xFC, 0x00, 0x00, 0x00,
    0x00, 0x00, 0x00, 0x00, 0x07, 0xFC, 0x00, 0x00, 0x00,
    0x00, 0x00, 0x00, 0x00, 0x07, 0xFC, 0x00, 0x00, 0x00,
    0x00, 0x00, 0x00, 0x00, 0x07, 0xFC, 0x00, 0x00, 0x00,
    0x00, 0x00, 0x00, 0x00, 0x07, 0xFC, 0x00, 0x00, 0x00,
    0x00, 0x00, 0x00, 0x00, 0x07, 0xFC, 0x00, 0x00, 0x00,
    0x00, 0x00, 0x00, 0x00, 0x07, 0xFC, 0x00, 0x00, 0x00,
    0x00, 0x00, 0x00, 0x00, 0x07, 0xFC, 0x00, 0x00, 0x00,
    0x00, 0x00, 0x00, 0x00, 0x07, 0xFC, 0x00, 0x00, 0x00,
    0x00, 0x00, 0x00, 0x00, 0x07, 0xFC, 0x00, 0x00, 0x00,
    0x00, 0x00, 0x00, 0x00, 0x07, 0xFC, 0x00, 0x00, 0x00,
    0x00, 0x00, 0x00, 0x00, 0x07, 0xFC, 0x00, 0x00, 0x00,
    0x00, 0x00, 0x00, 0x00, 0x07, 0xFC, 0x00, 0x00, 0x00,
    0x00, 0x00, 0x00, 0x00, 0x07, 0xFC, 0x00, 0x00, 0x00,
    0x00, 0x00, 0x00, 0x00, 0x07, 0xFC, 0x00, 0x00, 0x00,
    0x00, 0x00, 0x00, 0x00, 0x07, 0xFC, 0x00, 0x00, 0x00,
    0x00, 0x00, 0x00, 0x00, 0x07, 0xFC, 0x00, 0x00, 0x00,
    0x00, 0x00, 0x00, 0x00, 0x07, 0xFC, 0x00, 0x00, 0x00,
    0x00, 0x00, 0x00, 0x00, 0x07, 0xFC, 0x00, 0x00, 0x00,
    0x00, 0x00, 0x00, 0x00, 0x07, 0xFC, 0x00, 0x00, 0x00,
    0x00, 0x00, 0x00, 0x00, 0x07, 0xFC, 0x00, 0x00, 0x00,
    0x00, 0x00, 0x00, 0x00, 0x07, 0xFC, 0x00, 0x00, 0x00,
    0x00, 0x00, 0x00, 0x00, 0x07, 0xFC, 0x00, 0x00, 0x00,
    0x00, 0x00, 0x00, 0x00, 0x07, 0xFC, 0x00, 0x00, 0x00,
    0x00, 0x00, 0x00, 0x00, 0x07, 0xFC, 0x00, 0x00, 0x00,
    0x00, 0x00, 0x00, 0x00, 0x07, 0xFC, 0x00, 0x00, 0x00,
    0x00, 0x00, 0x00, 0x00, 0x07, 0xFC, 0x00, 0x00, 0x00,
    0x00, 0x00, 0x00, 0x00, 0x07, 0xFC, 0x00, 0x00, 0x00,
    0x00, 0x00, 0x00, 0x00, 0x07, 0xFC, 0x00, 0x00, 0x00,
    0x00, 0x00, 0x00, 0x00, 0x07, 0xFC, 0x00, 0x00, 0x00,
    0x00, 0x00, 0x00, 0x00, 0x07, 0xFC, 0x00, 0x00, 0x00,
    0x00, 0x00, 0x00, 0x00, 0x07, 0xFC, 0x00, 0x00, 0x00,
    0x00, 0x00, 0x00, 0x00, 0x0F, 0xFC, 0x00, 0x00, 0x00,
    0x00, 0x00, 0x00, 0x00, 0x1F, 0xFC, 0x00, 0x00, 0x00,
    0x00, 0x00, 0x00, 0x00, 0x3F, 0xFC, 0x00, 0x00, 0x00,
    0x00, 0x00, 0x00, 0x00, 0x7F, 0xF8, 0x00, 0x00, 0x00,
    0x00, 0x00, 0x00, 0x00, 0xFF, 0xF0, 0x00, 0x00, 0x00,
    0x00, 0x00, 0x00, 0x01, 0xFF, 0xE0, 0x00, 0x00, 0x00,
    0x00, 0x00, 0x00, 0x03, 0xFF, 0xC0, 0x00, 0x00, 0x00,
    0x00, 0x00, 0x00, 0x07, 0xFF, 0x80, 0x00, 0x00, 0x00,
    0x00, 0x00, 0x00, 0x0F, 0xFF, 0x00, 0x00, 0x00, 0x00,
    0x00, 0x00, 0x00, 0x1F, 0xFE, 0x00, 0x00, 0x00, 0x00,
    0x00, 0x00, 0x00, 0x0F, 0xFC, 0x00, 0x00, 0x00, 0x00,
    0x00, 0x00, 0x00, 0x07, 0xF8, 0x00, 0x00, 0x00, 0x00,
    0x00, 0x00, 0x00, 0x03, 0xF0, 0x00, 0x00, 0x00, 0x00,
    0x00, 0x00, 0x00, 0x00, 0x00, 0x00, 0x00, 0x00, 0x00,
    0x00, 0x00, 0x00, 0x00, 0x00, 0x00, 0x00, 0x00, 0x00,
    0x00, 0x00, 0x00, 0x00, 0x00, 0x00, 0x00, 0x00, 0x00,
    0x00, 0x00, 0x00, 0x00, 0x00, 0x00, 0x00, 0x00, 0x00,
};

#endif /* SAIBA_72X72_H */
