:020000040800F2
:100000000000082431330008F12B0008F32B00080E
:10001000F52B0008F72B0008F92B00080000000062
:10002000000000000000000000000000FB2B0008A2
:10003000FD2B000800000000FF2B0008012C000829
:1000400085330008853300088533000885330008B0
:1000500085330008853300088533000885330008A0
:10006000092C0008132C00081D2C000885330008FB
:100070008533000885330008853300088533000880
:100080008533000885330008853300088533000870
:10009000853300088533000885330008272C0008C5
:1000A0008533000885330008853300088533000850
:1000B000392C000885330008853300088533000893
:1000C0008533000885330008853300088533000830
:1000D0008533000885330008853300088533000820
:1000E00085330008853300080000000085330008D0
:1000F0008533000885330008853300088533000800
:1001000085330008853300088533000885330008EF
:100110008533000885330008492C00088533000822
:1001200085330008853300088533000885330008CF
:1001300085330008853300088533000885330008BF
:1001400000000000000000000000000000000000AF
:10015000853300088533000885330008853300089F
:10016000853300088533000885330008853300088F
:10017000853300088533000885330008000000003F
:10018000853300088533000885330008853300086F
:10019000853300088533000885330008853300085F
:1001A000592C000885330008692C000885330008A5
:1001B000853300088533000885330008853300083F
:1001C000853300088533000885330008853300082F
:1001D000853300088533000885330008853300081F
:1001E000853300088533000885330008853300080F
:1001F00085330008853300088533000885330008FF
:1002000085330008853300088533000885330008EE
:1002100085330008853300088533000885330008DE
:10022000853300088533000885330008000000008E
:10023000853300088533000800000000853300087E
:1002400085330008853300088533000885330008AE
:10025000853300088533000885330008853300089E
:10026000853300088533000885330008853300088E
:10027000853300088533000885330008000000003E
:10028000853300088533000885330008000000002E
:080290000000000085330008A6
:1002A00010B5054C237833B9044B13B10448AFF3B0
:1002B00000800123237010BD6807002400000000A7
:1002C0000010010808B5034B1BB103490348AFF305
:1002D000008008BD000000006C0700240010010829
:1002E0007BB972B90029BEBF00204FF0004106E083
:1002F00008BF00281CBF6FF000414FF0FF3000F036
:10030000B5B9ADF1080C6DE904CE002909DB002B6D
:100310001ADB00F04DF8DDF804E0DDE9022304B05B
:100320007047404261EB4101002B1BDB00F040F8BD
:10033000DDF804E0DDE9022304B0404261EB410155
:10034000524263EB43037047524263EB430300F0B6
:100350002FF8DDF804E0DDE9022304B0404261EB50
:1003600041017047524263EB430300F021F8DDF88E
:1003700004E0DDE9022304B0524263EB430370471B
:1003800053B94AB9002908BF00281CBF4FF0FF31FC
:100390004FF0FF3000F06AB9ADF1080C6DE904CE02
:1003A00000F006F8DDF804E0DDE9022304B0704750
:1003B0002DE9F047089D0C46002B4ED194468C4504
:1003C0008646B2FA82F262D94AB1C2F12003914064
:1003D00020FA03F30CFA02FC194300FA02FE4FEA7A
:1003E0001C471FFA8CF6B1FBF7F44FEA1E4307FBDC
:1003F000141143EA014304FB06F199420AD91CEBAC
:10040000030304F1FF3080F01281994240F20F8122
:10041000023C6344591A1FFA8EF3B1FBF7F007FB55
:10042000101143EA014300FB06F69E420AD91CEB79
:10043000030300F1FF3180F0FC809E4240F2F9801E
:10044000634402389B1B40EA044000211DB1D340A5
:100450000022C5E90032BDE8F0878B4205D90DB115
:10046000C5E9000100210846F5E7B3FA83F1002948
:1004700046D1A34202D39042C0F0F080861A64EBCA
:1004800003030120002DE6D0C5E90063E3E7002A5D
:1004900040F09080A1EB0C044FEA1C481FFA8CF747
:1004A0000121B4FBF8F64FEA1E4308FB164443EA69
:1004B000044307FB06F0984208D91CEB030306F13E
:1004C000FF3402D2984200F2CD8026461C1A1FFA51
:1004D0008EF3B4FBF8F008FB104443EA044300FB3E
:1004E00007F79F4208D91CEB030300F1FF3402D247
:1004F0009F4200F2B0802046DB1B40EA0640A5E7A1
:10050000C1F120068B4022FA06F71F4320FA06FCB1
:1005100004FA01F343EA0C03F44000FA01F8380C42
:100520004FEA1349B4FBF0FE1FFA87FC00FB1E44A0
:1005300049EA04440EFB0CF9A14502FA01F20AD97A
:100540003C190EF1FF3A80F08480A14540F2818091
:10055000AEF1020E3C44A4EB09041FFA83F9B4FB8C
:10056000F0F300FB134449EA044403FB0CFCA445EC
:1005700007D93C1903F1FF3067D2A44565D9023B86
:100580003C4443EA0E40A0FB0293A4EB0C049C42C3
:10059000CE469C4651D34ED055B1B8EB0E0364EB1A
:1005A0000C0404FA06F6CB401E43CC40C5E90064B7
:1005B000002150E7C2F1200320FA03F10CFA02FCFB
:1005C00024FA03F394400C434FEA1C4800FA02FE5D
:1005D0001FFA8CF7B3FBF8F008FB1031230C43EA49
:1005E000014300FB07F1994208D91CEB030300F11A
:1005F000FF362CD299422AD9023863445B1AA4B23E
:10060000B3FBF8F108FB113344EA034401FB07F3A1
:10061000A34208D91CEB040401F1FF3613D2A34214
:1006200011D902396444E41A41EA004139E7044629
:10063000F0E6084606E7C845AED2B9EB020E63EB1A
:10064000070C0138A8E73146EDE7034699E7304645
:10065000D4E7D6467FE7634402384DE70646234693
:1006600008460FE7023E634430E700BF704700BF13
:1006700001F0FF01102A2BDB10F0070F08D010F853
:10068000013B013A8B422DD010F0070F42B3F6D157
:10069000F0B441EA012141EA014122F007047FF070
:1006A00000070023F0E80256083C85EA010586EAC7
:1006B000010685FA47F5A3FA87F586FA47F6A5FA03
:1006C00087F68EB9EED1F0BC01F0FF0102F007020F
:1006D00032B110F8013B013A83EA010313B1F8D1BA
:1006E0000020704701387047002D06BF354603389B
:1006F000073815F0010F07D1013015F4807F02BFD4
:10070000013015F4C03F0130F0BC0138704700BF24
:10071000034613F8012B002AFBD1181A0138704741
:1007200081F0004102E000BF83F0004330B54FEAA2
:1007300041044FEA430594EA050F08BF90EA020F0F
:100740001FBF54EA000C55EA020C7FEA645C7FEAA2
:10075000655C00F0E2804FEA5454D4EB5555B8BFC5
:100760006D420CDD2C4480EA020281EA030382EA36
:10077000000083EA010180EA020281EA0303362DC8
:1007800088BF30BD11F0004F4FEA01314FF4801C9B
:100790004CEA113102D0404261EB410113F0004FAD
:1007A0004FEA03334CEA133302D0524263EB430364
:1007B00094EA050F00F0A780A4F10104D5F1200E02
:1007C0000DDB02FA0EFC22FA05F2801841F100015D
:1007D00003FA0EF2801843FA05F359410EE0A5F131
:1007E00020050EF1200E012A03FA0EFC28BF4CF062
:1007F000020C43FA05F3C01851EBE37101F0004518
:1008000007D54FF0000EDCF1000C7EEB00006EEB24
:100810000101B1F5801F1BD3B1F5001F0CD34908AE
:100820005FEA30004FEA3C0C04F101044FEA445205
:1008300012F5800F80F09A80BCF1004F08BF5FEA8C
:10084000500C50F1000041EB045141EA050130BD6C
:100850005FEA4C0C404141EB0101013C28BFB1F57E
:10086000801FE9D291F0000F04BF01460020B1FAC9
:1008700081F308BF2033A3F10B03B3F120020CDA9C
:100880000C3208DD02F1140CC2F10C0201FA0CF07A
:1008900021FA02F10CE002F11402D8BFC2F1200CDF
:1008A00001FA02F120FA0CFCDCBF41EA0C01904095
:1008B000E41AA2BF01EB0451294330BD6FEA0404DE
:1008C0001F3C1CDA0C340EDC04F11404C4F12002C9
:1008D00020FA04F001FA02F340EA030021FA04F3DB
:1008E00045EA030130BDC4F10C04C4F1200220FA32
:1008F00002F001FA04F340EA0300294630BD21FA70
:1009000004F0294630BD94F0000F83F4801306BF35
:1009100081F480110134013D4EE77FEA645C18BF29
:100920007FEA655C29D094EA050F08BF90EA020FC0
:1009300005D054EA000C04BF1946104630BD91EAB8
:10094000030F1EBF0021002030BD5FEA545C05D1BB
:100950004000494128BF41F0004130BD14F58004FA
:100960003CBF01F5801130BD01F0004545F0FE416E
:1009700041F470014FF0000030BD7FEA645C1ABFA3
:10098000194610467FEA655C1CBF0B46024650EADA
:10099000013406BF52EA033591EA030F41F4002106
:1009A00030BD00BF90F0000F04BF0021704730B58C
:1009B0004FF4806404F132044FF000054FF0000161
:1009C00050E700BF90F0000F04BF0021704730B522
:1009D0004FF4806404F1320410F0004548BF4042F7
:1009E0004FF000013EE700BF42004FEAE2014FEA4C
:1009F00031014FEA02701FBF12F07F4393F07F4F27
:100A000081F06051704732F07F4208BF704793F029
:100A10007F4F04BF41F40021704730B54FF460743C
:100A200001F0004521F000411CE700BF50EA01023F
:100A300008BF704730B54FF000050AE050EA0102E8
:100A400008BF704730B511F0004502D5404261EB58
:100A500041014FF4806404F132045FEA915C3FF499
:100A6000D8AE4FF003025FEADC0C18BF03325FEA36
:100A7000DC0C18BF033202EBDC02C2F1200300FAE7
:100A800003FC20FA02F001FA03FE40EA0E0021FA0C
:100A900002F11444BDE600BF70B54FF0FF0C4CF4FA
:100AA000E06C1CEA11541DBF1CEA135594EA0C0FAC
:100AB00095EA0C0F00F0DEF82C4481EA030621EAE7
:100AC0004C5123EA4C5350EA013518BF52EA033522
:100AD00041F4801143F4801338D0A0FB02CE4FF0D4
:100AE0000005E1FB02E506F00042E0FB03E54FF004
:100AF0000006E1FB03569CF0000F18BF4EF0010EFC
:100B0000A4F1FF04B6F5007F64F5407404D25FEAF7
:100B10004E0E6D4146EB060642EAC62141EA5551AA
:100B20004FEAC52040EA5E504FEACE2EB4F1FD0CEC
:100B300088BFBCF5E06F1ED8BEF1004F08BF5FEA6A
:100B4000500E50F1000041EB045170BD06F000461C
:100B500046EA010140EA020081EA0301B4EB5C04C9
:100B6000C2BFD4EB0C0541EA045170BD41F48011C1
:100B70004FF0000E013C00F3AB8014F1360FDEBFE6
:100B8000002001F0004170BDC4F10004203C35DAC2
:100B90000C341BDC04F11404C4F1200500FA05F345
:100BA00020FA04F001FA05F240EA020001F00042E6
:100BB00021F0004110EBD37021FA04F642EB06015C
:100BC0005EEA430E08BF20EAD37070BDC4F10C0486
:100BD000C4F1200500FA04F320FA05F001FA04F24A
:100BE00040EA020001F0004110EBD37041F1000136
:100BF0005EEA430E08BF20EAD37070BDC4F1200541
:100C000000FA05F24EEA020E20FA04F301FA05F2A8
:100C100043EA020321FA04F001F0004121FA04F250
:100C200020EA020000EBD3705EEA430E08BF20EA20
:100C3000D37070BD94F0000F0FD101F0004640005A
:100C400041EB010111F4801F08BF013CF7D041EADC
:100C5000060195F0000F18BF704703F000465200E0
:100C600043EB030313F4801F08BF013DF7D043EAB1
:100C70000603704794EA0C0F0CEA135518BF95EA67
:100C80000C0F0CD050EA410618BF52EA4306D1D1EE
:100C900081EA030101F000414FF0000070BD50EA0D
:100CA000410606BF1046194652EA430619D094EA97
:100CB0000C0F02D150EA013613D195EA0C0F05D181
:100CC00052EA03361CBF104619460AD181EA0301D5
:100CD00001F0004141F0FE4141F470014FF000008D
:100CE00070BD41F0FE4141F4780170BD70B54FF028
:100CF000FF0C4CF4E06C1CEA11541DBF1CEA1355A8
:100D000094EA0C0F95EA0C0F00F0A7F8A4EB050489
:100D100081EA030E52EA03354FEA013100F0888080
:100D20004FEA03334FF0805545EA131343EA126349
:100D30004FEA022245EA111545EA10654FEA0026FE
:100D40000EF000419D4208BF964244F1FD0404F5B7
:100D5000407402D25B084FEA3202B61A65EB030513
:100D60005B084FEA32024FF480104FF4002CB6EBD0
:100D7000020E75EB030E22BFB61A754640EA0C0050
:100D80005B084FEA3202B6EB020E75EB030E22BF90
:100D9000B61A754640EA5C005B084FEA3202B6EBD1
:100DA000020E75EB030E22BFB61A754640EA9C0090
:100DB0005B084FEA3202B6EB020E75EB030E22BF60
:100DC000B61A754640EADC0055EA060E18D04FEA1E
:100DD000051545EA16754FEA06164FEAC30343EABE
:100DE00052734FEAC2025FEA1C1CC0D111F4801F8B
:100DF0000BD141EA00014FF000004FF0004CB6E784
:100E000011F4801F04BF01430020B4F1FD0C88BF22
:100E1000BCF5E06F3FF6AFAEB5EB030C04BFB6EB2D
:100E2000020C5FEA500C50F1000041EB045170BD20
:100E30000EF0004E4EEA113114EB5C04C2BFD4EB4D
:100E40000C0541EA045170BD41F480114FF0000ED1
:100E5000013C90E645EA060E8DE60CEA135594EA4D
:100E60000C0F08BF95EA0C0F3FF43BAF94EA0C0F50
:100E70000AD150EA01347FF434AF95EA0C0F7FF4C5
:100E800025AF104619462CE795EA0C0F06D152EA19
:100E900003353FF4FDAE1046194622E750EA4106FD
:100EA00018BF52EA43067FF4C5AE50EA41047FF40E
:100EB0000DAF52EA43057FF4EBAE12E74FF0FF3C73
:100EC00006E000BF4FF0010C02E000BF4FF0010C44
:100ED0004DF804CD4FEA410C7FEA6C5C4FEA430CBD
:100EE00018BF7FEA6C5C1BD001B050EA410C0CBF0C
:100EF00052EA430C91EA030F02BF90EA020F00206E
:100F0000704710F1000F91EA030F58BF994208BFD4
:100F100090422CBFD8176FEAE37040F00100704791
:100F20004FEA410C7FEA6C5C02D150EA013C07D1E8
:100F30004FEA430C7FEA6C5CD6D152EA033CD3D033
:100F40005DF8040B704700BF8446104662468C462D
:100F50001946634600E000BF01B5FFF7B7FF002860
:100F600048BF10F1000F01BD4DF808EDFFF7F4FF89
:100F70000CBF012000205DF808FB00BF4DF808ED14
:100F8000FFF7EAFF34BF012000205DF808FB00BF37
:100F90004DF808EDFFF7E0FF94BF012000205DF859
:100FA00008FB00BF4DF808EDFFF7CEFF94BF01200E
:100FB00000205DF808FB00BF4DF808EDFFF7C4FF07
:100FC00034BF012000205DF808FB00BF4FEA410C50
:100FD0007FEA6C5C02D150EA013C0AD14FEA430C33
:100FE0007FEA6C5C02D152EA033C02D14FF0000070
:100FF00070474FF0010070474FEA410212F50012AE
:1010000015D211D56FF47873B3EB625212D94FEA4F
:10101000C12343F0004343EA505311F0004F23FA39
:1010200002F018BF404270474FF00000704750EA8E
:10103000013005D111F0004008BF6FF0004070474B
:101040004FF00000704700BF10B40D4CA47954B9A4
:10105000019C20600298016003990A60049A136061
:101060005DF8044B7047019C216040F27F218A1A91
:10107000029C2260039A1360091A049B1960EFE72F
:101080000C00002420F01F0200F01F00084400F1B3
:101090001F0323F01F03002B0CDDBFF34F8F064906
:1010A000C1F868222032203B002BF8DCBFF34F8FC1
:1010B000BFF36F8F704700BF00ED00E020F01F020C
:1010C00000F01F00084400F11F0323F01F03002B52
:1010D0000CDDBFF34F8F0649C1F85C222032203B64
:1010E000002BF8DCBFF34F8FBFF36F8F704700BF4B
:1010F00000ED00E010B4064CA4685B1AC3EB0313C8
:10110000121A02EB431202FB04405DF8044B7047D5
:101110000C000024014B1868704700BF0400002435
:10112000002B18BF002A53D070B588B014461D4656
:10113000284B1A68284B1B689A4247D0274B1B88BC
:10114000834243D9254A52888A423FD926189E4273
:1011500001D91B1A9CB26B18934201D9521A95B24D
:10116000221892B26B189BB2013B013A04AC039473
:1011700005AC029406AC019407AC00949BB292B209
:10118000FFF762FF059B079A9B1A144A966803FBB8
:101190000666049D069BED1A0135002414E00F4BF2
:1011A0009868069B2344C3EB0313079A02EB431290
:1011B00002FB00F3074A1068074A116832461944D7
:1011C00018440BF095FB0134AC42E8D308B070BD75
:1011D000704700BF04000024080000240C00002415
:1011E00010B504464FF41621FFF74CFF00222146AC
:1011F0000C4804F0DDF988B902210A4804F0B0F97E
:1012000002F024F90446084B5B6A13F0020F04D085
:1012100002F01CF9001B3228F5D910BD01F03BF893
:10122000EAE700BF9C0800240010005010B5054CF0
:101230002068FFF7D5FF044B1A6821681960226007
:1012400010BD00BF0400002408000024F8B5184BAE
:1012500047F201729A804FF420721A804FF4F072B4
:101260005A8001229A7102229A60124F4FF0404038
:101270003860114D114B2B60114B4FF6FF721A6005
:101280000026104B1E604FF41624224631460BF008
:10129000B2FA2246314628680BF0ADFA214638688A
:1012A000FFF7F0FE21462868FFF7ECFEF8BD00BF0F
:1012B0000C0000240800002404000024000020C0CA
:1012C00000000024840700240A4B987130B94FF4C1
:1012D000F0721A804FF420725A807047012800D0B3
:1012E0007047044B4FF420721A804FF4F0725A800A
:1012F000F6E700BF0C00002470B588B004AC03947E
:1013000005AC029406AC019407AC0094FFF79CFE78
:10131000079884B2059B9BB2E41AA4B204F2DF14CE
:10132000A4B2284B9A680699C1EB011300EB431352
:10133000254D2D6803FB0255049B059AFFF7DAFE45
:10134000064601462846FFF79DFE204AD2F8D830CF
:1013500043F40003C2F8D8301D4B1A6822F0010292
:101360001A603F229A604FF440321A6002225A6398
:101370001C64DD63049A0699521A01320599079894
:10138000091A013142EA01425A64BDF830209A63D9
:101390001A6842F001021A6000230D4A526812F0E6
:1013A000020F03D10133B3F5001FF6D3084A936847
:1013B00043F00203936031462846FFF77FFE08B0F2
:1013C00070BD00BF0C00002404000024004402583B
:1013D0000010005230B583B004460C4D002210219D
:1013E000284603F0BBFDADF806400A2301220DF1AB
:1013F0000601074807F0DEFA0446012210212846BC
:1014000003F0ACFD204603B030BD00BF000402581D
:10141000A809002430B583B004460D4D00221021E8
:10142000284603F09BFD44F48074ADF806400A237F
:1014300001220DF10601074807F0BCFA044601221B
:101440001021284603F08AFD204603B030BD00BFBE
:1014500000040258A809002438B5FD4D01224FF4BC
:101460008061284603F07AFDFA4C01228021204653
:1014700003F074FD1E2001F0EFFF00224FF48061A5
:10148000284603F06BFD00228021204603F066FD14
:10149000642001F0E1FF01224FF48061284603F04F
:1014A0005DFD01228021204603F058FD1E2001F041
:1014B000D3FF1120FFF78EFF642001F0CDFFFF2046
:1014C000FFF788FF7720FFF7A5FF0120FFF7A2FFB6
:1014D0000020FFF79FFF0020FFF79CFF1320FFF77E
:1014E00099FFEF20FFF776FF0820FFF793FFFF201B
:1014F000FFF770FF7720FFF78DFF0120FFF78AFFCE
:101500000020FFF787FF0020FFF784FF1020FFF780
:1015100081FFC020FFF75EFF4F20FFF77BFF002019
:10152000FFF778FFC120FFF755FF1020FFF772FF8C
:101530000C20FFF76FFFC220FFF74CFF0120FFF7E1
:1015400069FF1420FFF766FFCC20FFF743FF102050
:10155000FFF760FFB020FFF73DFF0A20FFF75AFFBB
:101560001820FFF757FF1E20FFF754FF1220FFF748
:1015700051FF1620FFF74EFF0C20FFF74BFF0E2008
:10158000FFF748FF0D20FFF745FF0C20FFF742FF54
:101590002920FFF73FFF0620FFF73CFF1420FFF74D
:1015A00039FF1320FFF736FF2920FFF733FF3320E1
:1015B000FFF730FF1C20FFF72DFFB120FFF70AFFD8
:1015C0000A20FFF727FF1920FFF724FF2120FFF74C
:1015D00021FF0A20FFF71EFF0C20FFF71BFF002052
:1015E000FFF718FF0C20FFF715FF0320FFF712FF8E
:1015F0000320FFF70FFF2320FFF70CFF0120FFF769
:1016000009FF0E20FFF706FF0C20FFF703FF27203E
:10161000FFF700FF2B20FFF7FDFE1C20FFF7FAFE6F
:10162000FF20FFF7D7FE7720FFF7F4FE0120FFF73A
:10163000F1FE0020FFF7EEFE0020FFF7EBFE112089
:10164000FFF7E8FEB020FFF7C5FE5D20FFF7E2FEE2
:10165000B120FFF7BFFE4F20FFF7DCFEB220FFF7FF
:10166000B9FE0020FFF7D6FEB320FFF7B3FE8020BF
:10167000FFF7D0FEB520FFF7ADFE0C20FFF7CAFE46
:10168000B720FFF7A7FE8520FFF7C4FEB820FFF7BD
:10169000A1FE2020FFF7BEFEC120FFF79BFE7820B1
:1016A000FFF7B8FEC220FFF795FE7820FFF7B2FEE5
:1016B000D020FFF78FFE8820FFF7ACFEE020FFF779
:1016C00089FE0020FFF7A6FE0020FFF7A3FE022000
:1016D000FFF7A0FEE120FFF77DFE0620FFF79AFE50
:1016E000A020FFF797FE0820FFF794FEA020FFF749
:1016F00091FE0520FFF78EFEA020FFF78BFE07204E
:10170000FFF788FEA020FFF785FE0020FFF782FE8E
:101710004420FFF77FFE4420FFF77CFEE220FFF726
:1017200059FE2020FFF776FE2020FFF773FE4420AD
:10173000FFF770FE4420FFF76DFE9620FFF76AFE6C
:10174000A020FFF767FE0020FFF764FE0020FFF7F0
:1017500061FE9620FFF75EFEA020FFF75BFE0020F3
:10176000FFF758FE0020FFF755FEE320FFF732FE9B
:101770000020FFF74FFE0020FFF74CFE2220FFF76E
:1017800049FE2220FFF746FEE420FFF723FE442017
:10179000FFF740FE4420FFF73DFEE520FFF71AFE6D
:1017A0000D20FFF737FE9120FFF734FE0A20FFF7E8
:1017B00031FEA020FFF72EFE0F20FFF72BFE932017
:1017C000FFF728FE0A20FFF725FEA020FFF722FEE4
:1017D0000920FFF71FFE8D20FFF71CFE0A20FFF7F0
:1017E00019FEA020FFF716FE0B20FFF713FE8F2037
:1017F000FFF710FE0A20FFF70DFEA020FFF70AFEFC
:10180000E620FFF7E7FD0020FFF704FE0020FFF7CA
:1018100001FE2220FFF7FEFD2220FFF7FBFDE7205F
:10182000FFF7D8FD4420FFF7F5FD4420FFF7F2FD58
:10183000E820FFF7CFFD0C20FFF7ECFD9020FFF72D
:10184000E9FD0A20FFF7E6FDA020FFF7E3FD03E036
:1018500000000258000402580E20FFF7DBFD922022
:10186000FFF7D8FD0A20FFF7D5FDA020FFF7D2FD36
:101870000820FFF7CFFD8C20FFF7CCFD0A20FFF7F3
:10188000C9FDA020FFF7C6FD0A20FFF7C3FD8E208B
:10189000FFF7C0FD0A20FFF7BDFDA020FFF7BAFD4E
:1018A000E920FFF797FD3620FFF7B4FD0020FFF792
:1018B000B1FDEB20FFF78EFD0020FFF7ABFD01200F
:1018C000FFF7A8FDE420FFF7A5FDE420FFF7A2FD48
:1018D0004420FFF79FFD8820FFF79CFD4020FFF785
:1018E00099FDED20FFF776FDFF20FFF793FD4520E2
:1018F000FFF790FD6720FFF78DFDFA20FFF78AFDC7
:101900000120FFF787FD2B20FFF784FDCF20FFF795
:1019100081FDFF20FFF77EFDFF20FFF77BFDFC2010
:10192000FFF778FDB220FFF775FD1020FFF772FD7D
:10193000AF20FFF76FFD7620FFF76CFD5420FFF717
:1019400069FDFF20FFF766FDEF20FFF743FD102044
:10195000FFF760FD0D20FFF75DFD0420FFF75AFD46
:101960000820FFF757FD3F20FFF754FD1F20FFF72A
:1019700051FD3A20FFF72EFD6620FFF74BFD1120A9
:10198000FFF728FD782001F067FD3620FFF722FDE4
:101990006820FFF73FFD3520FFF71CFD0020FFF713
:1019A00039FD2920FFF716FD38BD00BF08B5FFF748
:1019B00053FD08BD00B589B0002301930293039342
:1019C000049305930693079319481A4A02608360AB
:1019D000C3600422026103754375012282610377AB
:1019E00043628362C3620363436380F83830C26337
:1019F00002F09EFAB0B9104B019306230293002324
:101A0000039340F2FF7204920422059206938DF82C
:101A10001D300DEB0201064801F096FD28B909B012
:101A20005DF804FB00F037FCE5E700F034FCF6E776
:101A30008807002400600258000084CB10B5B2B0C3
:101A40000446C022002102A80AF0D5FE2268154BE8
:101A50009A4201D032B010BD4FF400220023CDE9EC
:101A60000223022304930C22059206930793089302
:101A7000C023099320230A9302A804F083FF68B9C6
:101A8000094BD3F8E02042F08072C3F8E020D3F88D
:101A9000E03003F080730193019BDBE700F0FBFB78
:101AA000EEE700BF006002580044025808B50F4836
:101AB0000F4B03600023436002228260C3604364D3
:101AC0008264C364036543658365C36502F03EFEBB
:101AD00028B90121054802F077FF18B908BD00F0C8
:101AE000DAFBF6E700F0D7FBF8E700BFEC070024CD
:101AF0000010005202680F4B9A4200D0704700B5A8
:101B000083B00D4BD3F8D42042F01002C3F8D42098
:101B1000D3F8D43003F010030193019B0022114647
:101B20005A2002F01FFD5A2002F040FD03B05DF87C
:101B300004FB00BF0010005200440258F0B5B9B0D9
:101B40000023339334933593369337933B4B1B6881
:101B50000BB139B0F0BD394B01221A60C02200210F
:101B600002A80AF048FE4FF080720023CDE902235C
:101B700002A804F007FF00285CD1314BD3F8D42031
:101B800042F48052C3F8D420D3F8D43003F4805305
:101B90000193019B4FF63F033393022434940026B4
:101BA000359636940C25379533A9264802F0F8FF70
:101BB00080233393349435963694379533A922484D
:101BC00002F0EEFF302333933494359636943795F4
:101BD00033A91E4802F0E4FF012333933494359671
:101BE000369437951A4F33A9384602F0D9FF48F298
:101BF000361333933494359603233693379533A9AC
:101C0000384602F0CDFF4FF6837333933494359604
:101C10003694379533A90F4802F0C2FF4CF2037394
:101C20003393349435963694379533A90A4802F0A5
:101C3000B7FF8EE700F02FFB9FE700BF540800249A
:101C400000440258001402580000025800080258CC
:101C50000018025800100258000C02582DE9F041FB
:101C600082B005460C464FF00008CDF804800126EE
:101C70000E6010274F608E60C1F80C804FF48052C8
:101C800006F016FC304601F0E7FB02232360676094
:101C9000A660C4F80C804FF480522146284606F016
:101CA00007FC0323236067600823A360C4F80C804B
:101CB0004FF480522146284606F0FAFB40F23123C9
:101CC0000193042323606760A660019BE3604FF4E7
:101CD00080522146284606F0EBFB40F2963128461A
:101CE00006F007FC02B0BDE8F081000000B589B045
:101CF00000230193029303930493059306930793A0
:101D000019481A4A02604360012282600822C260B8
:101D100010210161402141614FF4C0718161C361B3
:101D20004FF4006303624FF4805343624FF4005357
:101D300083620223019309210291062103910492F7
:101D400004220592069307930DEB020106F088FB2F
:101D500030B907490448FFF781FF09B05DF804FB7B
:101D600000F099FAF5E700BF5808002440410052FE
:101D70008C08002408B5FFF7E1FE08BDF0B58FB070
:101D8000002409940A940B940C940D945F4BD3F89F
:101D9000E02042F01002C3F8E020D3F8E02002F087
:101DA00010020192019AD3F8E02042F02002C3F819
:101DB000E020D3F8E02002F020020292029AD3F849
:101DC000E02042F08002C3F8E020D3F8E02002F0E7
:101DD00080020392039AD3F8E02042F00402C3F891
:101DE000E020D3F8E02002F004020492049AD3F831
:101DF000E02042F00102C3F8E020D3F8E02002F036
:101E000001020592059AD3F8E02042F00202C3F8DD
:101E1000E020D3F8E02002F002020692069AD3F8FE
:101E2000E02042F04002C3F8E020D3F8E02002F0C6
:101E300040020792079AD3F8E02042F00802C3F864
:101E4000E020D3F8E03003F008030893089B304EFD
:101E500022464FF4C061304603F080F82D4F2246F1
:101E60009021384603F07AF87C2309934FF48813C5
:101E70000A930B9409A9284802F092FE04230993BF
:101E80000A940B9409A9304602F08AFE4FF40063CD
:101E900009930A940B9409A9204802F081FE4FF49B
:101EA000C063099301250A950B940C9509A9304646
:101EB00002F076FE902309930A950B940C9509A9DC
:101EC000384602F06DFE22462146082002F04AFB09
:101ED000082002F06BFB22462146092002F042FB5B
:101EE000092002F063FB224621460A2002F03AFB59
:101EF0000A2002F05BFB22462146172002F032FB4B
:101F0000172002F053FB0FB0F0BD00BF0044025891
:101F1000000002580004025800100258000C025839
:101F200000B58FB03422002101A80AF064FC2848D3
:101F3000284B0360002343608360C3600361062273
:101F4000426182613F22C2612B22026240F21F2263
:101F5000426240F2AB22826240F22922C26240F227
:101F6000B722026380F8343080F8353080F836309C
:101F700003F0EAF828BB002201924FF4F0710291BD
:101F800003924FF42073049302200590FF200690E3
:101F900007924FF480600890052009904FF0404070
:101FA0000A900B910C938DF834208DF835208DF824
:101FB000362001A9064803F025FA28B90FB05DF8CC
:101FC00004FB00F068F9D6E700F065F9F6E700BF1A
:101FD0009C080024001000502DE9F04FBFB00446CB
:101FE000002139913A913B913C913D91C02208A842
:101FF0000AF001FC2268764B9A4202D03FB0BDE85D
:10200000F08F4FF000520023CDE9082301231293F3
:1020100006231393022314931593032316934FF46B
:10202000406317934FF40073189308A804F0AAFCB8
:10203000002840F0CA80674BD3F8E42042F0080241
:10204000C3F8E420D3F8E42002F008020192019AD8
:10205000D3F8E02042F02002C3F8E020D3F8E020DB
:1020600002F020020292029AD3F8E02042F0040229
:10207000C3F8E020D3F8E02002F004020392039AB0
:10208000D3F8E02042F00102C3F8E020D3F8E020CA
:1020900002F001020492049AD3F8E02042F0020216
:1020A000C3F8E020D3F8E02002F002020592059A7E
:1020B000D3F8E02042F04002C3F8E020D3F8E0205B
:1020C00002F040020692069AD3F8E02042F008029D
:1020D000C3F8E020D3F8E03003F008030793079B30
:1020E0004FF4806BCDF8E4B002253A9500243B9480
:1020F00003263C960E273D9739A9374802F050FD3C
:10210000C12339933A953B943C963D97DFF8D4A090
:1021100039A9504602F044FD782339933A953B940F
:102120003C963D9739A92D4802F03AFD39963A95EB
:102130003B943C964FF00909CDF8F490DFF8A88065
:1021400039A9404602F02CFD4FF4706339933A955B
:102150003B943C963D9739A9404602F021FD4FF44F
:102160000C6339933A953B943C963D9708F5A058FB
:1021700039A9404602F014FDCDF8E4B03A953B94FD
:102180003C953D9739A9504602F00AFD0823399342
:102190003A953B943C963D9739A9114802F000FDD1
:1021A0004FF4A05339933A953B943C96CDF8F49074
:1021B00039A9404602F0F4FC22462146582002F09C
:1021C000D1F9582002F0F2F918E700F064F832E78C
:1021D0000010005000440258001402580000025839
:1021E000000C0258000802580004025808B509F013
:1021F000A9FF08BDD9B108B503460846022B0CD08B
:10220000032B0FD100F0E0FB18B10948FFF7EEFFF8
:1022100008E00848FFF7EAFF04E091F8400000F00A
:102220003FFC00B108BD0348FFF7E0FFFAE7704745
:10223000181001082410010810B584B0002400947F
:1022400001940294039402F0D3F901238DF8003035
:102250008DF801404FF04042019218228DF808207D
:102260008DF809408DF80A4003228DF80B208DF877
:102270000C308DF80D308DF80E308DF80F4068461B
:1022800002F0D4F9042002F0C1F904B010BD08B581
:1022900009F00CFF08BD72B6FEE7000000B59DB066
:1022A0004C22002109A80AF0A6FA2022002101A848
:1022B0000AF0A1FA022003F0A7F900230093264BAD
:1022C0009A6942F440429A619B6903F44043009347
:1022D000224BDA6A42F00102DA62DB6A03F00103A0
:1022E0000093009B1C4B9B6913F4005FFAD0012301
:1022F00009934FF480330A93022312931393052218
:102300001492C022159216930F2217921893082345
:10231000199300231A931B9309A803F0ABF9B8B9DA
:102320003F23019303230293002303930823049381
:102330004023059306934FF480620792089304218B
:102340000DEB010003F0D0FE20B91DB05DF804FBD9
:10235000FFF7A1FFFFF79FFF004802580004005855
:1023600010B5FFF769FF474B5B6913F4003F13D1CA
:10237000BFF34F8FBFF36F8F424B0022C3F8502241
:10238000BFF34F8FBFF36F8F5A6942F400325A6127
:10239000BFF34F8FBFF36F8F3A4B5B6913F4803FEE
:1023A00027D1384B0022C3F88420BFF34F8FD3F8D6
:1023B0008040C4F34E3000E01846C4F3C90243F62F
:1023C000E07303EA401343EA82732E49C1F8603296
:1023D0001346013A002BF2D1431E0028ECD1BFF383
:1023E0004F8F4B6943F480334B61BFF34F8FBFF383
:1023F0006F8F00F0F1FFFFF751FFFFF7BFFCFFF712
:1024000055FBFFF773FCFFF78BFD00F063FB00F05B
:102410007DFD00F067FE00F031FE00F097FE00F059
:1024200011FDFFF7C7FA00F03FFDFEF70FFFFFF7C2
:10243000BDFA0120FEF748FF3C21134806F0D8FF03
:102440003C21124806F0D4FF114800F04DFA00215B
:10245000104809F071FE002009F05AFE09F090FDC5
:102460000D4809F0A9FE05E00B4809F071FE0120B6
:1024700000F0F2FF09F006FE074800F043FA0028DA
:10248000F2D1F4E700ED00E0CC0A0024800A002439
:10249000180B0024F521000844090024704700B5FA
:1024A00086464FF0000C4FF6FF7010E040080133F5
:1024B000DBB2072B07D810F0010FF7D04AF2010268
:1024C00082EA5000F3E70CF1010C1FFA8CFC8C45FA
:1024D00004D21EF80C3058400023EAE75DF804FBF4
:1024E0000170090A417070470170C1F307234370FE
:1024F000C1F307438370090EC170704703784078B9
:1025000043EA002070470378427843EA0223827846
:1025100043EA0243C07843EA006070472DE9F8437C
:102520000646884691460024E51CADB2454500F2BA
:10253000C680375D601C3044FFF7E0FF0346E21CB5
:10254000B018EC18A4B2444500F2B980042B11D0A5
:10255000012BE9D1143F042FE6D801A353F827F04B
:1025600093260008A126000829250008AF260008A8
:10257000B7260008FFF7C7FF0A3F1D2FD4D801A3D5
:1025800053F827F0FD250008032600080926000857
:102590000F26000815260008272600082925000810
:1025A000392600083F2600082925000829250008AB
:1025B000292500088126000829250008292500086A
:1025C00029250008292500082925000829250008B3
:1025D0004526000857260008692600086F260008CF
:1025E000752600087B2600082925000829250008F3
:1025F00029250008872600088D260008C9F8000054
:1026000092E7C9F804008FE7C9F808008CE7C9F819
:102610000C0089E7304B83FB0023C017C0EB63102D
:10262000C9F8100080E72C4B83FB0023C017C0EBD8
:102630006310C9F8140077E7C9F81C0074E7C9F8FB
:10264000200071E7244B83FB0023C017C0EB63100D
:10265000C9F8240068E7204B83FB0023C017C0EBB8
:102660006310C9F828005FE7C9F82C005CE7C9F8D7
:10267000300059E7C9F8340056E7C9F8380053E785
:10268000A9F83C0050E7A9F818004DE7A9F81A008E
:102690004AE7B35CB3FA83F35B0989F8413043E757
:1026A000B35C003B18BF012389F840303CE7B35CC2
:1026B00089F83E3038E7B35C89F83F3034E7074BA0
:1026C0001868C9F842009A889B79A9F8462089F8C9
:1026D0004830BDE8F88300BF1F85EB51301001087A
:1026E0002DE9F8431D4602F10806B6B2BDF82030C8
:1026F0009E4203D900263046BDE8F88381468846CD
:102700001446971CBFB2AA232B7055236B70394611
:10271000A81CFFF7E5FE85F804900D4A1378591CB4
:1027200011706B71002C18BFB8F1000F0AD1A11DF8
:1027300089B22846FFF7B3FE01460437E819FFF7D0
:10274000CFFED8E722464146A81D0AF0D1F8EEE7B1
:10275000A009002400B5C5B04FF48473009302AB08
:10276000FFF7BEFF0246094B186860B11AB9002096
:1027700045B05DF804FB142302A907F0B8FCB0FAD9
:1027800080F04009F4E70020F2E700BFA40900242C
:102790002DE9F04FC7B006460F4690461C4600F0A4
:1027A00055FE504B1B68002B00F093800546002F10
:1027B00018BF002E0CBF4FF001094FF0000900F0C8
:1027C0008B80B8F1000F35D188E0C0F34F000133A2
:1027D000DBB2072B08D810F0010FF6D0C0F34F0280
:1027E0004AF201005040F2E7013189B2514505D269
:1027F00003AB5B5C434098B2009BEAE7019B9842C5
:1028000013D19DF80C303370A8F800B0BBF1000F65
:1028100002D14FF0010961E05A460DF10E01384630
:102820000AF066F84FF0010958E000F00FFE401B77
:10283000A04253D201231A460DF21711294800680D
:1028400007F0BDFC0028F0D19DF81731AA2BECD180
:10285000022301220DF217112248006807F0AFFC95
:102860000028E2D19DF81731552BDED1AA238DF82F
:10287000103155238DF81131042302220DF5897191
:102880001848006807F09BFC0028CED10DF5897030
:10289000FFF734FE8246A0F1020B1FFA8BFBBBF55B
:1028A000807FC2D8821C234692B203A90D480068DB
:1028B00007F085FC00900028B7D103AB03EB0A00BA
:1028C000FFF71CFE0190042144A8FFF7E8FD00215A
:1028D0008CE74FF0000901E04FF00009484647B08F
:1028E000BDE8F08FA4090024034B18600023034ABD
:1028F0001370034A13607047A4090024A009002440
:102900009C09002430B5C3B0044600F09FFD002CA4
:102910004BD0284B1B68002B49D0274B1B68C31A90
:10292000B3F5967F03D20023184643B030BD224B47
:102930001860002211460320FFF70CFF0546C8B1BE
:1029400012230DF1020201A90DF20710FFF720FF7B
:102950000346D0B19DF80721002A18BF032A0CBFF7
:102960000125002519D0154A03CAC4F84200C4F84D
:102970004610D9E7124B03CBC4F84200C4F8461006
:102980001B7884F84A300123CEE70E4B03CBC4F802
:102990004200C4F846102B46C6E72246BDF8021096
:1029A00001A8FFF7BBFD2B46BEE70023BCE70023D1
:1029B000BAE700BFA40900249C0900244C100108B8
:1029C0003810010844100108002867D010B58CB0F9
:1029D000044611238DF8003004210DF10100FFF7AA
:1029E0007FFDE1690DF10300FFF77EFD12238DF8F5
:1029F0000730042102A8FFF773FD216A0DF10A00D8
:102A0000FFF772FD1E238DF80E3004210DF10F002B
:102A1000FFF766FDA36A642103FB01F10DF11100CC
:102A2000FFF762FD20238DF8153004210DF116000B
:102A3000FFF756FD216B06A8FFF756FD22238DF800
:102A40001C3004210DF11D00FFF74AFDA16B0DF1B3
:102A50001F00FFF749FD27238DF82330042109A823
:102A6000FFF73EFD618B0DF12600FFF73DFD1523BD
:102A70008DF82A3001210DF12B00FFF731FD94F87C
:102A800040304BB101238DF82D302E2269460220B3
:102A9000FFF760FE0CB010BD0023F4E70020704784
:102AA00010B582B0044615238DF8043001210DF1D4
:102AB0000500FFF715FD54B101238DF807300422FE
:102AC0000DEB02010220FFF745FE02B010BD00230E
:102AD000F3E7000008B51548154B03604FF4800379
:102AE00043604FF4003383600823C3600023036115
:102AF00043614FF0806282614FF00052C261036215
:102B000043628362C3624FF0804242638363C36364
:102B1000036443648364C36403654365836505F0AC
:102B200095FD00B908BDFFF7B6FBFBE7A809002437
:102B30000014005810B5B8B0044600213391349108
:102B4000359136913791C02202A809F054FE2268CF
:102B50001B4B9A4201D038B010BD4FF48042002385
:102B6000CDE9022302A803F00DFF30BB154BD3F8CB
:102B7000F42042F02002C3F8F420D3F8F42002F04D
:102B800020020092009AD3F8E02042F00202C3F83B
:102B9000E020D3F8E03003F002030193019B2823E7
:102BA00033930223349300233593369308233793CA
:102BB00033A9054801F0F4FFCDE7FFF76CFBD5E73B
:102BC00000140058004402580004025882B0074B19
:102BD000D3F8F42042F00202C3F8F420D3F8F43022
:102BE00003F002030193019B02B0704700440258B6
:102BF000FEE7FEE7FEE7FEE7FEE770477047704737
:102C000008B500F017FC08BD08B5042002F0C2F9B1
:102C100008BD08B5082002F0BDF908BD08B51020B0
:102C200002F0B8F908BD08B5202002F0B3F9402041
:102C300002F0B0F908BD000008B5024806F033F80C
:102C400008BD00BFCC0A002408B5024806F02BF8E6
:102C500008BD00BF340A002408B5024802F065FB35
:102C600008BD00BF9C08002408B5024801F00EFE14
:102C700008BD00BFEC0700240120704708B509F02B
:102C800009FE162303604FF0FF3008BD08B54FF072
:102C9000FF31FFF7F3FFFEE770B50C46164600253F
:102CA00006E0AFF30080214601F8010B01350C4628
:102CB000B542F6DB304670BD70B50C4616460025B1
:102CC00004E014F8010BAFF300800135B542F8DBE6
:102CD000304670BD4FF0FF3070474FF400534B60EB
:102CE00000207047012070470020704710B5034650
:102CF0000C4A0D490D48006840B10C480068034477
:102D0000521A934206D8094A136010BD0748084C6E
:102D10000460F2E709F0BEFD0C2303604FF0FF30C2
:102D2000F3E700BF0000082400040000300A00247C
:102D300000100024314AD2F8883043F47003C2F8FE
:102D400088302F4B1B6803F00F03062B06D82C4A44
:102D5000136823F00F0343F007031360294B1A682D
:102D600042F001021A6000221A611968264A0A40DC
:102D70001A60234B1B6813F0080F06D0204A136813
:102D800023F00F0343F0070313601E4B00229A61E8
:102D9000DA611A621D4999621D49D9621D49196398
:102DA0005A639963DA6319645A64196821F48021BB
:102DB00019601A66184B1A68184B1340B3F1005F7C
:102DC00003D2174B0122C3F808210E4BD3F8D4309D
:102DD00013F4805F10D10B4BD3F8D42042F480520F
:102DE000C3F8D4200F4A43F2D2011160D3F8D420A3
:102DF00022F48052C3F8D420704700BF00ED00E0F9
:102E000000200052004402587FEDF6EA0002020260
:102E10000000FF01800201010010005C0000FFFFC4
:102E20000080005100400052054AD36843F002037D
:102E3000D360034B5B6813F4005FFAD0704700BFA8
:102E40000048025800B58DB02422002103A809F0E3
:102E5000D2FC002300930193029312484FF080426A
:102E60000260436083604FF0FF32C26003618361A0
:102E7000012303930593099303A906F011F950B9AF
:102E80000023009302936946064806F03BFB28B9ED
:102E90000DB05DF804FBFFF7FEF9F1E7FFF7FBF972
:102EA000F6E700BFCC0A002400B58DB02422002133
:102EB00003A809F0A0FC002300930193029311489A
:102EC000114A0260436083604FF6FF72C260036183
:102ED0008361012303930593099303A906F0E0F8A6
:102EE00050B90023009302936946064806F00AFB96
:102EF00028B90DB05DF804FBFFF7CDF9F1E7FFF756
:102F0000CAF9F6E7800A00240008004000B585B041
:102F100000230193029303930F48104A026040F28A
:102F2000DF124260836040F2E733C3608023836135
:102F300005F0F8FF50B900230193039301A9064857
:102F400006F0E0FA28B905B05DF804FBFFF7A3F935
:102F5000F1E7FFF7A0F9F6E7340A0024001000407B
:102F600000B58BB00023059306930793089309934C
:102F70000368B3F1804F05D02A4A93422ED00BB09C
:102F80005DF804FB284BD3F8E82042F00102C3F8B7
:102F9000E820D3F8E82002F001020192019AD3F868
:102FA000E02042F00102C3F8E020D3F8E03003F063
:102FB00001030293029B032305930223069301233B
:102FC000099305A9194801F0EBFD002211461C20C8
:102FD00001F0C8FA1C2001F0E9FAD0E7124BD3F84F
:102FE000E82042F00402C3F8E820D3F8E82002F019
:102FF00004020392039AD3F8E02042F00802C3F8D7
:10300000E020D3F8E03003F008030493049B4FF46E
:103010004053059302230693099305A9044801F040
:10302000BFFDACE700080040004402580000025811
:10303000000C025802680F4B9A4200D0704700B54E
:1030400083B00D4BD3F8E82042F01002C3F8E8201B
:10305000D3F8E83003F010030193019B00221146DE
:10306000362001F07FFA362001F0A0FA03B05DF8B7
:1030700004FB00BF001000400044025808B5174888
:10308000174B03604FF4E133436000238360C36058
:1030900003610C2242618361C36103624362836204
:1030A00007F07EF970B900210C4807F07BFA60B98F
:1030B00000210A4807F0E2FA50B9084807F028FA58
:1030C00048B908BDFFF7E7F8EDE7FFF7E4F8EFE7E9
:1030D000FFF7E1F8F1E7FFF7DEF8F2E7400C002434
:1030E000004C004008B51748174B03604FF4E1331C
:1030F000436000238360C36003610C2242618361EB
:10310000C36103624362836207F04AF970B9002128
:103110000C4807F047FA60B900210A4807F0AEFAF8
:1031200050B9084807F0F4F948B908BDFFF7B3F8FB
:10313000EDE7FFF7B0F8EFE7FFF7ADF8F1E7FFF7DE
:10314000AAF8F2E7AC0B00240050004008B517487D
:10315000174B03604FF4E133436000238360C36087
:1031600003610C2242618361C36103624362836233
:1031700007F016F970B900210C4807F013FA60B98E
:1031800000210A4807F07AFA50B9084807F0C0F958
:1031900048B908BDFFF77FF8EDE7FFF77CF8EFE7E8
:1031A000FFF779F8F1E7FFF776F8F2E7180B00245C
:1031B0000010014010B5BCB0044600213791389191
:1031C00039913A913B91C02206A809F014FB23687B
:1031D000514A934207D0514A934237D0504A9342C2
:1031E00067D03CB010BD02220023CDE9062306A81B
:1031F00003F0C8FB38BB4B4BD3F8E82042F4002265
:10320000C3F8E820D3F8E82002F400220092009AE4
:10321000D3F8E02042F00102C3F8E020D3F8E03018
:1032200003F001030193019B4FF4C0533793022332
:103230003893002339933A9306233B9337A93A48AE
:1032400001F0AEFCCDE7FFF726F8D4E70222002319
:10325000CDE9062306A803F095FB38BB314BD3F824
:10326000E82042F48012C3F8E820D3F8E82002F402
:1032700080120292029AD3F8E02042F00202C3F8D0
:10328000E020D3F8E03003F002030393039B4FF4F4
:103290004053379302233893002339933A930E23F4
:1032A0003B9337A9214801F07BFC9AE7FEF7F3FF37
:1032B000D4E701220023CDE9062306A803F062FB30
:1032C00038BB184BD3F8F02042F01002C3F8F020BE
:1032D000D3F8F02002F010020492049AD3F8E02010
:1032E00042F00202C3F8E020D3F8E03003F002031A
:1032F0000593059B4FF440433793022338930023F3
:1033000039933A9304233B9337A9084801F048FCCA
:1033100067E7FEF7C0FFD4E7004C004000500040D4
:1033200000100140004402580000025800040258F6
:10333000DFF838D0FFF778FDFFF7FCFC0C480D49AB
:103340000D4A002302E0D458C4500433C4188C4200
:10335000F9D30A4A0A4C002301E013600432A24266
:10336000FBD309F09DFAFEF7FBFF7047000008242D
:1033700000000024680700240C6601086807002488
:10338000FC0F0024FEE70000104B1B780BB9012056
:10339000704710B504464FF47A70B0FBF3F30C4A53
:1033A0001068B0FBF3F001F00FF968B90F2C01D9E8
:1033B00001200AE0002221464FF0FF3001F0D2F850
:1033C000044B1C60002000E0012010BD2000002400
:1033D0001C0000242400002410B5032001F0A4F8F0
:1033E00002F088FD0F498B69C3F303230E4AD35CB7
:1033F00003F01F03D8408B6903F00F03D35C03F085
:103400001F0320FA03F3094A1360094B18600F20C9
:10341000FFF7BAFF10B10124204610BD0446FFF7A4
:10342000D5FBF9E7004402585410010818000024A5
:103430001C000024034B1B78034A11680B441360E3
:10344000704700BF20000024D40C0024014B1868F2
:10345000704700BFD40C002438B50446FFF7F6FFD0
:103460000546B4F1FF3F02D0044B1B781C44FFF724
:10347000EDFF401BA042FAD338BD00BF200000245E
:10348000014B1868000C70470010005C0A4B1B6869
:1034900003F04053B3F1805F08D0C36803F01C030E
:1034A0001C2B07D0C06800F01C007047C06800F0FB
:1034B0001C007047102070470010005C10B43030C2
:1034C0000B0A9B0003F00C03C45801F01F014FF0DE
:1034D0001F0C0CFA01FC24EA0C0CC2F384628A4033
:1034E0004CEA0202C2505DF8044B704710B414302D
:1034F0004B0E9B0003F00403C458C1F304514FF07A
:10350000070C0CFA01FC24EA0C0C8A404CEA02027B
:10351000C2505DF8044B7047C1F313033BB9C1F3CC
:10352000846101228A40C3691343C361704791FAE1
:10353000A1F131B1B1FA81F101F01F0101228A40FC
:10354000F1E72021F8E7000070B582B004460D468F
:103550000023019303689D499D4A8B4218BF934203
:1035600007D09C4A934204D040F60D319A48FEF7AA
:1035700095FF6B68062B18BF0C2B1DD0B3F5067F8B
:1035800000F2C280B3F5007F80F0AF80B3F58C7F8E
:1035900000F2B480B3F5807F09D3A3F580738F4A1E
:1035A00022FA03F313F0010F00F0A88004E0122BBD
:1035B00002D0182B40F0A280AB68072B00F2AD8040
:1035C000EB6840F2FF71864A8B4218BF934240F08D
:1035D000AA802B69042B18BF002B03D0013B022BC0
:1035E00000F2A78094F83830012B00F0A8806E69B3
:1035F0002068FFF74BFF40084FF6FF73C3409E4221
:1036000000F2B2802B69042B04D094F83830012BDF
:1036100000F0B080EA68724B9A4200F0B1802B68EB
:10362000704A012B18BF934200F0B7806E4A934254
:1036300000F0B3806D4A934200F0AF806C4A934231
:1036400000F0AB8002F186621032934200F0A58058
:10365000684A934200F0A18002F1866240329342B0
:1036600000F09B80644A934200F0978002F18662EA
:1036700002F58072934200F09080604A934200F01D
:103680008C8002F1042202F54012934200F0858002
:1036900002F1866202F5006293427ED0584A93425C
:1036A0007BD0584A934278D0574A934275D0574AB4
:1036B000934272D0564A93426FD0564A93426CD08E
:1036C000554A934269D0554A934266D0544A934230
:1036D00063D0544A934260D0534A93425DD040F63F
:1036E0002C313D48FEF7DAFE57E0A3F500733B4A64
:1036F00022FA03F313F0010F7FF45EAF40F60E31B0
:103700003548FEF7CBFE57E7B3F5407F3FF454AFA3
:1037100040F206329342F1D14EE740F60F312E4887
:10372000FEF7BCFE4CE74FF431612B48FEF7B6FEC6
:103730004FE740F611312848FEF7B0FE52E76E69B8
:10374000E36B0133B6FBF3F62068FFF79FFE4008FA
:103750004FF6FF73C3409E427FF654AF40F61531DB
:103760001D48FEF79BFE4DE740F621311A48FEF753
:1037700095FE47E740F627311748FEF78FFE49E7E9
:103780002268124B9A4251D02268114B9A427AD049
:103790002268104B9A4200F0A88094F85030012B18
:1037A00000F0DD82012384F850302268936813F022
:1037B000040F00F0CD80636D43F0200363650120AA
:1037C000002384F8503002B070BD00BF00200240DA
:1037D00000210240006002586410010841100401F9
:1037E0000000FF4702003004040060080800900C4D
:1037F0001000C01040002019000180210004002AA0
:10380000002090360040C03A0080F03E0000214386
:10381000000052470000844B0000B84F000084CBEA
:10382000000052C7000021C30000B8CF2B68A74991
:10383000A74A8B4218BF9342A6D0A64A9342A3D070
:10384000A54A9342A0D002F18662103293429BD0E7
:10385000A24A934298D002F1042202F54012934208
:1038600092D002F1866202F5006293428CD09C4AAB
:10387000934289D09B4A934286D040F632319A488F
:10388000FEF70CFE80E72B689049914A8B4218BFE7
:1038900093423FF47DAF8F4A93423FF479AF8E4A13
:1038A00093423FF475AF02F18662103293423FF4C7
:1038B0006FAF8A4A93423FF46BAF02F1042202F5E4
:1038C000401293423FF464AF02F1866202F5006257
:1038D00093423FF45DAF834A93423FF459AF40F6C1
:1038E00036318148FEF7DAFD52E72B687749784A8E
:1038F0008B4218BF93423FF450AF764A93423FF455
:103900004CAF754A93423FF448AF02F186621032E1
:1039100093423FF442AF714A93423FF43EAF02F10B
:10392000042202F5401293423FF437AF6F4A9342AC
:103930003FF433AF6E4A93423FF42FAF6D4A934248
:103940003FF42BAF40F63C316748FEF7A7FD24E774
:103950002B68002B0ADBC3F3130100293DD1C3F30D
:10396000846301219940D3690B43D3612A68696854
:103970002068FFF7A3FD2068836813F0040300D0DC
:103980000123826812F0080200D0012252EA0306E5
:103990002FD02268916811F0010140F0DC812B6882
:1039A000EE68D2F8C000C3F3130C20EA0C0006F056
:1039B000180C514E26FA0CF63340C3F3130303439D
:1039C000C2F8C030EA684D4B9A4200F0D0802B68B4
:1039D000002BC0F247810020F2E693FAA3F333B143
:1039E000B3FA83F303F01F0301219940BBE72023BF
:1039F000F8E7AA682968FFF779FD414B1B6803F0D7
:103A00007043B3F1805F0BD02268D36813F0100FBE
:103A100041D16B69D268C2F382025200934006E042
:103A20006B692268D268C2F382025200934029690E
:103A3000042967D02268286802F1600C5CF8212014
:103A400002F0004200F0F840034313434CF82130E9
:103A50006B7E012B27D8236828696A7E012A28D02B
:103A60003146603353F8202022F000420A4343F8E5
:103A700020202B7E012B1FD821682A692B7E012B49
:103A800020D00B6923F4F04302F01F0206FA02F281
:103A900013430B617DE76B69D268920802F0040260
:103AA00052009340C3E740F68A310F48FEF7F6FC18
:103AB000D1E74FF00041D4E740F68E310A48FEF7D7
:103AC000EDFCD9E74FF40066DBE700BF02003004ED
:103AD000040060080800900C1000C0100004002AC8
:103AE000000021430000844B641001080020903640
:103AF0000040C03A0080F03EFFFF0F000000FF478B
:103B00000010005C2268136E03F0F8432968B3EBE1
:103B1000816F1DD02268536E03F0F8432968B3EB20
:103B2000816F1AD02268936E03F0F8432968B3EBD3
:103B3000816F17D02268D36E03F0F8432968B3EB86
:103B4000816F7FF426AFD36E23F00043D36620E766
:103B5000136E23F000431366DCE7536E23F000433B
:103B60005366DFE7936E23F000439366E2E7206835
:103B70007C4B984205D07C4B98422BD0FFF7CCFC75
:103B800025E72B68794A93424AD0794A934249D033
:103B9000784A934248D0784A934247D002F18662ED
:103BA0001032934244D0754A934243D002F104222A
:103BB00002F5401293423FD002F1866202F50062A4
:103BC00093423BD06E4A93423AD06E4A9342D5D14B
:103BD0006D49D3E72B68654A934233D0644A9342D8
:103BE00032D0644A934231D0634A934230D002F1DA
:103BF0008662103293422DD0604A93422CD002F15B
:103C0000042202F54012934228D002F1866202F5A6
:103C10000062934224D05B4A9342AFD15A49ADE748
:103C20000121ABE75949A9E75949A7E75949A5E750
:103C30005949A3E75949A1E759499FE759499DE7E0
:103C400059499BE7012199E7504997E7504995E782
:103C5000504993E7504991E750498FE750498DE724
:103C600050498BE722683F493F48824218BF8A4249
:103C70000CBF0121002118D14C4EB56805F0E07C45
:103C8000A9B13849886810F0010000D001203649F8
:103C9000896811F0010100D0012101430CD0636D4E
:103CA00043F02003636501208AE5414EE5E7414981
:103CB000896811F0010FF2D13F498B4207D03F498B
:103CC0008B4226D03E498B4234D0002078E515F453
:103CD000000FF4D1374B9A4201D0002070E54CF42C
:103CE0000003B26822F0E0721343B360354B1B68E7
:103CF0009B09354AA2FB03239B0901335B00019317
:103D000002E0019B013B0193019B002BF9D10020B4
:103D100056E515F0807FD5D1264B9A4201D0002080
:103D20004EE54CF08073B26822F0E0721343B3604A
:103D3000002045E515F4800F0FD11E4B9A4201D0AB
:103D400000203DE54CF48003B26822F0E07213439A
:103D5000B360002034E5002032E5002030E5022089
:103D600031E500BF00200240002102400200300483
:103D7000040060080800900C1000C0100004002A25
:103D8000000021430000844B0000B84F4000201980
:103D90008000501D000180210002B0250008302E57
:103DA000001060320020903600005247002302408D
:103DB0000063025800600258000084CB000052C724
:103DC0000000B8CF1C000024632D3E0538B5044622
:103DD00003684F494F4A934218BF8B4223D14E4B41
:103DE0009B6813F4403F14BF012300234BB302F040
:103DF000BFFB05466368B3F5003F1CD0B3F5403FF9
:103E00001DD0B3F5803F16D0FFF73AFB41F2030314
:103E1000984258D8414B9D424FD92268936843F449
:103E20008073936038BD3E4B9B6813F4403F14BFD2
:103E300001230023DAE71B0CB5FBF3F5E4E7850863
:103E4000E2E74FF40020002103F0A2FF054663687B
:103E5000B3F5101F2DD022D8B3F5E01F27D004D919
:103E6000B3F5001FD0D14509CEE7B3F5801F0DD0C3
:103E700006D9B3F5A01F09D0B3F5C01F06D0C3E71C
:103E8000B3F5002F02D0B3F5402F04D19B0C5B009B
:103E9000B5FBF3F5B8E7B3F5802FF7D0B4E7B3F58A
:103EA000201F08D0B3F5301FAED1050AACE70509D5
:103EB000AAE78509A8E7C509A6E72268936823F45D
:103EC00080739360AEE7174B9D4205D822689368D4
:103ED00023F440739360A5E7134B9D4207D82268F3
:103EE000936823F4407343F4807393609AE70F4B15
:103EF0009D4207D82268936823F4407343F400730B
:103F000093608FE72268936843F44073936089E776
:103F1000002002400021024000230240002D310118
:103F20000063025821BCBE0041787D0181F0FA0295
:103F300030B583B000230193002800F0B38204461B
:103F40000368A249A24A8B4218BF934207D0A14AF4
:103F5000934204D040F2A7119F48FEF79FFA63688E
:103F6000B3F5803F18BFB3F5003F25D0B3F5403F10
:103F700022D00BB3B3F5802F1ED0B3F5002F1BD08A
:103F8000B3F5402F18D0B3F5801F15D0B3F5A01F9F
:103F900012D0B3F5C01F0FD0B3F5E01F0CD0B3F5AE
:103FA000001F09D0B3F5101F06D0B3F5201F03D0B2
:103FB000B3F5301F40F0B780A368002B18BF042B67
:103FC0000CD0182B05D8854A22FA03F313F0010F01
:103FD00004D140F2A9118048FEF760FAE368012B92
:103FE00000F2A780637D012B00F2A980A36A002B59
:103FF00018BFB3F5806F06D0B3F5006F03D0B3F5EB
:10400000406F40F0A280636AB3F5806F18BFB3F5CC
:10401000846F3AD0B3F5886F37D0B3F58C6F34D056
:10402000B3F5906F31D0B3F5946F2ED0B3F5986F90
:104030002BD0B3F59C6F28D0B3F5A06F25D0B3F586
:10404000A46F22D0B3F5A86F1FD0B3F5AC6F1CD00E
:10405000B3F5B06F19D0B3F5B46F16D0B3F5B86F30
:1040600013D0B3F5BC6F10D0B3F5C06F0DD0B3F55E
:10407000C46F0AD0B3F5C86F07D0B3F5CC6F04D0C6
:10408000B3F5D06F01D0002B65D1E36A002B18BFC8
:10409000022B03D0012B01D0032B62D12369042B07
:1040A00018BF082B63D1236B002B18BFB3F5805FBB
:1040B00063D1237D012B66D894F83830012B68D862
:1040C000E3684BB1A369013B0F2B68D8237F012B19
:1040D0006BD8237F012B6ED0237F012B00F08880CB
:1040E000636D002B00F08E8023689A6812F0005FE9
:1040F00003D099683A4A0A409A6023689A6812F095
:10410000805F40F08D809968364A0A4042F08052C4
:104110009A60354B1B689B09344AA2FB03239B0919
:104120000133019379E04FF4D4712B48FEF7B6F9CF
:1041300042E74FF4D5712848FEF7B0F952E740F254
:10414000AB112548FEF7AAF950E74FF4D671224883
:10415000FEF7A4F957E740F2AD111F48FEF79EF9AC
:1041600093E74FF4D7711C48FEF798F996E740F2B1
:10417000AF111948FEF792F995E74FF4D871164838
:10418000FEF78CF995E740F2B1111348FEF786F976
:1041900092E74FF4D9711048FEF780F990E74FF499
:1041A000DB710D48FEF77AF990E740F2B7110A4843
:1041B000FEF774F98DE7236A013B072B8CD940F297
:1041C000BB110548FEF76AF986E700BF00200240F0
:1041D0000021024000600258641001080011110122
:1041E000C0FFFF5FC0FFFF6F1C000024632D3E0572
:1041F000637D012B7FF474AF4FF4E071A048FEF7AC
:104200004DF96DE72046FDF719FC0023A36584F8FE
:10421000503069E7019B013B0193019B002BF9D1D1
:104220002268936813F0805F40F09A80636D43F0DA
:1042300010036365A36D43F00103A3650125936833
:1042400013F0040300D00123616D11F0100F40F052
:104250000F81002B40F00C81636D23F4817343F0D8
:1042600002036365936813F0010F1ED18549864BE5
:104270009A4218BF8A420CBF0122002272D189687B
:1042800011F0010100D001217F4B9B6813F0010365
:1042900000D001230B4308D1002A69D07B49636811
:1042A0008A6822F47C1213438B60FFF7E9F841F22D
:1042B0000303984202D9A368102B5BD0627D236B65
:1042C00043EA4233A2681343227F43EA0243227F38
:1042D000012A5AD0626A22B102F47872A16A0A43B2
:1042E00013432168C8686A4A02401A43CA602168B9
:1042F0008A6812F0040200D001228B6813F00803D0
:1043000000D0012313431BD1227DE36A43EA8232AA
:10431000C868604B03401343CB6094F83830012BDE
:1043200038D02268136923F00103136122681369EE
:1043300023F07043616B0B4313612046FFF746FD8A
:10434000E368012B00F08B802268136B23F00F03CE
:104350001363636D23F0030343F0010363658CE093
:1043600000256CE74C4B9B6813F0010F9DD193E740
:104370004A4994E7617D226B42EA41321343227F2E
:1043800043EA024343F00C03A1E7226A013A43EAFD
:1043900042439FE7E36B013BB3F5806F41D2236C4F
:1043A000002B18BF202B17D0402B15D0602B13D01B
:1043B000802B11D0A02B0FD0C02B0DD0E02B0BD019
:1043C000B3F5807F08D0B3F5907F05D0B3F5A07F1B
:1043D00002D0B3F5B07F2AD1636C002B18BFB3F5C0
:1043E000007F2AD1A36C40F20142012B18BF9342F7
:1043F00029D1636A0BB1A36A0BB9636C4BBB20680C
:104400000269274B1340E26B511E226C42EA0142C3
:10441000616C0A43A16C0A43134343F00103036137
:1044200084E74FF430711648FEF738F8B7E740F2EA
:10443000C2211348FEF732F8CEE740F2C3211048FC
:10444000FEF72CF8CEE74FF431710D48FEF726F851
:10445000CFE740F2CA210A48FEF720F8CFE72168EB
:104460000B6B23F00F03A269013A13430B6370E750
:10447000636D43F0100363650125284603B030BD2A
:104480006410010800200240002102400023024085
:1044900003C0F0FFFCBFFFFF00600258006302583A
:1044A0001EF800FC0125E8E7002807DB00F01F02EA
:1044B000400901239340024A42F82030704700BF70
:1044C00000E100E0002804DB0901C9B2044B1954E3
:1044D000704700F00F000901C9B2024B1954704730
:1044E00000E400E014ED00E000B500F00700C0F1CA
:1044F000070CBCF1040F28BF4FF0040C031D062B62
:104500000FD9C31E4FF0FF3E0EFA0CF021EA000156
:1045100099400EFA03FE22EA0E0241EA02005DF81B
:1045200004FB0023EEE7000010B50446C31E042B75
:104530000DD80949CB6823F4E0631B041B0C24024B
:1045400004F4E0642343054A1A43CA6010BD912174
:104550000348FDF7A3FFECE700ED00E00000FA05DB
:10456000B010010870B506460C4615460F2A0ED845
:104570000F2C11D80B4BD8682A462146C0F30220D5
:10458000FFF7B2FF01463046FFF79CFF70BDA9213F
:104590000548FDF783FFEBE7AA210348FDF77EFFFF
:1045A000E8E700BF00ED00E0B010010810B5041E00
:1045B00003DB2046FFF778FF10BDBD210148FDF762
:1045C0006DFFF6E7B01001080138B0F1807F0BD223
:1045D0004FF0E0235861054AF02182F823100020B3
:1045E000986107221A6170470120704700ED00E0D2
:1045F000BFF35F8F044B5A6A22F480325A62002262
:10460000C3F89420704700BF00ED00E040F00100C7
:10461000054BC3F894005A6A42F480325A62BFF3E1
:104620004F8FBFF36F8F704700ED00E010B5044669
:1046300043780F2B49D82378012B4CD8237B012BAF
:104640004FD8E37A052B18BF032B01D9062B4ED187
:10465000A37A022B51D8637B012B54D8A37B012B67
:1046600057D8E37B012B5AD8637AFF2B5DD0237A8E
:10467000043BDBB21B2B5ED86378324AC2F8983019
:10468000D2F8A03023F00103C2F8A0306368C2F86A
:104690009C30217BE37A1B0643EA0173A17A43EA4B
:1046A000C143617B43EA8143A17B43EA4143E17B10
:1046B00043EA0143617A43EA0123217A43EA410351
:1046C00021780B43C2F8A03010BD40F24D111E48B6
:1046D000FDF7E4FEAFE74FF4A7711B48FDF7DEFEE0
:1046E000ACE740F24F111848FDF7D8FEA9E74FF4A8
:1046F000A8711548FDF7D2FEAAE740F25111124801
:10470000FDF7CCFEA7E74FF4A9710F48FDF7C6FEF1
:10471000A4E740F253110C48FDF7C0FEA1E74FF4A7
:10472000AA710948FDF7BAFE9EE740F25511064806
:10473000FDF7B4FE9BE74FF4AB710348FDF7AEFE07
:104740009AE700BF00ED00E0B0100108002800F07B
:104750008E8010B504460268464B9A4203D0F7217A
:104760004548FDF79BFE6368002B18BFB3F5803FFB
:104770000BD0B3F5003F08D0B3F5403F05D0B3F5FB
:10478000802F02D0B3F5A02F48D1A368042B4AD8BC
:10479000E368B3F5803F4BD22369012B4DD86369A1
:1047A000012B4FD8E369002B18BF402B4FD1A369D1
:1047B000002B18BFB3F5807F4ED194F86130002BE9
:1047C0004FD0022384F8613021680A682B4B1340D4
:1047D0006268E069024313430B6021684A6B284B0F
:1047E0001340A268A069024313434B632268116C13
:1047F000244B0B40E1680B43136421684B6B23F49B
:10480000401320696269520542EA005213434B6328
:1048100000206066012384F8613010BDF82116483D
:10482000FDF73CFEB1E7F9211348FDF737FEAFE78E
:10483000FA211148FDF732FEAEE7FB210E48FDF7E5
:104840002DFEACE7FC210C48FDF728FEAAE7FD2170
:104850000948FDF723FEAAE7FE210748FDF71EFEE3
:10486000ABE784F860302046FDF744F9A9E7012062
:10487000704700BF0010005200110108BFFFF8FF91
:10488000F8FEFFFF0000FFFF7047704770B5044659
:1048900003685D681E6815F0010F16D016F4807F5E
:1048A00013D01A6822F480721A60436E43F0010339
:1048B0004366036801229A60042380F86130002374
:1048C00080F86030436A03B1984715F0200F18D084
:1048D00016F4005F15D02268136823F400531360A8
:1048E000236820229A60636E43F002036366042308
:1048F00084F86130002384F86030636A0BB120468D
:10490000984715F0080F18D016F4006F15D02268DC
:10491000136823F400631360236808229A60636EAF
:1049200043F004036366042384F86130002384F8B1
:104930006030636A0BB12046984715F0040F02D02F
:1049400016F4806F20D115F0020F16D016F4007FF8
:1049500013D02268136823F40073136023680222C3
:104960009A60636E6366012384F86130002384F8E3
:104970006030236A0BB12046984715F0100F02D023
:1049800016F4805F0CD170BD2268136823F4806335
:104990001360236804229A602046FFF775FFD2E770
:1049A0002268136823F480531360236810229A60EE
:1049B000636E6366012384F86130002384F86030FD
:1049C0002046FFF762FFDEE738B505460C460129B1
:1049D00069D8C4EBC40305EB83039B6AB3F5803F3E
:1049E00067D26B68B3F5403F0FD0C4EBC40305EB4F
:1049F0008303DB6A0B2B62D86B6833B1C4EBC4034F
:104A000005EB83031B6B022B5FD8C4EBC40305EBE0
:104A100083039B6B012B5ED8C4EBC40305EB8303BC
:104A2000DB6B012B5DD8012C61D095F86030012B38
:104A300000F0AB80012385F86030022385F86130F7
:104A4000C4EBC40205EB8202D16A136B41EA034353
:104A5000906B43EA0053D26B43EA4253A1F109023F
:104A6000012A58D9C4EBC40205EB8202526B43EA17
:104A70000263002C62D12968486A454A02401A4301
:104A80004A622A68C4EBC40305EB8303996A916107
:104A9000DB6A093B012B47D9012385F861300020EF
:104AA00085F8600038BD40F2F3613A48FDF7F6FC46
:104AB0008FE740F2F4613748FDF7F0FC91E740F2F0
:104AC000F7613448FDF7EAFC96E740F2FA613148B5
:104AD000FDF7E4FC99E740F2FD612E48FDF7DEFCAE
:104AE0009AE740F2FE612B48FDF7D8FC9BE7C4EB48
:104AF000C40305EB8303DB6A0B2B96D1C4EBC40321
:104B000005EB83031B6C022B8FD940F20271214805
:104B1000FDF7C4FC89E7C4EBC40205EB8202526BCB
:104B200002F07F421343A4E7C4EBC40405EB840402
:104B3000636B2A6823F07F439362ADE70B291BD098
:104B400015482968CA6922EA00021343CB612A6822
:104B5000C4EBC40305EB8303996A1161DB6A093B6B
:104B6000012B99D8C4EBC40405EB8404636B2A6859
:104B700023F07F4313628FE7C4EBC40205EB82028C
:104B8000126C43EA82430548DBE702208AE700BF54
:104B9000F0FFCC00001101080F0033FF0F003FFFB2
:104BA0002DE9F04383B080460C466D4A6D4B904230
:104BB00018BF984214BF4FF001094FF000092BD0E5
:104BC00003F50063C31A18BF012302F50062904287
:104BD00022D00BB3644BC31A18BF012302F5006245
:104BE000904219D0C3B1614BC31A18BF012302F51B
:104BF0000062904210D07BB15D4BC31A18BF0123F5
:104C000002F50062904207D033B15A4B984203D06C
:104C1000B3215948FDF742FC23689AB212B1B3F5AB
:104C2000803F03D3B4215448FDF738FC6368112B4F
:104C300018BF012B0FD9B3F5041F0CD010D8B3F552
:104C4000881F08D003D9B3F5901F04D011E0032BBF
:104C500003D9122B0DD10025D2E0022B09D3FAE79C
:104C6000B3F5441FF7D0B3F5481FF4D0B3F5081FD0
:104C7000F1D0B5214048FDF711FCECE7E368032BC8
:104C800017D8D8F80820690003238B4022EA0302D2
:104C9000E3688B401343C8F80830D8F8042022EAB0
:104CA00007026368C3F30013AB401343C8F8043032
:104CB000B6E0C4213048FDF7F1FBE2E7D6212E48EB
:104CC000FDF7ECFBB5E0B9F1000F2DD02B4BB8EBA5
:104CD000030318BF01232A4A904525D023B3224B52
:104CE000B8EB030318BF012302F5006290451BD007
:104CF000D3B11E4BB8EB030318BF012302F50062CA
:104D0000904511D083B11A4BB8EB030318BF0123B0
:104D100002F50062904507D033B1164B984503D099
:104D2000E3211548FDF7BAFB23690F2B10D8EA08D9
:104D3000083258F8220005F0070189000F238B4044
:104D400020EA030023698B40034348F8223082E0C5
:104D5000E4210948FDF7A2FBE9E7092313E000BFBE
:104D6000000002580004025800140258001C0258A7
:104D7000002402580028025850110108000C025863
:104D80000008025800238B4003430232664941F871
:104D900022304FF0B0431A68F34322EA06016068FC
:104DA00010F4801F01D046EA02014FF0B0421160BA
:104DB000526803EA0201606810F4001F01D046EA5D
:104DC00002014FF0B0425160D2F8842003EA0201A0
:104DD000606810F4003F01D046EA02014FF0B04293
:104DE000C2F88410D2F880201340616811F4803F2B
:104DF00001D046EA02034FF0B042C2F880300135DC
:104E0000266836FA05F200F08C800127AF403E405C
:104E1000F5D0636803F00303013B012B7FF62EAF4F
:104E2000636803F00303032B0FD0A368022B3FF644
:104E300045AFD8F80C20690003238B4022EA030217
:104E4000A3688B401343C8F80C30636803F0030376
:104E5000022B3FF438AFD8F80020690003238B40C1
:104E600022EA0302636803F003038B401343C8F88C
:104E70000030636813F4403FC1D02C4BD3F8F420CA
:104E800042F00202C3F8F420D3F8F43003F0020336
:104E90000193019BAA08911C234B53F8210005F0B4
:104EA000030189000F238B4020EA0300204B984523
:104EB0003FF468AF03F58063984522D003F5806323
:104EC000984520D003F5806398451ED003F5806394
:104ED00098451CD003F5806398451AD003F580638C
:104EE000984518D003F58063984516D003F5806384
:104EF000984514D003F5806398453FF42EAF0A23FC
:104F000041E701233FE702233DE703233BE7042377
:104F100039E7052337E7062335E7072333E7082377
:104F200031E703B0BDE8F0830004005800440258A4
:104F30000000025838B504460D4621B123691D42D0
:104F400007D0012038BD4FF4C5710348FDF7A6FA1C
:104F5000F4E70020F6E700BF5011010870B50546E0
:104F600014460E4621B1012C08D86CB1AE6170BD5B
:104F70004FF4D5710648FDF791FAF4E740F2AB1112
:104F80000348FDF78BFAF0E73604AE61EFE700BFA8
:104F90005011010808B54FF0B043D3F888300342F0
:104FA00000D108BD4FF0B043C3F88800FDF76FF99A
:104FB000F7E7000070B54D680368DC68C4F30B4484
:104FC00025444FEAC21C03EBC213D3F8884004F413
:104FD0007044C3F888400B680468E668C6F30B4E5B
:104FE0007344013304EBC21443EA0543C4F8883028
:104FF000CD680368DC68C4F30A0405EB040E03EB18
:10500000C213D3F88C4004F47044C3F88C408B680E
:105010000468E568C5F30A052B44013304EBC214A8
:1050200043EA0E43C4F88C30036803EBC213D3F891
:10503000944024F00704C3F89440036803EBC213C0
:105040000C69C3F8944091F8316091F832508C6942
:1050500091F8303043EA062343EA0543056805EB3F
:10506000C21E43EA0463CEF89C300EF1840E03683E
:1050700003EBC213D3F8984024F0FF04C3F8984020
:10508000036803EBC2134C69C3F89840036803EB51
:10509000C213D3F8A0502A4C2C40C3F8A040CC69CE
:1050A000036803EBC2130D6A2C43C3F8A0400368E6
:1050B00003EBC2134A6AC3F8AC200B6983B1013B0E
:1050C000062B05D8DFE803F03A06080604040A00B8
:1050D000012506E0022504E0022502E0022500E0A9
:1050E000042503686344D3F8B02002F0E022C3F83B
:1050F000B0208B6A05FB03F44B680A689B1A05FB1A
:1051000003F307330268624443EA0443C2F8B03051
:1051100003686344D3F8B4400A4A2240C3F8B42079
:1051200003686344CA6AC3F8B42003686344D3F8CD
:10513000842042F00102C3F8842070BD0325D0E72B
:10514000F8F8FFFF00F8FFFF002800F0E48010B53A
:1051500004460268714B9A4203D0E7217048FDF77C
:105160009DF96369B3F5805F80F09380A369B3F51F
:10517000006F80F09380E369B3F5805F80F09380E7
:10518000236AB3F5006F80F09380A36AB3F5006FD4
:1051900080F09380636AB3F5805F80F09380236B27
:1051A000B3F5006F80F09380E36AB3F5805F80F021
:1051B00093806368002B18BFB3F1004F40F09180DB
:1051C000A368002B18BFB3F1804F40F08F80E368D5
:1051D000002B18BFB3F1005F40F08D802369002BD6
:1051E00018BFB3F1805F40F08B8094F8A130002BA2
:1051F00000F08B80022384F8A1302268936923F0A9
:105200007043936121688A696368A0680343E0681A
:1052100003432069034313438B616169A3692268D7
:1052200043EA01439360E169236A226843EA014348
:10523000D360616AA36A226843EA01431361E16AA9
:10524000236B226843EA0143536194F8350094F8D4
:1052500036301B042168CA6A02F07F42CA622168A4
:10526000CA6A43EA002394F8340003431343CB6231
:105270002268536B43F0060353632268936943F03B
:10528000010393610020C4F8A400012384F8A13035
:1052900010BDE8212248FDF701F967E7E921204820
:1052A000FDF7FCF867E7EA211D48FDF7F7F867E727
:1052B000EB211B48FDF7F2F867E7EC211848FDF7F2
:1052C000EDF867E7ED211648FDF7E8F867E7EE210E
:1052D0001348FDF7E3F867E7EF211148FDF7DEF823
:1052E00067E7F0210E48FDF7D9F869E7F1210C488E
:1052F000FDF7D4F86BE7F2210948FDF7CFF86DE729
:10530000F3210748FDF7CAF86FE784F8A03020467C
:10531000FCF762FE6EE70120704700BF00100050EE
:10532000A011010870477047704770B504460368C4
:105330009D6B5E6B15F0040F02D016F0040F12D1B6
:1053400015F0020F02D016F0020F21D115F0010F57
:1053500002D016F0010F32D115F0080F02D016F06E
:10536000080F3DD170BD5A6B22F004025A630368E6
:105370000422DA63D0F8A43043F00103C0F8A4306B
:1053800080F8A120002380F8A030FFF7CBFFD7E7FB
:105390002268536B23F00203536323680222DA630B
:1053A000D4F8A4301343C4F8A430042384F8A13003
:1053B000002384F8A0302046FFF7B4FFC6E7226838
:1053C000536B23F00103536322680123D36384F8F2
:1053D000A130002384F8A0302046FFF7A4FFBBE7EC
:1053E0002268536B23F00803536323680822DA63AF
:1053F000012384F8A130002384F8A0302046FFF771
:1054000093FFAFE7F8B505460C461646012A5AD871
:105410002368B3F5805F5CD26368B3F5803F5ED2EA
:10542000A368B3F5805F60D2E368B3F5803F62D2D2
:105430002369072B65D86369FF2B68D8A369FF2B05
:105440006BD8E369B3F5806F18BFB3F5C06F6AD14D
:10545000236A052B18BF072B6BD1A36AB3F5005F36
:105460006DD2E36AB3F5006F6FD295F8A030012BCF
:1054700071D0012785F8A070022385F8A1304FF084
:10548000340C0CFB065C0CF1380CA646BEE80F0091
:10549000ACE80F00BEE80F00ACE80F00BEE80F005C
:1054A000ACE80F00DEF80030CCF800303246214680
:1054B0002846FFF77FFD2B685F6285F8A17000200A
:1054C00085F8A000F8BD40F23E312448FCF7E6FF25
:1054D0009EE740F23F312148FCF7E0FF9CE74FF4A4
:1054E00050711E48FCF7DAFF9AE740F241311B4841
:1054F000FCF7D4FF98E740F242311848FCF7CEFFA2
:1055000096E740F243311548FCF7C8FF93E74FF4A4
:1055100051711248FCF7C2FF90E740F245310F4845
:10552000FCF7BCFF8DE740F246310C48FCF7B6FFB4
:105530008EE740F247310948FCF7B0FF8DE74FF4A2
:1055400052710648FCF7AAFF8BE740F24931034845
:10555000FCF7A4FF89E70220B4E700BFA01101080F
:1055600038B504460D464B1E012B16D894F8A030D2
:10557000012B18D0012284F8A020022384F8A13046
:1055800021684B6B43F008034B6323685D6284F82A
:10559000A120002084F8A00038BD40F2EF5103485C
:1055A000FCF77CFFE2E70220F6E700BFA01101084C
:1055B000F8B504460E461546012A1BD894F8A030CB
:1055C000012B1DD0012784F8A070022384F8A1309C
:1055D000342305FB03F303F138012344DE652A4637
:1055E00021442046FFF7E6FC84F8A170002084F8EF
:1055F000A000F8BD40F209710248FCF74FFFDDE75B
:105600000220F6E7A011010810B50446431E012B45
:105610000CD8164BDB6813F0040F0DD1134BDB686D
:1056200003F00703A3421FD0012010BD4FF4A17166
:105630000F48FCF733FFECE70C4AD36823F007036D
:105640002343D360FDF702FF0446084B5B6813F465
:10565000005F07D1FDF7FAFE001BB0F57A7FF4D9A1
:105660000120E2E70020E0E70020DEE700480258E2
:10567000F0110108002800F01C8438B504460368C6
:1056800013B113F03F0F25D0236813F0010F3AD068
:105690006368002B18BFB3F5803F02D0B3F5A02F8D
:1056A0001ED1A04A136903F03803926A102B21D04F
:1056B000182B1BD06368B3F5803F57D0002B6BD1FC
:1056C000984B1A6822F480321A601A6822F48022F9
:1056D0001A6050E040F2A1119348FCF7DFFED3E7D7
:1056E0004FF4D3719048FCF7D9FEDAE702F00302D9
:1056F000022ADFD18B4B1B6813F4003F03D0636891
:10570000002B00F0D883236813F0020F00F0B9805B
:10571000E368092B18BF012B03D9112B01D0192BDA
:1057200060D123697F2B63D87E4A1369926A13F094
:10573000380366D0182B61D0E368002B00F0F680A8
:1057400078490A6822F0190213430B60FDF77EFEC8
:105750000546744B1B6813F0040F40F0C180FDF741
:1057600075FE401B0228F4D9032068E06D4A1368D7
:1057700043F48033136063682BB3FDF767FE05467F
:10578000684B1B6813F4003FBDD1FDF75FFE401B63
:105790006428F5D9032052E0B3F5A02F09D0614B5E
:1057A0001A6822F480321A601A6822F480221A6081
:1057B000E1E75C4B1A6842F480221A601A6842F4EE
:1057C00080321A60D7E7FDF741FE0546554B1B684E
:1057D00013F4003F97D0FDF739FE401B6428F5D93C
:1057E00003202CE04FF4ED714F48FCF757FE98E78B
:1057F00040F2DB114C48FCF751FE95E712F0030F25
:105800009AD1484B1B6813F0040F03D0E368002BB8
:1058100000F05383434A136823F01903E1680B43F4
:105820001360FDF713FE05463E4B1B6813F0040F93
:1058300006D1FDF70BFE401B0228F5D9032038BD29
:10584000FDF71EFE41F20303984212D82269402A56
:1058500007D034494B6823F47C3343EA02334B606E
:105860000FE0304A536823F47C3343F40033536031
:1058700007E02C4A536823F0FE43216943EA0163A1
:105880005360236813F0100F00F09E80E369002B33
:1058900018BF802B5ED1236A3F2B61D8214A136940
:1058A00003F03803926A082B64D0182B5ED0E369AA
:1058B000002B00F0C9801B4A136843F0800313607B
:1058C000FDF7C4FD0546174B1B6813F4807F40F0BD
:1058D0009980FDF7BBFD401B0228F4D90320AEE7F9
:1058E000FDF7CEFD41F20303984212D82269402A07
:1058F00007D00C494B6823F47C3343EA02334B60F6
:10590000BFE7084A536823F47C3343F40033536001
:10591000B7E7044A536823F0FE43216943EA016371
:105920005360AEE700440258401201089D4A1368D4
:1059300023F001031360FDF789FD0546994B1B68B1
:1059400013F0040F9DD0FDF781FD401B0228F5D90F
:10595000032074E740F22B219348FCF79FFD9AE760
:105960004FF40B719048FCF799FD97E702F00302A2
:10597000012A9CD18B4B1B6813F4807F03D0E36911
:10598000802B40F09C82FDF77BFD41F2030398429F
:1059900012D8226A202A07D082494B6823F0F843A4
:1059A00043EA82634B600FE07E4A536823F0F8437A
:1059B00043F08043536007E07A4AD36823F07C5376
:1059C000216A43EA0163D360236813F0080F69D0AA
:1059D0006369012B4CD86369002B4FD0714A536F18
:1059E00043F001035367FDF731FD05466D4B5B6FD7
:1059F00013F0020F56D1FDF729FD401B0228F5D9FF
:105A000003201CE7FDF73CFD41F20303984212D846
:105A1000226A202A07D063494B6823F0F84343EAFF
:105A200082634B60D0E75F4A536823F0F84343F04A
:105A300080435360C8E75B4AD36823F07C53216AF4
:105A400043EA0163D360BFE7564A136823F080033B
:105A50001360FDF7FBFC0546524B1B6813F4807F77
:105A6000B2D0FDF7F3FC401B0228F5D90320E6E68F
:105A700040F26D214C48FCF711FDACE7494A536FE9
:105A800023F001035367FDF7E1FC0546454B5B6FCF
:105A900013F0020F06D0FDF7D9FC401B0228F5D900
:105AA0000320CCE6236813F0200F32D0A369012B2A
:105AB00015D8A369CBB13B4A136843F480531360F4
:105AC000FDF7C4FC0546374B1B6813F4005F20D17B
:105AD000FDF7BCFC401B0228F5D90320AFE64FF4CC
:105AE00026713148FCF7DAFCE3E72E4A136823F409
:105AF00080531360FDF7AAFC05462A4B1B6813F47C
:105B0000005F06D0FDF7A2FC401B0228F5D9032058
:105B100095E6236813F0040F71D0A368052B18BF16
:105B2000012B13D8214A136843F480731360FDF7E7
:105B30008DFC05461D4B1B6813F4807F0CD1FDF7CF
:105B400085FC401B6428F5D9032078E640F2C22189
:105B50001548FCF7A3FCE5E7A368012B0AD03BBB83
:105B6000104B1A6F22F001021A671A6F22F004021A
:105B70001A6704E00B4A136F43F001031367A3682D
:105B800063B3FDF763FC0546064B1B6F13F0020F72
:105B900035D1FDF75BFC401B41F288339842F3D9C5
:105BA00003204CE600440258401201080048025805
:105BB000052B09D0924B1A6F22F001021A671A6F57
:105BC00022F004021A67DAE78D4B1A6F42F00402E2
:105BD0001A671A6F42F001021A67D0E7FDF736FC28
:105BE0000546874B1B6F13F0020F08D0FDF72EFC04
:105BF000401B41F288339842F3D903201FE6636AC1
:105C0000022B4FD8636A002B00F05B817C4A12693B
:105C100002F03802182A00F0FB80022B40F0DA80F4
:105C2000A36A032B18BF012B01D9022B40D1236C8F
:105C3000002B18BF042B03D0082B01D00C2B3DD117
:105C4000636C002B18BF022B3ED1E36A013B3E2B55
:105C500040D8236B043BB3F5FE7F41D8636B013B17
:105C60007F2B43D8A36B013B7F2B45D8E36B013BD4
:105C70007F2B47D8A36CB3F5005F49D2604A136805
:105C800023F080731360FDF7E1FB05465C4B1B6856
:105C900013F0007F42D0FDF7D9FB401B0228F5D955
:105CA0000320CCE54FF43D715648FCF7F7FBA9E71C
:105CB00040F2FD215348FCF7F1FBB8E740F2FE212A
:105CC0005048FCF7EBFBBBE740F2FF214D48FCF7E7
:105CD000E5FBBAE74FF440714A48FCF7DFFBB8E751
:105CE00040F201314748FCF7D9FBB7E740F20231F7
:105CF0004448FCF7D3FBB5E740F203314148FCF7D9
:105D0000CDFBB3E74FF441713E48FCF7C7FBB1E769
:105D100040F205313B48FCF7C1FBAFE7384B996ACD
:105D2000394A0A40A16AE06A41EA00110A439A62CC
:105D3000226B013AC2F30802616B0139490289B250
:105D40000A43A16B0139090401F4FE010A43E16B26
:105D50000139090601F0FE410A431A63DA6A22F0AA
:105D60000102DA62596B294A0A40A16C42EAC10277
:105D70005A63DA6A22F00C02216C0A43DA62DA6AA8
:105D800022F00202616C0A43DA62DA6A42F480327B
:105D9000DA62DA6A42F40032DA62DA6A42F48022C3
:105DA000DA62DA6A42F00102DA621A6842F080725C
:105DB0001A60FDF74BFB0446114B1B6813F0007F84
:105DC00006D1FDF743FB001B0228F5D9032036E579
:105DD000002034E50A4A136823F080731360FDF74E
:105DE00035FB0446064B1B6813F0007F06D0FDF719
:105DF0002DFB001B0228F5D9032020E500201EE51D
:105E000000440258401201080CFCFFFF0700FFFF8E
:105E1000354A916A106B012B55D001F00303A26A39
:105E2000934252D1C1F30511E36A99424FD1C0F3B5
:105E30000802236B013B9A424BD1C0F34622636BAD
:105E4000013B9A4247D1C0F30642A36B013B9A4201
:105E500043D1C0F30660E36B013B98423FD1224B34
:105E60005B6BC3F3CC03A26C9A423AD0B2F5005FED
:105E700019D21D4AD36A23F00103D362FDF7E6FA73
:105E80000546FDF7E3FAA842FBD0174A516B174BC2
:105E90000B40A16C43EAC1035363D36A43F001038F
:105EA000D3620020CBE44FF45B711148FCF7F6FAA3
:105EB000DFE7012070470120C1E40120BFE4012099
:105EC000BDE40020BBE40120B9E40120B7E40120D7
:105ED000B5E40120B3E40120B1E40120AFE40120E6
:105EE000ADE40020ABE400BF004402580700FFFF10
:105EF00040120108744B1B6903F03803102B00F0AB
:105F0000DE80182B0FD00BB1704870476E4B1B68AA
:105F100013F0200F00F0D5806B4B1B68C3F3C10357
:105F20006B48D840704710B4674B9A6A02F003027E
:105F30009C6AC4F30510D96A01F001015B6BC3F3DD
:105F4000CC0301FB03F307EE903AF8EE677A14F402
:105F50007C7F00F09480012A66D0022A00F09280B3
:105F6000E2B107EE100AF8EE476A9FED5A6A86EE34
:105F7000267A554B1B6BC3F3080306EE903AF8EEF6
:105F8000666A9FED556A67EE867A76EEA77AF7EE37
:105F9000006A77EEA67A27EE277A61E04A4B1B6803
:105FA00013F0200F23D048490A68C2F3C102484BBE
:105FB000D34007EE103AF8EE476A07EE100AB8EE43
:105FC000476A86EE867A0B6BC3F3080306EE903AB7
:105FD000F8EE666A9FED406A67EE867A76EEA77AFB
:105FE000F7EE006A77EEA67A27EE277A38E007EE1A
:105FF000100AF8EE476A9FED396A86EE267A324B30
:106000001B6BC3F3080306EE903AF8EE666A9FED49
:10601000326A67EE867A76EEA77AF7EE006A77EE56
:10602000A67A27EE277A1BE007EE100AF8EE476AF9
:106030009FED286A86EE267A234B1B6BC3F3080379
:1060400006EE903AF8EE666A9FED236A67EE867A6E
:1060500076EEA77AF7EE006A77EEA67A27EE277A31
:10606000194B1B6BC3F34623013307EE903AF8EE4E
:10607000677AC7EE276AFCEEE67A17EE900A5DF8BB
:10608000044B704707EE100AF8EE476A9FED146A5A
:1060900086EE267A0C4B1B6BC3F3080306EE903A90
:1060A000F8EE666A9FED0C6A67EE867A76EEA77A5E
:1060B000F7EE006A77EEA67A27EE277AD0E709484E
:1060C00070470348704700BF0044025800093D0074
:1060D0000090D0030024744A000000390024744C5E
:1060E00020BCBE4B40787D01002800F02A8270B5AC
:1060F0000D4604460368013B3E2B00F2DD800F2D68
:1061000000F2E0809E4B1B6803F00F03AB420BD202
:106110009B4A136823F00F032B431360136803F0AB
:106120000F03AB4240F00F82236813F0040F18D026
:106130002269944B9B6903F070039A4211D9002A9B
:1061400018BF402A06D0502A04D0602A02D0702AF4
:1061500040F0BE808B4A936923F0700321690B43A2
:106160009361236813F0080F18D06269854BDB69CF
:1061700003F070039A4211D9002A18BF402A06D0B2
:10618000502A04D0602A02D0702A40F0A7807D4AAD
:10619000D36923F0700361690B43D361236813F063
:1061A000100F1CD0A269774BDB6903F4E0639A42BD
:1061B00015D9002A18BFB2F5806F09D0B2F5A06FCB
:1061C00006D0B2F5C06F03D0B2F5E06F40F08C801E
:1061D0006C4AD36923F4E063A1690B43D36123685C
:1061E00013F0200F17D0E269664B1B6A03F07003AF
:1061F0009A4210D9002A18BF402A05D0502A03D04D
:10620000602A01D0702A75D15E4A136A23F07003A8
:10621000E1690B431362236813F0020F14D0E268A4
:10622000584B9B6903F00F039A420DD9002A18BFFF
:10623000082A02D0093A062A62D8524A936923F002
:106240000F03E1680B439361236813F0010F00F023
:106250009D80A368002B18BFB3F5006F14D0B3F571
:10626000106F11D0B3F5206F0ED0B3F5306F0BD097
:10627000B3F5406F08D0B3F5506F05D0B3F5606F3C
:1062800002D0B3F5706F41D16368032B44D83D4A07
:10629000936923F47063A1680B4393616368022BD5
:1062A00040D0032B5DD0012B62D0364A126812F029
:1062B000040F3CD1012025E140F2A7313248FCF720
:1062C000EDF81CE74FF46A712F48FCF7E7F819E77F
:1062D0004FF471712C48FCF7E1F83BE740F2D631FE
:1062E0002948FCF7DBF852E740F2E7312648FCF793
:1062F000D5F86DE740F2F9312348FCF7CFF883E792
:1063000040F20C412048FCF7C9F896E740F21C41E6
:106310001D48FCF7C3F8B7E740F21D411A48FCF7E7
:10632000BDF8B4E7126812F4003F00F00E81154981
:106330000A6922F0070213430B61FDF787F806464E
:10634000104B1B6903F038036268B3EBC20F1DD01A
:10635000FDF77CF8801B41F288339842F0D9032086
:10636000D0E0084A126812F0007FE0D10120C9E0B5
:10637000044A126812F4807FD9D10120C2E000BF24
:10638000002000520044025840120108236813F014
:10639000020F15D0E2686F4B9B6903F00F039A421E
:1063A0000ED2002A18BF082A03D0093A062A00F2A2
:1063B000AA80684A936923F00F03E1680B43936155
:1063C000654B1B6803F00F03AB420BD9624A13689D
:1063D00023F00F032B431360136803F00F03AB424A
:1063E00040F0B580236813F0040F18D02269594B90
:1063F0009B6903F070039A4211D2002A18BF402A09
:1064000006D0502A04D0602A02D0702A40F0818041
:10641000504A936923F0700321690B439361236809
:1064200013F0080F17D062694A4BDB6903F0700361
:106430009A4210D2002A18BF402A05D0502A03D011
:10644000602A01D0702A6AD1424AD36923F07003CE
:1064500061690B43D361236813F0100F1BD0A2694D
:106460003C4BDB6903F4E0639A4214D2002A18BF64
:10647000B2F5806F08D0B2F5A06F05D0B2F5C06F4D
:1064800002D0B2F5E06F50D1324AD36923F4E06311
:10649000A1690B43D361236813F0200F17D0E26981
:1064A0002C4B1B6A03F070039A4210D2002A18BFCB
:1064B000402A05D0502A03D0602A01D0702A3AD150
:1064C000244A136A23F07003E1690B431362FFF758
:1064D00011FD20498B69C3F30323204AD35C03F0E9
:1064E0001F03D8408B6903F00F03D35C03F01F0335
:1064F00020FA03F31A4A13601A4B18601A4B1868F3
:10650000FCF742FF70BD40F25E411848FBF7C6FF42
:106510004FE740F27F411548FBF7C0FF78E740F2B4
:1065200091411248FBF7BAFF8EE740F2A3410F48B2
:10653000FBF7B4FFA8E740F2B5410C48FBF7AEFF0C
:10654000BEE7012070470120DCE70120DAE70120E7
:10655000D8E700BF00440258002000525410010840
:10656000180000241C00002424000024401201080C
:1065700008B5FFF7BFFC0B4A9369C3F303230A492D
:10658000CB5C03F01F0320FA03F3926902F00F02C1
:10659000885C00F01F0023FA00F0044A1060044AEF
:1065A000136008BD0044025854100108180000246C
:1065B0001C00002408B5FFF7DBFF054BDB69C3F3C4
:1065C0000213044AD35C03F01F03D84008BD00BF88
:1065D000004402585410010808B5FFF7C9FF054BE5
:1065E000DB69C3F30223044AD35C03F01F03D840E2
:1065F00008BD00BF004402585410010870B504469D
:106600000E460368013B3E2B3DD86368043BB3F55F
:10661000FE7F3ED8A368013B7F2B40D82369013B16
:106620007F2B42D8E368013B7F2B44D86369002B62
:1066300018BF402B03D0802B01D0C02B41D1A369C0
:10664000002B18BF202B42D1E369B3F5005F44D281
:10665000574B9B6A03F00303032B00F0A780544AB7
:10666000136823F080631360FCF7F0FE0546504B7F
:106670001B6813F0006F36D0FCF7E8FE431B022BBB
:10668000F5D9032093E040F672614A48FBF706FF14
:10669000BBE740F673614748FBF700FFBAE740F6F7
:1066A00074614448FBF7FAFEB8E740F6756141486B
:1066B000FBF7F4FEB6E740F676613E48FBF7EEFEE8
:1066C000B4E740F677613B48FBF7E8FEB7E740F6F2
:1066D00078613848FBF7E2FEB6E740F67961354865
:1066E000FBF7DCFEB4E7324B9A6A22F47C32216875
:1066F00042EA01329A626268013AC2F30802A16872
:106700000139490289B20A43E1680139090401F4F7
:10671000FE010A4321690139090601F0FE410A43DD
:106720009A63DA6A22F0C00261690A43DA62DA6ABD
:1067300022F02002A1690A43DA62DA6A22F010022A
:10674000DA62D96B1C4A0A40E16942EAC102DA63A3
:10675000DA6A42F01002DA62C6B91A46DB6A43F41A
:106760000023D362124A136843F080631360FCF77E
:106770006DFE04460E4B1B6813F0006F14D1FCF73E
:1067800065FE001B0228F5D9032010E0012E05D07C
:10679000074AD36A43F40013D362E3E7044AD36A97
:1067A00043F48013D362DDE7002000E0012070BDD8
:1067B000004402588C1201080700FFFF70B5044620
:1067C0000E460368013B3E2B41D86368043BB3F59A
:1067D000FE7F42D8A368013B7F2B44D82369013B4D
:1067E0007F2B46D8E368013B7F2B48D86369002B99
:1067F00018BFB3F5806F05D0B3F5006F02D0B3F5C5
:10680000406F42D1A369002B18BFB3F5007F42D17E
:10681000E369B3F5005F44D2574B9B6A03F003036F
:10682000032B00F0A780544A136823F080531360B1
:10683000FCF70CFE0546504B1B6813F0005F36D08A
:10684000FCF704FE431B022BF5D9032093E040F62E
:10685000DA614A48FBF722FEB7E740F6DB614748BA
:10686000FBF71CFEB6E740F6DC614448FBF716FE7A
:10687000B4E740F6DD614148FBF710FEB2E740F6B1
:10688000DE613E48FBF70AFEB0E740F6DF613B48B9
:10689000FBF704FEB6E74FF46E613848FBF7FEFDE8
:1068A000B6E740F6E1613548FBF7F8FDB4E7324B57
:1068B0009A6A22F07C72216842EA01529A62626806
:1068C000013AC2F30802A1680139490289B20A43B8
:1068D000E1680139090401F4FE010A432169013923
:1068E000090601F0FE410A431A64DA6A22F44062A2
:1068F00061690A43DA62DA6A22F40072A1690A4322
:10690000DA62DA6A22F48072DA62596C1C4A0A404E
:10691000E16942EAC1025A64DA6A42F48072DA62D8
:10692000C6B91A46DB6A43F48003D362124A13687D
:1069300043F080531360FCF789FD04460E4B1B683F
:1069400013F0005F14D1FCF781FD001B0228F5D97C
:10695000032010E0012E05D0074AD36A43F080736C
:10696000D362E3E7044AD36A43F40003D362DDE76A
:10697000002000E0012070BD004402588C12010884
:106980000700FFFFF8B50446036813F0006F30D02E
:10699000836EB3F5001F26D00ED8EBB1B3F5801F80
:1069A00007D102210830FFF729FE054645B12E46E2
:1069B00021E0012635461EE0B3F5401F09D1002530
:1069C000A04A136D23F44013A16E0B4313650026F8
:1069D00011E0012635460EE09A4AD36A43F40033AB
:1069E000D3620025ECE702212830FFF7E7FE0546D9
:1069F000DCE700263546236813F4807F14D0A36DAE
:106A0000042B32D8DFE803F003232A0808008D4A5C
:106A1000D36A43F40033D36255BB8A4A136D23F023
:106A20000703A16D0B431365236813F4007F31D076
:106A3000E36D802B4DD020D8002B44D0402B19D1B2
:106A4000002104F10800FFF7D9FD05461AE00021F6
:106A500004F10800FFF7D2FD0546DDE7002104F14F
:106A60002800FFF7ABFE0546D6E701263546DBE7F3
:106A70002E46D9E7012635460CE0C02B02D0B3F5EF
:106A8000807F1DD165BB6F4A136D23F4E073E16D08
:106A90000B431365236813F4806F35D0D4F8A83006
:106AA000B3F5800F4FD020D8002B46D0B3F5001F90
:106AB00018D1002104F10800FFF7A0FD05461AE0F7
:106AC00001263546E6E75F4AD36A43F40033D362D2
:106AD000D8E7002104F12800FFF770FE0546D1E752
:106AE0002E46D7E7012635460EE0B3F5C00F02D09B
:106AF000B3F5000F1ED16DBB524A936D23F46003B2
:106B0000D4F8A8100B439365236813F4006F36D0B4
:106B1000D4F8AC30B3F1007F54D020D8002B4BD048
:106B2000B3F1807F18D1002104F10800FFF766FD62
:106B300005461AE001263546E6E7424AD36A43F4A1
:106B40000033D362D7E7002104F12800FFF736FEB7
:106B50000546D0E72E46D7E7012635460FE0B3F1CC
:106B6000407F02D0B3F1806F23D1002D31D1354A5F
:106B7000936D23F0E063D4F8AC100B439365236866
:106B800013F0007F2ED0E36C202B3FD026D833B1FA
:106B9000102B20D12B4AD36A43F40033D362002D4B
:106BA0003BD1284AD36C23F03003E16C0B43D36410
:106BB00018E001263546E2E7224AD36A43F400335F
:106BC000D362D2E7002104F12800FFF7F7FD054664
:106BD000CBE72E46D3E70126354603E0302BDED047
:106BE00001263546236813F4805F3ED0236EB3F54B
:106BF000005F32D016D853B3B3F5805F0FD10021B8
:106C000004F10800FFF7FAFC054611E0022104F147
:106C10000800FFF7F3FC0546C1E72E46E2E7012630
:106C2000354622E0B3F5405F02D0B3F5804F0BD17B
:106C3000D5B9044A136D23F4E043216E0B43136569
:106C400013E000BF00440258012635460DE0554AC6
:106C5000D36A43F40033D362EAE7002104F1280049
:106C6000FFF7ACFD0546E3E72E46236813F4005F0B
:106C700026D0636EB3F5003F41D016D843B1B3F5CB
:106C8000803F0FD1012104F10800FFF7B7FC054652
:106C9000002D3BD1434A136D23F4E023616E0B4377
:106CA00013650DE0012635460AE0B3F5802FEFD0DD
:106CB000B3F5A02FECD0B3F5403FE9D0012635461F
:106CC000236813F4804F31D0D4F8B030B3F1005FB3
:106CD00048D020D843B1B3F1805F19D1012104F12C
:106CE0000800FFF78BFC0546002D42D12D4A936D1D
:106CF00023F0E043D4F8B0100B43936516E0012174
:106D000004F12800FFF75AFD0546C1E72E46D7E7F4
:106D1000012635460AE0B3F1804FE5D0B3F1A04F2C
:106D2000E2D0B3F1405FDFD001263546236813F48B
:106D3000004F09D0236FB3F1805F1CD0B3F1005F27
:106D400027D0EBB101263546236813F0807F3AD077
:106D5000A36C032B00F2A881DFE813F02B002600C0
:106D60009F012B00012104F12800FFF727FD0546B4
:106D7000BAE72E46DAE70B4AD36A43F40033D3620C
:106D800075B9084A136D23F04053216F0B43136507
:106D9000DAE7012104F10800FFF730FC0546EFE7D0
:106DA0002E46D1E700440258B74AD36A43F4003371
:106DB000D362002D40F07B81B34AD36C23F00303F0
:106DC000A16C0B43D364236813F4800F00F08D8112
:106DD000D4F8B430B3F5807F18BFB3F5007F00F06E
:106DE0000D81B3F50C5F00F00981B3F54C5F00F045
:106DF0000581B3F5864F00F00181B3F5A64F00F091
:106E0000FD80B3F5C64F00F0F980B3F5E64F00F012
:106E1000F580B3F5034F00F0F180B3F5134F00F0A8
:106E2000ED80B3F5234F00F0E980B3F5334F00F068
:106E3000E580B3F5434F00F0E180B3F5534F00F028
:106E4000DD80B3F5634F00F0D980B3F5734F00F0E8
:106E5000D5808E4A934200F0D18002F58052934251
:106E600000F0CC8002F58052934200F0C78002F51A
:106E70008052934200F0C28002F58052934200F0AB
:106E8000BD8002F58052934200F0B88002F5805236
:106E9000934200F0B38002F58052934200F0AE803E
:106EA00002F58052934200F0A98002F5805293428D
:106EB00000F0A48002F58052934200F09F8002F51A
:106EC0008052934200F09A8002F58052934200F083
:106ED000958002F58052934200F0908002F5805236
:106EE000934200F08B8002F58052934200F086803E
:106EF00002F58052934200F0818002F58052934265
:106F00007CD002F58052934278D002F580529342B1
:106F100074D002F58052934270D002F580529342B1
:106F20006CD002F58052934268D002F580529342B1
:106F300064D002F58052934260D002F580529342B1
:106F40005CD002F58052934258D002F580529342B1
:106F500054D002F58052934250D002F580529342B1
:106F60004CD002F58052934248D002F580529342B1
:106F700044D002F58052934240D002F580529342B1
:106F80003CD002F58052934238D002F580529342B1
:106F900034D002F58052934230D002F580529342B1
:106FA0002CD002F58052934228D002F580529342B1
:106FB00024D002F58052934220D002F580529342B1
:106FC0001CD002F58052934218D002F580529342B1
:106FD00014D002F58052934210D002F580529342B1
:106FE0000CD002F58052934208D002F580529342B1
:106FF00004D040F27D312648FBF750FA254A136849
:1070000043F480731360FCF721FA0746214B1B6899
:1070100013F4807F05D1FCF719FAC01B6428F5D959
:107020000325002D60D1184B1B6FD4F8B4205340BA
:1070300013F4407F0CD0144B1A6F22F44072196F76
:1070400041F480311967196F21F4803119671A678B
:10705000D4F8B430B3F5807F2BD0002D63D1D4F8B1
:10706000B43003F44072B2F5407F33D0064A13695E
:1070700023F47C53136104490B6FD4F8B420C2F39A
:107080000B0213430B6707E00044025800030100A2
:107090008C1201080048025827E0022104F1080080
:1070A000FFF7ACFA054684E6012635468BE62E4608
:1070B00089E6FCF7CBF90746924B1B6F13F0020FE2
:1070C000CBD1FCF7C3F9C01B41F288339842F3D906
:1070D0000325C2E78B48026922F47C528A4901EAFF
:1070E000131313430361C6E72E46236813F0010F01
:1070F00033D0E36F282B2ED8DFE803F01D2D2D2D84
:107100002D2D2D2D172D2D2D2D2D2D2D262D2D2DCC
:107110002D2D2D2D1D2D2D2D2D2D2D2D1D2D2D2DBF
:107120002D2D2D2D1D002E46DFE7012104F1080035
:10713000FFF764FA0546E5B9724A536D23F0380348
:10714000E16F0B43536508E0012104F12800FFF7CC
:1071500035FB0546EFE701263546236813F0020F9D
:1071600017D0A36F052B28D8DFE803F00B05200B01
:107170000B0B2E46F1E7012104F10800FFF73EFA60
:107180000546EDB95F4A536D23F00703A16F0B432A
:107190005365236813F0040F23D0D4F89430052BE3
:1071A00045D8DFE803F0150F3D151515012104F151
:1071B0002800FFF703FB0546E3E701263546E8E72D
:1071C0002E46E6E7012104F10800FFF717FA05460D
:1071D00085BB4C4A936D23F00703D4F894100B43FE
:1071E0009365236813F0200F34D0D4F89030B3F1B6
:1071F000005F4ED023D843B1B3F1805F1CD1002192
:1072000004F10800FFF7FAF90546002D48D13D4A80
:10721000536D23F0E043D4F890100B43536519E00D
:10722000012104F12800FFF7C9FA0546D0E701263D
:107230003546D6E72E46D4E7012635460AE0B3F1B7
:10724000804FE2D0B3F1A04FDFD0B3F1405FDCD08C
:1072500001263546236813F0400F31D0D4F89C3016
:10726000B3F5006F52D020D843B1B3F5806F19D178
:10727000002104F10800FFF7C1F90546002D4CD1AB
:10728000204A936D23F4E053D4F89C100B4393658C
:1072900016E0022104F12800FFF790FA0546B4E752
:1072A0002E46D7E7012635460AE0B3F5805FE5D0E4
:1072B000B3F5A05FE2D0B3F5406FDFD001263546CD
:1072C000236813F0800F38D0D4F8A030B3F5804F86
:1072D00000F0CF8026D843B1B3F5005F1FD1002165
:1072E00004F10800FFF78AF90546002D40F0C88038
:1072F000044A936D23F46043D4F8A0100B439365C4
:107300001BE000BF00440258CFFFFF00022104F140
:107310002800FFF753FA0546B0E72E46D0E70126CE
:1073200035460AE0B3F5004FDFD0B3F5204FDCD08F
:10733000B3F5C04FD9D001263546236813F0080FA6
:107340001AD0D4F88430B3F5805F18BFB3F5005F6E
:1073500004D01BB1B3F5405F40F09480D4F8843082
:10736000B3F5805F00F09480824A536D23F440535C
:10737000D4F884100B435365236813F0100F1AD010
:10738000D4F89830B3F5807F18BFB3F5007F04D0F0
:107390001BB1B3F5407F40F08580D4F89830B3F549
:1073A000807F00F08580734A936D23F44073D4F896
:1073B00098100B439365236813F4002F0CD0D4F876
:1073C000A430B3F5803F00F08D80B3F5003F7FD04F
:1073D000002B77D001263546236813F4802F0ED07A
:1073E000D4F88830B3F5001F00F09480B3F5401F47
:1073F00000F08680B3F5801F7DD0012635462368D6
:1074000013F4803F10D0236D002B18BFB3F5803FDD
:1074100040F08980236D002B00F08B80B3F5803F16
:1074200000F0958001263546236813F0005F40F098
:107430009780236813F4003F00F0A480D4F88030D4
:10744000B3F5807F00F0318140F29880B3F5007F82
:1074500003D0B3F5407F40F02681002D40F02B8112
:10746000444A536D23F44073D4F880100B435365A2
:1074700088E0022104F12800FFF7A0F9054634E76F
:107480002E465AE740F20D513B48FBF707F865E7F7
:10749000022104F12800FFF791F900283FF464AFBE
:1074A000012661E74FF4A4613348FAF7F7FF74E768
:1074B000022104F12800FFF781F900283FF473AF9F
:1074C000012670E7002104F10800FFF797F8054650
:1074D0007DB9284A936D23F44033D4F8A4100B43AC
:1074E000936579E7022104F12800FFF767F9054663
:1074F000EEE72E4670E71F4AD36A43F40033D362A7
:107500007DB91C4A536D23F44013D4F888100B4303
:10751000536574E7012104F12800FFF74FF9054690
:10752000EEE72E466BE740F286511348FAF7B6FFB6
:1075300070E7104AD36A43F40033D36275B90D4A39
:10754000D36C23F48033216D0B43D3646CE70221A9
:1075500004F10800FFF752F80546EFE72E4663E70F
:10756000022104F12800FFF729F900283FF461AF58
:1075700001265EE7004402588C120108002B3FF4FC
:107580006CAF0126236813F4801F0DD0636F002BAE
:1075900018BFB3F1004F40F09080754A136D23F08F
:1075A0000043616F0B431365236813F0805F0FD0B6
:1075B000D4F8B830002B18BFB3F5804F40F083806B
:1075C0006B4A136923F48043D4F8B8100B4313615A
:1075D000236813F4001F0CD0E36E002B18BFB3F127
:1075E000807F76D1624A136D23F08073E16E0B4386
:1075F0001365236813F0804F10D0D4F8BC30002BF3
:1076000018BFB3F5004F6AD1594B1A6922F40042F2
:107610001A611A69D4F8BC100A431A612368002B56
:107620000FDA636D002B18BFB3F1805F02D0B3F1A6
:10763000005F5AD14E4AD36C23F04053616D0B4327
:10764000D364236813F4000F11D0D4F88C30002BCE
:1076500018BFB3F5800F02D0B3F5000F4BD1444AE9
:10766000536D23F44003D4F88C100B4353656368C7
:1076700013F0010F45D1636813F0020F4AD163681C
:1076800013F0040F4FD1636813F0080F54D16368EF
:1076900013F0100F59D1636813F0200F5ED106B1BB
:1076A00001263046F8BD01266CE7314AD36A43F41F
:1076B0000033D362D1E62E4664E740F2E5512D480F
:1076C000FAF7ECFE69E740F2EF512A48FAF7E6FED6
:1076D00076E740F2F9512748FAF7E0FE82E740F2F8
:1076E0000F612448FAF7DAFE8EE740F2196121486B
:1076F000FAF7D4FE9EE740F223611E48FAF7CEFE69
:10770000ADE7002104F10800FEF778FF0028B2D0B1
:107710000646B0E7012104F10800FEF76FFF0028DC
:10772000ADD00646ABE7022104F10800FEF766FF84
:107730000028A8D00646A6E7002104F12800FFF79C
:107740003DF80028A3D00646A1E7012104F1280056
:10775000FFF734F800289ED006469CE7022104F18A
:107760002800FFF72BF8002899D0012699E700BFE1
:10777000004402588C12010808B5FEF7F9FE054BCB
:107780001B6AC3F30213044AD35C03F01F03D840FF
:1077900008BD00BF004402585410010810B4784BD3
:1077A0009A6A9C6AC4F3053CD96AC1F30011DB6B89
:1077B000C3F3CC0301FB03F314F47C3F00F0DB8044
:1077C00002F0030207EE903AF8EE677A012A66D0DB
:1077D000022A00F0B380E2B107EE10CAF8EE476A61
:1077E0009FED686A86EE267A654B9B6BC3F30803B0
:1077F00006EE903AF8EE666A9FED636A67EE867A67
:1078000076EEA77AF7EE006A77EEA67A27EE277A69
:1078100061E05B4B1B6813F0200F23D058490A68C6
:10782000C2F3C102594BD34007EE103AF8EE476A53
:1078300007EE10CAB8EE476A86EE867A8B6BC3F302
:10784000080306EE903AF8EE666A9FED4F6A67EE1F
:10785000867A76EEA77AF7EE006A77EEA67A27EEBA
:10786000277A38E007EE10CAF8EE476A9FED486ABB
:1078700086EE267A424B9B6BC3F3080306EE903AE2
:10788000F8EE666A9FED406A67EE867A76EEA77A32
:10789000F7EE006A77EEA67A27EE277A1BE007EE6E
:1078A00010CAF8EE476A9FED376A86EE267A344BA7
:1078B0009B6BC3F3080306EE903AF8EE666A9FED01
:1078C000326A67EE867A76EEA77AF7EE006A77EE8E
:1078D000A67A27EE277A2A4A936BC3F3462307EE4C
:1078E000903AF8EE677AF7EE006A77EEA67A87EEBE
:1078F000276ABCEEC66A80ED006A936BC3F3064349
:1079000007EE903AF8EE677A77EEA67A87EE276A66
:10791000BCEEC66A80ED016A936BC3F3066307EEA3
:10792000903AF8EE677A77EEA67AC7EE276AFCEE11
:10793000E66AC0ED026A5DF8044B704707EE10CAB4
:10794000F8EE476A9FED136A86EE267A0C4B9B6B26
:10795000C3F3080306EE903AF8EE666A9FED0A6AF2
:1079600067EE867A76EEA77AF7EE006A77EEA67A69
:1079700027EE277AAFE70023036043608360DAE7EE
:10798000004402580024744A000000390090D003DB
:107990000024744C20BCBE4B10B4784B9A6A9C6A8D
:1079A000C4F3055CD96AC1F300215B6CC3F3CC035B
:1079B00001FB03F314F07C7F00F0DB8002F0030294
:1079C00007EE903AF8EE677A012A66D0022A00F0B4
:1079D000B380E2B107EE10CAF8EE476A9FED686A1D
:1079E00086EE267A654B1B6CC3F3080306EE903ACD
:1079F000F8EE666A9FED636A67EE867A76EEA77A9E
:107A0000F7EE006A77EEA67A27EE277A61E05B4B05
:107A10001B6813F0200F23D058490A68C2F3C10233
:107A2000594BD34007EE103AF8EE476A07EE10CAFA
:107A3000B8EE476A86EE867A0B6CC3F3080306EE4F
:107A4000903AF8EE666A9FED4F6A67EE867A76EEB8
:107A5000A77AF7EE006A77EEA67A27EE277A38E063
:107A600007EE10CAF8EE476A9FED486A86EE267A5E
:107A7000424B1B6CC3F3080306EE903AF8EE666ABD
:107A80009FED406A67EE867A76EEA77AF7EE006A97
:107A900077EEA67A27EE277A1BE007EE10CAF8EEFB
:107AA000476A9FED376A86EE267A344B1B6CC3F328
:107AB000080306EE903AF8EE666A9FED326A67EECA
:107AC000867A76EEA77AF7EE006A77EEA67A27EE48
:107AD000277A2A4A136CC3F3462307EE903AF8EE4E
:107AE000677AF7EE006A77EEA67A87EE276ABCEE31
:107AF000C66A80ED006A136CC3F3064307EE903A42
:107B0000F8EE677A77EEA67A87EE276ABCEEC66A49
:107B100080ED016A136CC3F3066307EE903AF8EE4A
:107B2000677A77EEA67AC7EE276AFCEEE66AC0EDC2
:107B3000026A5DF8044B704707EE10CAF8EE476A18
:107B40009FED136A86EE267A0C4B1B6CC3F3080379
:107B500006EE903AF8EE666A9FED0A6A67EE867A5C
:107B600076EEA77AF7EE006A77EEA67A27EE277A06
:107B7000AFE70023036043608360DAE70044025804
:107B80000024744A000000390090D0030024744C93
:107B900020BCBE4B10B4784B9A6A9C6AC4F3051C97
:107BA000D96A01F001015B6BC3F3CC0301FB03F362
:107BB00014F47C7F00F0DB8002F0030207EE903AC1
:107BC000F8EE677A012A66D0022A00F0B380E2B1AB
:107BD00007EE10CAF8EE476A9FED686A86EE267ACD
:107BE000654B1B6BC3F3080306EE903AF8EE666A2A
:107BF0009FED636A67EE867A76EEA77AF7EE006A03
:107C000077EEA67A27EE277A61E05B4B1B6813F0CC
:107C1000200F23D058490A68C2F3C102594BD34000
:107C200007EE103AF8EE476A07EE10CAB8EE476A58
:107C300086EE867A0B6BC3F3080306EE903AF8EEF5
:107C4000666A9FED4F6A67EE867A76EEA77AF7EE60
:107C5000006A77EEA67A27EE277A38E007EE10CA98
:107C6000F8EE476A9FED456A86EE267A424B1B6B1B
:107C7000C3F3080306EE903AF8EE666A9FED406A99
:107C800067EE867A76EEA77AF7EE006A77EEA67A46
:107C900027EE277A1BE007EE10CAF8EE476A9FED41
:107CA0003A6A86EE267A344B1B6BC3F3080306EE62
:107CB000903AF8EE666A9FED326A67EE867A76EE63
:107CC000A77AF7EE006A77EEA67A27EE277A2A4A95
:107CD000136BC3F3462307EE903AF8EE677AF7EE9C
:107CE000006A77EEA67A87EE276ABCEEC66A80ED58
:107CF000006A136BC3F3064307EE903AF8EE677A17
:107D000077EEA67A87EE276ABCEEC66A80ED016A36
:107D1000136BC3F3066307EE903AF8EE677A77EEDB
:107D2000A67AC7EE276AFCEEE66AC0ED026A5DF845
:107D3000044B704707EE10CAF8EE476A9FED136ACE
:107D400086EE267A0C4B1B6BC3F3080306EE903AC3
:107D5000F8EE666A9FED0A6A67EE867A76EEA77A93
:107D6000F7EE006A77EEA67A27EE277AAFE70023D0
:107D7000036043608360DAE7004402580024744CD7
:107D8000000000390090D0030024744A20BCBE4B90
:107D900000B58BB0A0F580730B432DD0A0F5007318
:107DA0000B437DD0A0F580630B4300F0D380A0F59A
:107DB00000630B4300F02B81A0F580530B4300F0D0
:107DC0008B81A0F500530B4300F0E381A0F5002365
:107DD0000B4300F02C82A0F580330B4300F06F8240
:107DE000A0F580430B4300F09082A0F500400843CB
:107DF00000F0D482002002E3954B1B6D03F00703D3
:107E0000042B00F2F382DFE803F005101B032600C9
:107E10009048F4E28E4B186810F0007000F0EF828A
:107E200007A8FFF7B7FE0898E9E2894B186810F039
:107E3000006000F0E48204A8FFF7B0FC0498DEE2E2
:107E4000834B186810F0005000F0D98201A8FFF7AA
:107E5000A3FD0198D3E27E4AD36C03F0405312682D
:107E600012F0040F07D033B9794B1B68C3F3C10379
:107E70007948D840C3E2764A126812F4807F03D072
:107E8000B3F1805F00F0B482714A126812F4003FCF
:107E900000F0B082B3F1005F00F0AE820020AEE2ED
:107EA0006B4B1B6D03F4E073802B33D015D9C02BC3
:107EB00000F0A482B3F5807F1FD1654AD36C03F034
:107EC0004053126812F0040F2FD073BB604B1B6835
:107ED000C3F3C1036048D84091E283B1402B0AD17B
:107EE0005B4B186810F0006000F0898204A8FFF76F
:107EF00055FC049883E2002081E200207FE2544B8D
:107F0000186810F0007000F07A8207A8FFF742FEB0
:107F1000089874E24E4B186810F0005000F06F8221
:107F200001A8FFF739FD019869E2494A126812F485
:107F3000807F03D0B3F1805F00F06482444A12680E
:107F400012F4003F00F06082B3F1005F00F05E8247
:107F5000002054E23E4B9B6D03F46003B3F5800FA9
:107F600035D016D9B3F5C00F00F05282B3F5000F2B
:107F700020D1374AD36C03F04053126812F0040F3B
:107F800030D07BBB324B1B68C3F3C1033248D840AF
:107F900035E28BB1B3F5001F0AD12D4B186810F0F4
:107FA000006000F02C8204A8FFF7F8FB049826E29A
:107FB000002024E2002022E2254B186810F0007017
:107FC00000F01D8207A8FFF7E5FD089817E2204B97
:107FD000186810F0005000F0128201A8FFF7DCFCD6
:107FE00001980CE21A4A126812F4807F03D0B3F1B0
:107FF000805F00F00F82164A126812F4003F00F012
:108000000B82B3F1005F00F009820020F7E1104B12
:108010009B6D03F0E063B3F1007F3DD01ED9B3F157
:10802000407F00F0FD81B3F1806F28D1084AD36C06
:1080300003F04053126812F0040F38D0002B36D1F1
:10804000034B1B68C3F3C1030348D840D7E100BF0B
:10805000004402580080BB000090D0038BB1B3F104
:10806000807F0AD19A4B186810F0006000F0C78139
:1080700004A8FFF793FB0498C1E10020BFE10020B2
:10808000BDE1934B186810F0007000F0B88107A8AC
:10809000FFF780FD0898B2E18D4B186810F0005092
:1080A00000F0AD8101A8FFF777FC0198A7E1884AAD
:1080B000126812F4807F03D0B3F1805F00F0B281C8
:1080C000834A126812F4003F00F0AE81B3F1005F02
:1080D00000F0AC81002092E17D4B1B6D03F4E04386
:1080E000B3F5005F35D016D9B3F5405F00F0A0813D
:1080F000B3F5804F20D1764AD36C03F04053126819
:1081000012F0040F30D07BBB714B1B68C3F3C1036B
:108110007048D84073E18BB1B3F5805F0AD16C4BE6
:10812000186810F0006000F06A8104A8FFF736FBC1
:10813000049864E1002062E1002060E1644B18686B
:1081400010F0007000F05B8107A8FFF723FD08988E
:1081500055E15F4B186810F0005000F0508101A805
:10816000FFF71AFC01984AE1594A126812F4807F1D
:1081700003D0B3F1805F00F05D81554A126812F4BC
:10818000003F00F05981B3F1005F00F057810020FB
:1081900035E14F4B1B6D03F4E023B3F5403F32D084
:1081A00016D8B3F5803F23D0B3F5003F0AD1484B32
:1081B000186810F0005000F0228101A8FFF7ECFBD6
:1081C00002981CE113B9FEF7F5F918E1002016E159
:1081D000B3F5802F23D0B3F5A02F07D13C4B1868FF
:1081E00010F4003000F00B813B4808E1002006E16C
:1081F000374B186810F0006000F0018104A8FFF709
:10820000CDFA0598FBE0324B186810F0040000F03E
:10821000F6801B68C3F3C1032E48D840EFE02C4B17
:10822000186810F4807000F0EA802C48E7E0284BD2
:108230009B6D03F44033B3F5803F10D0B3F5003F9E
:1082400018D00BB10020DAE0214B186810F0006064
:1082500000F0D58004A8FFF7A1FA0498CFE01C4BEA
:10826000186810F0005000F0CA8001A8FFF794FBD6
:108270000398C4E0164AD36C03F04053126812F01E
:10828000040F07D033B9124B1B68C3F3C103114865
:10829000D840B4E00E4A126812F4807F03D0B3F1E4
:1082A000805F00F0CD800A4A126812F4003F00F0AF
:1082B000C980B3F1005F00F0C78000209FE0044B4D
:1082C000DB6C13F480330BD0ABB9002097E000BF18
:1082D000004402580090D00340787D0100093D0021
:1082E0005A4B186810F0007000F0898007A8FFF75B
:1082F00051FC089883E0554B186810F000607ED060
:1083000004A8FFF74BFA069879E0504B9B6D03F0F9
:10831000E043B3F1405F2FD015D8B3F1805F21D097
:10832000B3F1005F09D1494B186810F0005066D0D6
:1083300001A8FFF731FB029861E013B9FFF71CFABF
:108340005DE000205BE0B3F1804F20D0B3F1A04F9F
:1083500006D13E4B186810F4003050D03C484EE037
:1083600000204CE0394B186810F0006047D004A89A
:10837000FFF714FA059842E0344B186810F0040037
:108380003DD01B68C3F3C1033248D84037E02F4BC0
:10839000186810F4807032D02F4830E02B4B1B6DE2
:1083A00003F04053B3F1805F0CD0B3F1005F13D002
:1083B0000BB1002023E0254B186810F400301ED0CC
:1083C00023481CE0214B186810F0007017D007A854
:1083D000FFF7E0FB089812E01C4B186810F00060F3
:1083E0000DD004A8FFF7DAF9059808E0002006E0B0
:1083F000194804E0002002E0154800E017480BB0DF
:108400005DF804FB1448FAE70020F8E71048F6E7A7
:108410001248F4E71048F2E70020F0E70C48EEE7D6
:108420000E48ECE70C48EAE70020E8E70848E6E7F2
:108430000A48E4E70848E2E70020E0E70448DEE70E
:108440000548DCE70020DAE70148D8E70044025895
:1084500040787D010090D00300093D000080BB0002
:1084600008B338B50D46044690F82C30B3B102235A
:1084700084F82C30214651F8040B02F06BF9626845
:108480002946206802F02AFA084A136843F000439C
:108490001360012384F82C30002038BD80F82D3083
:1084A000F9F768FCE3E70120704700BF0040005285
:1084B00038B5044690F82C30D8B2022805D00D46C5
:1084C000052818BF012801D0012038BD022384F8F7
:1084D0002C30206802F0AAFA2B68022B04D001236A
:1084E00084F82C300020F0E7052384F82C3000209D
:1084F000EBE710B5044690F82C30D8B2022805D02E
:1085000094F82C30DBB2012B01D0012010BD0223E6
:1085100084F82C30206802F0D5FA012384F82C303E
:108520000020F3E710B402685369916941F0080133
:10853000916101688A6942F010028A6101680A68E3
:1085400022F001020A6001680C69294A22400A618E
:1085500001688A6822F440428A6090F88120D2B291
:10856000042A0DD013F0200F0AD0D0F8842042F056
:108570008002C0F8842001688A6942F020028A6182
:1085800090F88120D2B2032A0DD013F0400F0AD008
:10859000D0F8842042F00402C0F8842001688A697F
:1085A00042F040028A6113F4007F0AD0D0F88420A0
:1085B00042F00102C0F8842001688A6942F4007226
:1085C0008A6113F4807F0AD0D0F8843043F0080326
:1085D000C0F884300268936943F480739361002388
:1085E000A0F86230A0F86A305DF8044B704700BF15
:1085F00090FCFFFFC36B5B09C0680830C00803FB39
:10860000000070472DE9F84380460F4616461D4688
:10861000DDF8209000E0BDB1D8F800305C6937EAA1
:1086200004040CBF01230023B3420AD1FAF70EFF62
:10863000A0EB0900A842EED3B5F1FF3FEBD0032039
:1086400000E00020BDE8F8830320FBE7002800F0ED
:10865000A88170B504460368A549A64A8B4218BF95
:10866000934212D002F5806293420ED002F5784216
:1086700093420AD002F5E052934206D09E4A9342BA
:1086800003D0FE219D48F9F709FF6368002B18BF4E
:10869000B3F5800F40F0D280A368002B18BFB3F56C
:1086A000802F06D0B3F5C02F03D0B3F5003F40F0C4
:1086B000CA80E368033B1C2B00F2CB80E36B002BEA
:1086C00018BF202B24D0402B22D0602B20D0802B11
:1086D0001ED0A02B1CD0C02B1AD0E02B18D0B3F585
:1086E000807F15D0B3F5907F12D0B3F5A07F0FD067
:1086F000B3F5B07F0CD0B3F5C07F09D0B3F5D07F10
:1087000006D0B3F5E07F03D0B3F5F07F40F0A7804B
:10871000A369B3F1806F18BF002B03D0B3F1005FE2
:1087200040F0A380636BB3F1804F18BF002B40F083
:10873000A280E369002B18BFB3F1805F12D0B3F1C0
:10874000005F0FD0B3F1405F0CD0B3F1804F09D080
:10875000B3F1A04F06D0B3F1C04F03D0B3F1E04F57
:1087600040F08F80236A002B18BFB3F5000F40F054
:108770008E80636A002B18BFB3F5002F40F08D8008
:10878000636A6BB92369002B18BFB3F1007F40F017
:108790008A806369002B18BFB3F1807F40F0898025
:1087A0000023A3622568524B524E9D4218BFB5422A
:1087B00014BF0126002607D0A3F574439D4203D0C1
:1087C000E3680F2B00F2EF802046FFF713FF2EB176
:1087D0004B4B9D4202D0082800F2E780444A454BAB
:1087E0009D4218BF954203D003F580639D4202D19C
:1087F000102800F2DC8094F88130002B5FD0022337
:1088000084F881302268136823F001031360236821
:108810009A6802F4F812A169B1F1806F55D06368CB
:1088200013F4800F6ED0E368062B6BD921680B68B8
:1088300023F48073206D03430B6068E0FF212F4811
:10884000F9F72CFE28E74FF480712C48F9F726FE43
:108850002FE740F201112948F9F720FE2EE74FF4E7
:1088600081712648F9F71AFE52E740F203112348B6
:10887000F9F714FE56E74FF482712048F9F70EFE1F
:1088800057E740F205111D48F9F708FE6AE74FF473
:1088900083711A48F9F702FE6BE740F20711174897
:1088A000F9F7FCFD6CE74FF485711448F9F7F6FD14
:1088B0006FE740F20B111148F9F7F0FD70E784F80B
:1088C00080302046FAF736F999E76168B1F5800FF4
:1088D00006D00029A3D1A16BB1F1805F9FD102E046
:1088E000A06B0028F5D1196841F48051196096E712
:1088F000003001400038004000140058DC1201082C
:10890000003C004021680B6823F480730B60E3692E
:10891000A16A0B431343E26B1343E16822680B43E4
:108920009360636B626A1343A26B1343A2691343A0
:108930002269134362691343226A13436268134333
:10894000E26C1343A2681343A26C1343A16D226827
:108950000B43D36063686BB92268936823F4C053F8
:1089600043F4006393602268936823F4C06343F484
:10897000806393602268136D23F0010313656368BD
:1089800013F4800F06D02268D36823F00043616D92
:108990000B43D3600020C4F88400012384F88130A5
:1089A00070BD012070470120FAE70120F8E701209F
:1089B000F6E700BF2DE9F04782B004468A469146AB
:1089C0001D46D0F800808368002B18BFB3F5C02F78
:1089D00002D0B3F5003F4BD1FAF738FD074694F8C3
:1089E0008160F6B2012E40F04D81B9F1000F18BF41
:1089F000BAF1000F00F0478194F88030012B00F0AD
:108A00004681012384F88030032384F881300023D9
:108A1000C4F88430C4F85CA0A4F86090A4F8629014
:108A20006366A4F86830A4F86A3063672367A368B4
:108A3000B3F5C02F22D02268D36823F4C02343F4B7
:108A40000033D36022685168924B0B4049EA03031C
:108A500053602268136843F0010313606368B3F541
:108A6000800F11D0E3680F2B21D8072B53D8B2E029
:108A700040F241318848F9F711FDADE722681368EB
:108A800043F400631360DDE72268136843F4007366
:108A90001360E7E7E26D12681A62E36D0433E36581
:108AA000B4F8622092B2013A92B2A4F86220B4F80B
:108AB00062309BB2002B00F0C98023685A6912F023
:108AC000020FE7D1FAF7C2FCC01BA84202D3B5F1EE
:108AD000FF3F01D1002DEAD12046FFF723FDD4F856
:108AE000843043F48073C4F88430012384F88130E7
:108AF000002384F880300326C5E0E36D1B88A8F8C6
:108B00002030E36D0233E365B4F862309BB2013B81
:108B10009BB2A4F86230B4F862309BB2002B00F034
:108B200095802268536913F0020F15D0B4F86230B3
:108B30009BB2012BE1D9E36B002BDED0E36D1B6808
:108B40001362E36D0433E365B4F862309BB2023B19
:108B50009BB2A4F86230DEE7FAF778FCC01BA842AB
:108B600002D3B5F1FF3F01D1002DD4D12046FFF74C
:108B7000D9FCD4F8843043F48073C4F884300123E2
:108B800084F88130002384F8803003267BE0B4F839
:108B900062309BB2012B10D9E36B73B1E36D1B887C
:108BA000A8F82030E36D0233E365B4F862309BB27D
:108BB000023B9BB2A4F862300DE0E36D1B7882F8B3
:108BC0002030E36D0133E365B4F862309BB2013BC2
:108BD0009BB2A4F86230B4F862309BB2002B35D05F
:108BE0002268536913F0020F15D0B4F862309BB2BB
:108BF000032BCCD9E36B402BC9D9E36D1B681362FF
:108C0000E36D0433E365B4F862309BB2043B9BB27E
:108C1000A4F86230DFE7FAF719FCC01BA84202D3C0
:108C2000B5F1FF3F01D1002DD5D12046FFF77AFCE9
:108C3000D4F8843043F48073C4F88430012384F87A
:108C40008130002384F8803003261CE000972B46F7
:108C5000002208212046FFF7D5FC28B1D4F8843043
:108C600043F02003C4F884302046FFF75BFC012367
:108C700084F88130002384F88030D4F8843013B92C
:108C8000002600E00226304602B0BDE8F08702264A
:108C9000F9E700BF0000FFFFDC12010870477047D2
:108CA00070477047704770B504460368DE681D69F9
:108CB00015F0020F10D016F0020F0DD06FF0020267
:108CC0001A610123037703689B6913F0030F64D0D3
:108CD000FFF7E6FF0023237715F0040F12D016F0FC
:108CE000040F0FD023686FF004021A610223237768
:108CF00023689B6913F4407F55D02046FFF7D0FFCF
:108D00000023237715F0080F12D016F0080F0FD0AC
:108D100023686FF008021A61042323772368DB6954
:108D200013F0030F46D02046FFF7BAFF0023237746
:108D300015F0100F12D016F0100F0FD023686FF03F
:108D400010021A61082323772368DB6913F4407F3C
:108D500037D02046FFF7A4FF0023237715F0010F3B
:108D600002D016F0010F33D115F4025F02D016F0D5
:108D7000800F35D115F4807F02D016F0800F37D1E7
:108D800015F0400F02D016F0400F39D115F0200F2A
:108D900002D016F0200F3BD170BDFFF780FF2046B8
:108DA000FFF77FFF96E72046FFF779FF2046FFF7A2
:108DB00078FFA5E72046FFF772FF2046FFF771FF17
:108DC000B4E72046FFF76BFF2046FFF76AFFC3E7D3
:108DD00023686FF001021A612046FFF75FFFC3E7C7
:108DE00023686FF402521A61204600F064FCC1E768
:108DF00023686FF480721A61204600F05DFCBFE7C3
:108E000023686FF040021A612046FFF74BFFBDE771
:108E100023686FF020021A61204600F04BFCBBE78C
:108E200070B40368394A904214BF00220122B0F1A5
:108E3000804F14BF144642F00104ACB9344DA8422F
:108E400014BF00250125334EB0420DD065B905F1A0
:108E5000804505F58235A84214BF0025012506F599
:108E60000066B04200D01DB123F070034D682B4363
:108E700014BB274CA04214BF00240124254DA84256
:108E80001AD0CCB904F1804404F58234A04214BF56
:108E90000024012405F50065A8420DD064B91E4CDC
:108EA000A04214BF0024012405F59A35A84203D03E
:108EB00014B91A4CA04203D123F44073CC68234365
:108EC00023F080034C6923438C68C4620C6884627D
:108ED000134CA04208BF42F0010262B90E4A904210
:108EE00014BF0022012204F57054A04203D012B92D
:108EF0000A4A904201D10A690263026842F0040200
:108F0000026001224261036070BC704700000140B2
:108F100000080040000400400044014000480140B7
:108F200000040140002800F0B28010B50446036838
:108F3000584A934218BFB3F1804F34D0A2F57C4217
:108F4000934230D002F5806293422CD002F58062C9
:108F5000934228D002F58062934224D002F58062C9
:108F6000934220D002F5704293421CD0A2F56C428D
:108F7000934218D002F58062934214D002F58062C9
:108F8000934210D002F5903293420CD002F58062E9
:108F9000934208D002F58062934204D04FF48B7163
:108FA0003D48F9F77BFAA368002B18BF102B05D0BA
:108FB000202B03D0402B01D0602B45D12369002BFF
:108FC00018BFB3F5807F02D0B3F5007F42D123688C
:108FD000324A934218BFB3F1804F41D0E368013B5E
:108FE0004FF6FE7293428CBF00230123002B3CD02E
:108FF000A369002B18BF802B3DD194F83D30002B86
:109000003FD0022384F83D30214651F8040BFFF78E
:1090100007FF012384F8483084F83E3084F83F305D
:1090200084F8403084F8413084F8423084F843308A
:1090300084F8443084F8453084F8463084F847306A
:1090400084F83D30002010BD40F217111248F9F7A6
:1090500025FAB3E74FF48C710F48F9F71FFAB6E71A
:10906000E368003B18BF0123C0E740F219110A482A
:10907000F9F714FABCE74FF48D710748F9F70EFAC7
:10908000BBE784F83C302046F9F7D4FFB9E701206C
:10909000704700BF0000014028130108000C004089
:1090A000002800F02581F8B50C4605460368914A72
:1090B000934218BFB3F1804F14D0A2F57C42934283
:1090C00010D002F5806293420CD002F58062934288
:1090D00008D002F57842934204D040F6E331864846
:1090E000F9F7DCF9AB68002B18BF102B06D0202B4A
:1090F00004D0402B02D0602B40F0A1802B69002BC4
:1091000018BFB3F5807F03D0B3F5007F40F09D809A
:10911000AB69002B18BF802B40F09D802368013B7A
:10912000022B00F29E80A368013B022B00F29F807D
:10913000A369013B022B00F2A0806368002B18BFDB
:10914000022B40F0A0806369002B18BF022B40F077
:10915000A080E368002B18BF042B04D0082B02D09A
:109160000C2B40F09C80E369002B18BF042B04D02B
:10917000082B02D00C2B40F0988023690F2B00F2B3
:109180009A80236A0F2B00F29C802B685B4A9342E3
:1091900018BFB3F1804F00F09A80EB68013B4FF6A7
:1091A000FE7293428CBF00230123002B00F09480B9
:1091B00095F83D30002B00F09580022385F83D3076
:1091C0002A6891684E4B0B409360294651F8040B76
:1091D000FFF726FE29688A688B690E6A20681043AB
:1091E000484A1A40A368A76943EA07231343464A3B
:1091F0001A40E368E76943EA07231A43236A1B031B
:10920000276943EA0713134326F0AA0662686469D4
:1092100042EA04123243886029688B612B681A6223
:10922000012385F8483085F83E3085F83F3085F8D1
:10923000443085F8453085F83D300020F8BD40F6D3
:10924000E4312D48F9F72AF958E740F6E5312A4884
:10925000F9F724F95CE740F6E6312748F9F71EF9FB
:109260005CE740F6E7312448F9F718F95BE740F688
:10927000E8312148F9F712F95AE740F6E9311E487A
:10928000F9F70CF959E740F6EA311B48F9F706F906
:1092900059E740F6EB311848F9F700F959E740F67D
:1092A000EC311548F9F7FAF85DE740F6ED31124870
:1092B000F9F7F4F861E740F6EE310F48F9F7EEF808
:1092C0005FE740F6EF310C48F9F7E8F85DE7EB6847
:1092D000003B18BF012368E74FF43F610648F9F7E8
:1092E000DDF865E785F83C302846F9F739FE64E794
:1092F000012070470000014028130108000C0040C5
:10930000F8BFFEFFFCFCFFFF0303FFFF70B5044640
:109310000D4616462F4B984218BFB0F1804F2CD007
:10932000A3F57843C31A18BF01232B4A904224D0D7
:109330001BB32A4BC31A18BF012302F500629042E7
:109340001BD0D3B1264BC31A18BF012302F54062CC
:10935000904212D08BB1234BC31A18BF012302F5E0
:109360000062904209D043B11F4BC31A18BF0123BA
:1093700002F59232904200D003BB002D18BF042D9D
:109380000FD0B5F10C0318BF0123082D09D043B14C
:10939000B5F1140318BF0123102D02D00BB13C2DE1
:1093A00012D105F01F050122AA40236A23EA020315
:1093B0002362236AAE401E43266270BD4FF4F6510D
:1093C0000A48F9F76BF8D8E741F6C1610748F9F7A1
:1093D00065F8E6E700000140000400400004014099
:1093E000001C0040004001400048014028130108D3
:1093F0002DE9F84304460D4690F83E60F6B290F829
:109400003F805FFA88F890F84470FFB290F84530DA
:109410005FFA83F90368394A934218BFB3F1804F6A
:1094200014D0A2F57C42934210D002F580629342A0
:109430000CD002F58062934208D002F57842934244
:1094400004D040F6A1412E48F9F728F8B5B9012F0C
:1094500008BF012E49D1022384F83E3084F84430FD
:1094600085B3042D3BD0012200212068FFF74EFF79
:10947000012204212068FFF749FF28E0042D15D0C0
:10948000B8F1010F08BF012E33D1B9F1010318BFA4
:109490000123012F2FD173BB022384F83E3084F8BF
:1094A0003F3084F8443084F84530D9E7B9F1010FF2
:1094B00008BFB8F1010F1AD1022384F83F3084F8B5
:1094C0004530CDE7012200212068FFF71FFF226809
:1094D000136843F0010313600020BDE8F883012204
:1094E00004212068FFF712FFF1E70120F5E70120D2
:1094F000F3E70120F1E70120EFE700BF00000140A2
:1095000028130108F8B504460D460368664A9342DD
:1095100018BFB3F1804F24D0A2F57C42934220D0F3
:1095200002F5806293421CD002F58062934218D00B
:1095300002F58062934214D002F58062934210D00B
:1095400002F5704293420CD0A2F56C42934208D0CF
:1095500002F59432934204D040F2CB715348F8F7AD
:109560009DFF2B68002B18BF102B12D0502B10D052
:109570000BD8302B0DD0402B0BD0202B09D040F234
:10958000CC714A48F8F78AFF03E0602B01D0702BBA
:10959000F5D1AB68802B18BF002B77D194F83C3005
:1095A000012B7FD0012384F83C30022384F83D3026
:1095B00023685E689F683C493D4A934218BF8B42CE
:1095C00033D16B68002B18BFB3F5801F29D0B3F5DA
:1095D000001F26D0B3F5401F23D0B3F5800F20D055
:1095E000B3F5A00F1DD0B3F5C00F1AD0B3F5E00F3F
:1095F00017D0B3F5000F14D0B3F5100F11D0B3F599
:10960000200F0ED0B3F5300F0BD0B3F5400F08D0BC
:10961000B3F5500F05D0B3F5600F02D0B3F5700F5E
:109620003AD126F470066B681E4326F070062B684C
:1096300033432268536023681B4AB3F1804F18BF3D
:10964000934217D0A2F57C42934213D002F5806278
:1096500093420FD002F5806293420BD002F578421C
:10966000934207D0A2F56C42934203D002F59432A4
:10967000934204D127F08007AA683A439A600123F5
:1096800084F83D30002084F83C00F8BD40F2CD71F4
:109690000648F8F703FF81E740F2DF710348F8F767
:1096A000FDFEBEE70220F0E7000001407413010850
:1096B000000401407047704770470000026852E89C
:1096C000003F23F4907342E800310029F6D102688C
:1096D00002F1080353E8001F0D4B0B40083242E82B
:1096E00000310029F3D1C36E012B06D02023C0F82E
:1096F0008C300023C36643677047026852E8003F1E
:1097000023F0100342E800310029F6D1EEE700BF54
:10971000FEFFFFEF70B586B004464268884B9A4260
:1097200000F29C80A368B3F1805F18BF002B03D0C8
:10973000B3F5805F40F098802268824B9A4200F037
:109740009980E368B3F5805F18BF002B06D0B3F5AE
:10975000405F03D0B3F5005F40F09980236A002B8F
:1097600018BFB3F5006F40F098802369002B18BF35
:10977000B3F5806F03D0B3F5C06F40F09480636998
:1097800033F00C0200D123B940F6EF316E48F8F700
:1097900085FEA369002B18BFB3F5807F06D0B3F513
:1097A000007F03D0B3F5407F40F08380E369002B56
:1097B00018BFB3F5004F40F08280636A0B2B00F2B4
:1097C0008480A3682269134362691343E2691343E7
:1097D000216808685D4A02401A430A60226853689B
:1097E00023F44053E1680B435360A1692268554B51
:1097F0009A4201D0236A19439068554B03400B43AA
:1098000093602268D36A23F00F03616A0B43D3622B
:109810002268504B9A425ED04F4B9A4200F0E7804C
:109820004E4B9A4200F0FA804D4B9A4200F00D8167
:109830004C4B9A4200F020814B4B9A4200F033810E
:109840004A4B9A4200F05881494B9A4200F06B8192
:109850003C4B9A4200F0828180238EE040F6E23158
:109860003948F8F71BFE5DE740F6E3313648F8F774
:1098700015FE61E7E368002B18BFB3F5005F3FF406
:1098800074AF40F6E6313048F8F708FE6DE740F671
:10989000EA312D48F8F702FE60E740F6EB312A483E
:1098A000F8F7FCFD61E740F6EE312748F8F7F6FDE2
:1098B00065E74FF43F612448F8F7F0FD76E740F69E
:1098C000F1312148F8F7EAFD77E740F6F2311E481A
:1098D000F8F7E4FD75E7274B5B6D03F03803282BA1
:1098E00000F28380DFE813F029008100810081000D
:1098F000810081008100810052018100810081008E
:109900008100810081008100480081008100810088
:1099100081008100810081007B0081008100810045
:1099200081008100810081007D0081008100810033
:1099300081008100810081007F0001231DE000BFC4
:1099400020BCBE00000C0058C4130108F369FFCF0F
:10995000FFF4FF11001001400044004000480040A7
:10996000004C0040005000400014014000780040CE
:10997000007C004000440258082376498A4200F0E7
:109980001781E069B0F5004F00F08D81202B00F2C7
:10999000E581202B00F22F82DFE813F0FC010202A8
:1099A0002D022D0205022D022D022D020A022D028A
:1099B0002D022D022D022D022D022D020F022D024D
:1099C0002D022D022D022D022D022D022D022D021F
:1099D0002D022D022D022D022D022D021B0210231D
:1099E000CBE72023C9E74023C7E78023C5E75A4BCD
:1099F0005B6D03F00703052B0ED8DFE803F003C906
:109A00000507090B0023B8E70823B6E71023B4E7DE
:109A10002023B2E74023B0E78023AEE74E4B5B6DD7
:109A200003F00703052B0ED8DFE803F003B40507A6
:109A3000090B0023A1E708239FE710239DE72023BC
:109A40009BE7402399E7802397E7434B5B6D03F047
:109A50000703052B0ED8DFE803F0039F0507090B6A
:109A600000238AE7082388E7102386E7202384E77A
:109A7000402382E7802380E7374B5B6D03F00703C9
:109A8000052B0ED8DFE803F0038A0507090B002336
:109A900073E7082371E710236FE720236DE7402366
:109AA0006BE7802369E72C4B5B6D03F03803282BB1
:109AB00020D8DFE803F0151F1F1F1F1F1F1F751F72
:109AC0001F1F1F1F1F1F171F1F1F1F1F1F1F191FB4
:109AD0001F1F1F1F1F1F1B1F1F1F1F1F1F1F1D00BB
:109AE00001234AE7082348E7102346E7202344E7F9
:109AF000402342E7802340E7174B5B6D03F00703E9
:109B0000052B0ED8DFE803F0034E0507090B0023F1
:109B100033E7082331E710232FE720232DE74023E5
:109B20002BE7802329E70C4B5B6D03F00703052B24
:109B30000ED8DFE803F003390507090B00231CE703
:109B400008231AE7102318E7202316E7402314E719
:109B5000802312E7000C00580044025803F50E332E
:109B60009B6D03F00703052B0ED8DFE803F0031FFE
:109B70000507090B022300E70823FEE61023FCE695
:109B80002023FAE64023F8E68023F6E60423F4E6F1
:109B90000423F2E60423F0E60423EEE60423ECE6D5
:109BA0000423EAE60423E8E60423E6E60423E4E6E5
:109BB000202B27D8022BC0F01081023B1E2B00F275
:109BC0000E81DFE813F050000C0156000C010C016F
:109BD0000C015B000C010C010C010C010C010C01CF
:109BE0000C0160000C010C010C010C010C010C01BA
:109BF0000C010C010C010C010C010C010C010C01FD
:109C00000C016C00402B2CD14FF40040626A804B59
:109C100033F81220B0FBF2F3656805EB4501994279
:109C200000F2DF80B3EB053F00F2DD800026334613
:109C30003146F6F7A5FB090241EA106100026B0804
:109C4000C0182A46334641F10001F6F799FBA0F50A
:109C50004072704B9A4200F2C8802368D860304648
:109C6000CAE00120C8E0FDF787FD0028CED1002022
:109C7000C2E003A8FDF792FD0498F6E76846FDF7F9
:109C80008BFE0198F1E7644B1B6813F0200F08D09E
:109C9000614B1B68C3F3C1036048D840B6E7604816
:109CA000B4E75E48B2E7202B15D8202B00F29F8046
:109CB000DFE803F031379D9D3A9D9D9D3F9D9D9D21
:109CC0009D9D9D9D449D9D9D9D9D9D9D9D9D9D9D1D
:109CD0009D9D9D9D5000402B1BD1626A4C4B33F8DB
:109CE0001230B0FBF3F06268530803EB4003B3FBA0
:109CF000F2F3A3F110014FF6EF72914279D89AB2C4
:109D000022F00F02C3F3420313432268D360002002
:109D100072E0012070E0FCF74DFC0028DDD100204E
:109D20006AE0FCF759FCF8E703A8FDF737FD049853
:109D3000F3E76846FDF730FE0198EEE7364B1B6807
:109D400013F0200F08D0344B1B68C3F3C103334812
:109D5000D840C2E73248C0E73048BEE7402B17D1B1
:109D60004FF40040626A2A4B33F81230B0FBF3F034
:109D7000636800EB5300B0FBF3F0A0F110024FF664
:109D8000EF739A4242D8236880B2D860002033E053
:109D9000012031E0FCF70EFC0028E3D100202BE08D
:109DA000FCF71AFCF8E703A8FDF7F8FC0498F3E7C2
:109DB0006846FDF7F1FD0198EEE7174B1B6813F0BD
:109DC000200F08D0144B1B68C3F3C1031348D840BD
:109DD000C8E71348C6E71148C4E701200CE001209A
:109DE0000AE0012008E0012006E0012004E0012053
:109DF00002E0012000E001200123A4F86A30A4F869
:109E0000683000236367A36706B070BD0120F3E7E5
:109E100014140108FFFC0F00004402580090D00306
:109E200000093D0010B50446836AFF2B00F2B6809E
:109E3000A36A13F0080F0DD0A36B002B18BFB3F566
:109E4000004F40F0B1802268536823F40043A16BB7
:109E50000B435360A36A13F0010F0DD0E36A002B8C
:109E600018BFB3F5003F40F0A5802268536823F483
:109E70000033E16A0B435360A36A13F0020F0DD065
:109E8000236B002B18BFB3F5803F40F09980226808
:109E9000536823F48033216B0B435360A36A13F0A0
:109EA000040F0DD0636B002B18BFB3F5802F40F06B
:109EB0008D802268536823F48023616B0B435360C9
:109EC000A36A13F0100F0DD0E36B002B18BFB3F58E
:109ED000805F40F081802268936823F48053E16BB7
:109EE0000B439360A36A13F0200F0CD0236C002B5C
:109EF00018BFB3F5005F75D12268936823F400534F
:109F0000216C0B439360A36A13F0400F34D0236895
:109F10004A494B4A8B4218BF93421CD002F58062DB
:109F2000934218D002F58062934214D002F5806209
:109F3000934210D002F5444293420CD0A2F51C4249
:109F4000934208D002F58062934204D040F60F514C
:109F50003C48F8F7A3FA636C002B18BFB3F5801FD9
:109F600046D12268536823F48013616C0B4353601D
:109F7000636CB3F5801F41D0A36A13F0800F0CD03F
:109F8000E36C002B18BFB3F5002F51D12268536842
:109F900023F40023E16C0B43536010BD4FF44E617A
:109FA0002848F8F77BFA43E740F6E5412548F8F7FB
:109FB00075FA48E740F6EC412248F8F76FFA54E7A3
:109FC00040F6F3411F48F8F769FA60E740F6FA41B6
:109FD0001C48F8F763FA6CE740F601511948F8F7A6
:109FE0005DFA78E740F608511648F8F757FA83E724
:109FF0004FF451611348F8F751FAB2E7A36C002B04
:10A0000018BFB3F5001F05D0B3F5800F02D0B3F52C
:10A01000C00F07D12268536823F4C003A16C0B431F
:10A020005360A9E740F615510648F8F737FAF1E70B
:10A0300040F61D510348F8F731FAA7E70010014038
:10A0400000440040C41301082DE9F84305460E46BC
:10A0500017469946DDF820802B68DC6936EA04044F
:10A060000CBF01240024BC423AD1B8F1FF3FF3D029
:10A07000F9F7ECF9A0EB0900404534D8B8F1000F2E
:10A0800033D02B681A6812F0040FE5D0B6F1400205
:10A0900018BF0122802EDFD0002ADDD0DA6912F04D
:10A0A000080F11D1DA6912F4006FD5D04FF40062B5
:10A0B0001A622846FFF702FB2023C5F890300023E0
:10A0C00085F8843003200CE008241C622846FFF742
:10A0D000F5FAC5F89040002385F88430012000E0AF
:10A0E0000020BDE8F8830320FBE70320F9E72DE912
:10A0F000F04182B01E46D0F88830202B5BD1044658
:10A100000D469046002A18BF002901D1012053E0D6
:10A110000023C0F890302123C0F88830F9F796F971
:10A120000746A4F85480A4F85680A368B3F5805F6E
:10A1300002D04FF0000816E0236943B34FF0000847
:10A1400011E02023C4F88830032035E038F8023BC2
:10A150002268C3F308039362B4F8562092B2013A1E
:10A1600092B2A4F85620B4F856309BB293B1009640
:10A170003B46002280212046FFF766FF0028E0D101
:10A18000002DE3D015F8012B23689A62E4E7A84676
:10A190000025E8E700963B46002240212046FFF7D5
:10A1A00053FF18B92023C4F8883005E02023C4F8F1
:10A1B0008830032000E0022002B0BDE8F0812DE9E4
:10A1C000F04383B01E46D0F88C30202B7ED104465D
:10A1D0000D469046002A18BF002901D1012076E0E3
:10A1E0000023C0F890302222C0F88C20C366F9F713
:10A1F0002DF90746A4F85C80A4F85E80A368B3F547
:10A20000805F06D0A3B9226972B9FF22A4F860204A
:10A2100014E0226922B940F2FF12A4F860200DE098
:10A22000FF22A4F8602009E07F22A4F8602005E066
:10A23000B3F1805F0AD00022A4F86020B4F86080F7
:10A24000B3F5805F0CD04FF0000924E022691AB901
:10A250007F22A4F86020F1E73F22A4F86020EDE718
:10A26000236913B14FF0000915E0A946002512E05B
:10A270002023C4F88C30032029E023685A6A5FFA4F
:10A2800088F3134005F8013BB4F85E2092B2013A1E
:10A2900092B2A4F85E20B4F85E309BB28BB1009607
:10A2A0003B46002220212046FFF7CEFE0028DFD1CA
:10A2B000002DE2D123685B6A08EA030329F8023B18
:10A2C000E2E72023C4F88C30002000E0022003B035
:10A2D000BDE8F08330B583B004460023C0F8903069
:10A2E000F9F7B4F805462268126812F0080F10D189
:10A2F00023681B6813F0040F28D12023C4F888308A
:10A30000C4F88C300020E066206784F8840003B035
:10A3100030BD6FF07E430093034600224FF40011DE
:10A320002046FFF791FE0028E2D0226852E8003F65
:10A3300023F0800342E800310029F6D12023C4F83D
:10A340008830002384F884300320E0E76FF07E43F8
:10A3500000932B4600224FF480012046FFF774FE45
:10A360000028CAD0226852E8003F23F4907342E8E4
:10A3700000310029F6D1226802F1080353E8003FBA
:10A3800023F00103083242E800310029F3D12023F1
:10A39000C4F88C30002384F884300320B7E7000031
:10A3A000002800F0858010B504468369002B4DD04D
:10A3B00003684049404A8B4218BF93421FD002F5C0
:10A3C000806293421BD002F58062934217D002F55F
:10A3D0008062934213D002F5444293420FD0A2F51B
:10A3E0001C4293420BD002F58062934207D0334A5D
:10A3F000934204D04FF49F713148F8F74FF8D4F8E6
:10A400008830002B4AD02423C4F88830226813688F
:10A4100023F001031360A36A002B45D12046FFF708
:10A4200079F9012811D02268536823F490435360CE
:10A430002268936823F02A0393602268136843F02C
:10A44000010313602046FFF745FF10BD036819495B
:10A45000194A8B4218BF9342D1D002F580629342D1
:10A46000CDD002F580629342C9D002F5806293425A
:10A47000C5D002F544429342C1D0A2F51C4293429A
:10A48000BDD002F580629342B9D00C4A9342B6D057
:10A4900040F243110A48F8F701F8B0E784F8843035
:10A4A0002046F8F787FEAEE72046FFF7BBFCB5E78E
:10A4B000012070470010014000440040000C00588B
:10A4C000C4130108436E2BB90123A0F86A30A0F829
:10A4D0006830704730B403689A68C2F34262996882
:10A4E000490F094D6B5C1B01084C615C93FBF1F358
:10A4F000A0F86A30AB5C1B01A25C93FBF2F3A0F8FE
:10A50000683030BC704700BF841401087C14010817
:10A5100010B5044603682049204A8B4218BF934275
:10A520001CD002F58062934218D002F580629342FB
:10A5300014D002F58062934210D002F54442934257
:10A540000CD0A2F51C42934208D002F580629342DF
:10A5500004D040F236211248F7F7A0FF94F8843077
:10A56000012B17D0012384F884302423C4F88830C9
:10A5700022681368116821F00101116023F0005373
:10A5800000206066226813602023C4F8883084F8B5
:10A59000840010BD0220FCE7001001400044004090
:10A5A0002C14010870B504460D4603683049314A41
:10A5B0008B4218BF93421CD002F58062934218D0A0
:10A5C00002F58062934214D002F58062934210D06B
:10A5D00002F5444293420CD0A2F51C42934208D0AB
:10A5E00002F58062934204D04FF419712248F7F7C4
:10A5F00055FF002D18BFB5F1005F0FD0B5F1C04376
:10A6000018BF0123B5F1804F08D03BB1B5F120430D
:10A6100018BF0123B5F1004F00D00BBB94F8843074
:10A62000012B23D0012384F884302423C4F88830FC
:10A6300023681E681A6822F001021A602268936873
:10A6400023F060432B4393602046FFF73BFF2368D2
:10A650001E602023C4F88830002084F8840070BD78
:10A6600040F265210448F7F719FFD7E70220F6E723
:10A6700000100140004400402C14010870B504464D
:10A680000D4603683049314A8B4218BF93421CD0B3
:10A6900002F58062934218D002F58062934214D092
:10A6A00002F58062934210D002F5444293420CD0EE
:10A6B000A2F51C42934208D002F58062934204D076
:10A6C00040F295212248F7F7E9FE002D18BFB5F1B9
:10A6D000007F0FD0B5F1C06318BF0123B5F1806FC3
:10A6E00008D03BB1B5F1206318BF0123B5F1006F6D
:10A6F00000D00BBB94F88430012B23D0012384F8C5
:10A7000084302423C4F8883023681E681A6822F035
:10A7100001021A602268936823F060632B43936000
:10A720002046FFF7CFFE23681E602023C4F8883040
:10A73000002084F8840070BD40F296210448F7F7A9
:10A74000ADFED7E70220F6E70010014000440040CC
:10A750002C14010838B505460C465D4B984204D0D0
:10A760004FF446715B48F7F799FE2368012B57D8E1
:10A770006368032B5AD8A368002B18BF042B01D0A1
:10A78000082B59D1E368002B18BF102B01D0202BC8
:10A7900058D12369002B18BF402B59D16369802BF6
:10A7A00018BFB3F5807F02D0B3F5C07F56D1A3693F
:10A7B000002B18BFB3F5007F56D1E369002B18BFFB
:10A7C000B3F5006F02D0B3F5406F53D1236A002B6D
:10A7D00018BFB3F5805F53D1636A002B18BFB3F580
:10A7E000005F02D0B3F5804F50D12368002B53D1C6
:10A7F0002B68394A1A406368A1680B43E1680B4330
:10A8000021690B4361690B43A1690B43E1690B4368
:10A81000216A0B43616A0B431A432A60002038BD4A
:10A8200040F219312B48F7F739FEA1E740F21A310F
:10A830002848F7F733FE9EE740F21B312548F7F72B
:10A840002DFE9FE74FF447712248F7F727FEA0E758
:10A8500040F21D311F48F7F721FE9FE740F21E31FD
:10A860001C48F7F71BFEA2E740F21F311948F7F723
:10A8700015FEA2E74FF448711648F7F70FFEA5E75B
:10A8800040F221311348F7F709FEA5E740F22231E3
:10A890001048F7F703FEA8E72B6823F4F843E269B2
:10A8A000216A0A43616A0A4313432B606B680A4AB0
:10A8B0001A406368A1680B43E1680B4321690B43AD
:10A8C00061690B43A1690B431A436A60A6E700BFA5
:10A8D000404100528C1401080080FFFF70B505460E
:10A8E0000C4616464E4B984204D040F257314D4824
:10A8F000F7F7D4FD2368013B0F2B3CD86368013B7D
:10A900000F2B3ED8A368013B0F2B40D8E368013BD7
:10A910000F2B42D82369013B0F2B44D86369013BBD
:10A920000F2B46D8A369013B0F2B48D8012E4CD8DA
:10A93000002E50D1AA6802F070422368013B616882
:10A94000013943EA0113A168013943EA0123E168AF
:10A95000013943EA01332169013943EA014361695D
:10A96000013943EA0153A169013943EA0163134301
:10A97000AB60002070BD4FF456712A48F7F78EFD8A
:10A98000BCE740F259312748F7F788FDBAE740F2B3
:10A990005A312448F7F782FDB8E740F25B3121488D
:10A9A000F7F77CFDB6E74FF457711E48F7F776FDD1
:10A9B000B4E740F25D311B48F7F770FDB2E740F2B3
:10A9C0005E311848F7F76AFDB0E740F25F3115488D
:10A9D000F7F764FDACE7AB68134A1A40E368591E09
:10A9E0006369013B1B0543EA01331A43AA60EA6825
:10A9F00002F070422368013B6168013943EA0113A8
:10AA0000A168013943EA01232169013943EA01437D
:10AA1000A169013943EA01631343EB60A9E700BF71
:10AA2000404100528C140108FF0F0FFF38B5054656
:10AA30000C46214B984204D040F2D9311F48F7F719
:10AA40002DFD2368062B1FD86368102B18BF082B19
:10AA500001D0182B1ED1A368013B0E2B20D8E36830
:10AA6000B3F5005F22D22B69154A1A40236861684A
:10AA70000B43A168013943EA4113E16843EA4123EA
:10AA80001A432A61002038BD40F2DA310B48F7F74B
:10AA900005FDD9E740F2DB310848F7F7FFFCDAE7BC
:10AAA0004FF477710548F7F7F9FCD8E740F2DD314C
:10AAB0000248F7F7F3FCD6E7404100528C14010836
:10AAC0000000C0FF38B504460D460C4B984204D038
:10AAD00040F2F2310A48F7F7E1FCB5F5005F07D222
:10AAE0006269084B134043EA45036361002038BDA7
:10AAF00040F2F3310248F7F7D1FCF1E74041005250
:10AB00008C14010801C0FFFF08B5034B9B6D13B106
:10AB10000149CA6D984708BD28000024884202DB1D
:10AB2000904202DC70470846704710467047024664
:10AB30000023012004E000EB800040000133DBB281
:10AB40009342F8D370470000064B93F87C30012BFA
:10AB500003D0022B03D1642070470A2070470120E4
:10AB6000704700BF2800002408B5FFF7EDFF6423FD
:10AB700003FB00F008BD08B5FFF7E6FF322303FB37
:10AB800000F008BD08B5FFF7DFFF00EB80004000D4
:10AB900008BD08B5FFF7D8FF00EB8000400008BDF6
:10ABA00008B5094B1868C21759684FEAE17C00FBE9
:10ABB0000CFC01FB02CCA0FB01014FF47A720023D4
:10ABC0006144F5F78DFB08BD2800002408B5094B4A
:10ABD0009868C217D9684FEAE17C00FB0CFC01FBC6
:10ABE00002CCA0FB01014FF47A7200236144F5F717
:10ABF00077FB08BD2800002410B5FFF7D1FF0446FD
:10AC0000FFF7E4FF0028C8BF002C20DDC2174FEA81
:10AC1000421C4CEAD06C4101091A6CEB020C4FEA61
:10AC20008C0C4CEA917C8900091842EB0C024FEA2B
:10AC3000C20C2246E317C8004CEA5171F5F750FBED
:10AC40004FF47A720021FFF769FF80B210BD002037
:10AC5000FCE7000000282BD0164AD169C269914256
:10AC600001D000207047134A116A026A914201D054
:10AC7000002070470F4A116B026B914201D00020F7
:10AC800070470C4A916B826B914201D00020704753
:10AC9000084A916A826A914201D000207047054AB1
:10ACA000528B438B9A4201D000207047012070479D
:10ACB0000020704728000024024B012283F8612005
:10ACC000704700BF28000024034B012283F8622054
:10ACD00083F86120704700BF2800002408B5074BA7
:10ACE00093F86030834200D108BD044B83F86000C4
:10ACF000FFF7EAFF0120FFF707FFF5E72800002430
:10AD000008B5084B93F860000130074BA3FB002304
:10AD100003F4FF7202EB5303C01AC0B2FFF7DEFF69
:10AD200008BD00BF28000024ABAAAAAAF8B50546B2
:10AD300008460C4E96F87D3003F0010702220021F0
:10AD400000EB5300FFF7EAFE0446012200217819C8
:10AD5000FFF7E4FE6400E4B2044486F87D40FFF7A8
:10AD6000ABFFF8BD2800002408B5032802D0042852
:10AD700004D008BD0220FFF7B1FFFAE70120FFF77A
:10AD8000ADFFF6E708B5032802D0042804D008BDBB
:10AD90000020FFF7A3FFFAE70120FFF79FFFF6E788
:10ADA00004381C2810D8DFE800F0170F0F0F110F20
:10ADB0000F0F0F0F0F0F150F0F0F0F0F0F0F0F0F9D
:10ADC0000F0F0F0F0F0F1300042070470120704763
:10ADD00002207047032070470020704770B504467A
:10ADE0000D461646F6F796F9104B1B88A34211D96B
:10ADF0000E4B5B88AB420DD90C4B9B795BB10B4B77
:10AE00009B68A4EB041405EB4414094A224402FB9A
:10AE100003F31E5270BD054B9B68C5EB051504EB93
:10AE2000451404FB03F31E52F4E700BF0C0000249A
:10AE300020AE040008B530B10346054A1421054888
:10AE400001F062FC08BD044B002283F84220F9E7C0
:10AE5000D81401086A0000242800002408B504481A
:10AE6000FFF7E8FFFFF728FF0320FFF74DFE08BDBF
:10AE7000DC14010808B5094A92F8403083F0010358
:10AE800082F8403043B10648FFF7D4FFFFF714FFC4
:10AE90000220FFF739FE08BD0248F5E7280000242C
:10AEA000E8140108F414010810B5094CE36947F2ED
:10AEB000305200211844FFF731FEE061012384F88D
:10AEC0007E300448FFF7B6FFFFF7F6FE10BD00BF67
:10AED000280000240015010810B5094C236A41F22E
:10AEE000883200211844FFF719FE2062012384F8FC
:10AEF0007E300448FFF79EFFFFF7DEFE10BD00BF67
:10AF0000280000240C15010810B5094C236B48F6E5
:10AF1000B80200211844FFF701FE2063012384F8E2
:10AF20007E300448FFF786FFFFF7C6FE10BD00BF66
:10AF3000280000241815010810B5094CA36B4FF424
:10AF4000FA5200211844FFF7E9FDA063012384F8B9
:10AF50007E300448FFF76EFFFFF7AEFE10BD00BF66
:10AF6000280000242415010810B5094CA36A4FF4E9
:10AF70009662C8211844FFF7D1FDA062012384F82E
:10AF80007E300448FFF756FFFFF796FE10BD00BF66
:10AF9000280000243015010810B5094C638B4FF4CC
:10AFA0007A7200211844FFF7B9FD6083012384F809
:10AFB0007E300448FFF73EFFFFF77EFE10BD00BF66
:10AFC000280000243C15010810B50446194B93F8DD
:10AFD0007D30052B0AD8DFE803F0030A11181F267D
:10AFE000FFF7C2FD04FB00F0FFF75EFF10BDFFF7A7
:10AFF000C2FD04FB00F0FFF76FFFF7E7FFF7B4FDBA
:10B0000004FB00F0FFF780FFF0E7FFF7B4FD04FB5F
:10B0100000F0FFF791FFE9E7FFF7B4FD04FB00F054
:10B02000FFF7A2FFE2E7FFF7B4FD04FB00F0FFF734
:10B03000B3FFDBE72800002408B5013808280AD848
:10B04000DFE800F010160A05091B1F1B1F00002176
:10B050000120FFF76BFE08BD00214FF0FF30FFF726
:10B0600065FEF8E74FF0FF310020FFF75FFEF2E7E3
:10B0700001210020FFF75AFEEDE70120FFF7A4FFB2
:10B08000E9E74FF0FF30FFF79FFFE4E700B587B037
:10B090000E4890F87C3001330D4AA2FB031202F4F3
:10B0A000FF7101EB52029B1A80F87C30FFF74CFDD8
:10B0B0000346084A142101A801F026FB01A8FFF766
:10B0C000B9FEFFF7F9FD07B05DF804FB2800002486
:10B0D000ABAAAAAA4815010808B505280CD00A2869
:10B0E0000DD00B2816D0114B93F86030012B17D0E0
:10B0F000022B18D08BB108BDFFF702FEFBE70B4B0C
:10B1000093F86030012B02D0FFF7B4FEF3E7FFF7AE
:10B11000A5FEF0E7FFF7BAFFEDE7FFF725FEEAE748
:10B12000FFF78AFFE7E7FFF72DFEE4E7280000249A
:10B1300010B5244B1B68596A89B2234B1B685C6AA3
:10B14000224BB3F86C208A1A186F201AD9661C6734
:10B15000596F01FA82F25A679A6F02449A6706E0C1
:10B160000620FFF7B9FF194A536F023B5367174B8D
:10B170005B6F012BF4DC06E00720FFF7ADFF134AFD
:10B18000536F02335367114B5B6FB3F1FF3FF3DB38
:10B1900006E00820FFF7A0FF0C4A936F023B93677D
:10B1A0000A4B9B6F012BF4DC06E00920FFF794FFAC
:10B1B000064A936F02339367044B9B6FB3F1FF3FD3
:10B1C000F3DB10BD800A0024CC0A002428000024F0
:10B1D00010B51B4B1C6800221A6014F0010F12D12D
:10B1E00014F0020F13D114F0040F14D114F0080F4F
:10B1F00015D114F0100F16D114F0200F17D114F040
:10B20000400F18D110BD0120FFF766FFE8E70220CC
:10B21000FFF762FFE7E70320FFF75EFFE6E70420A2
:10B22000FFF75AFFE5E70520FFF756FFE4E70A209E
:10B23000FFF752FFE3E70B20FFF74EFFE2E700BF07
:10B24000EC0C002470B5F8F701F904464FF40061E6
:10B250002048F9F76FFE0546012814BF0026012695
:10B2600004211D48F9F766FE0346012814BF00219A
:10B2700001211A4A92F88020B2420CD0174AD2F823
:10B280008420A21A1E2A06D9144AC2F8844082F8E1
:10B290008060012D12D0114A92F888208A420CD089
:10B2A0000E4AD2F88C20A21A1E2A06D90B4AC2F8DE
:10B2B0008C4082F88810012B06D070BD08480268C7
:10B2C00042F020020260E6E7054A136843F04003BB
:10B2D0001360F2E7000C0258000002582800002416
:10B2E000EC0C0024F8B54A4B93F8633003B9F8BD71
:10B2F000F8F7ACF8464B5B6EC31A772BF7D9444A84
:10B300005066B2F868300333424CA4FB0314A4091E
:10B31000C82101FB1434A3B2A2F86830642B50D8C2
:10B320001C4645F6CC3303EBC403394D2B6004F1C6
:10B330009B039B006B6004EB440040004FF47A7267
:10B340000021B430FFF7EAFB288395F84030002B4A
:10B350003FD0EB69503B03EB4403AB602D6A2646BC
:10B36000002C32DB761006F1280305FB03F3294895
:10B3700080FB0320DB172A460021C3EB6010FFF798
:10B38000CDFB234FF860503DA842B4BF00250125F6
:10B3900087F8415006F23B163E61C4EBC4044FF4FB
:10B3A0007A72002104F58270FFF7B8FB388375B11B
:10B3B0001948FFF73FFD164B00229A87FFF77CFCE8
:10B3C00095E7A4B2C4F1C804ABE7661CCAE713480A
:10B3D000EFE70F4B00229A60DA6083F841202346A2
:10B3E000944212DB9B1003F21D13094D2B6104EBF9
:10B3F00044044FF47A72002104F17800FFF78EFBC9
:10B4000028830748FFF716FDD5E7E31CEAE700BFEE
:10B41000280000241F85EB51541501086015010810
:10B420006C15010800B589B0ADF80000ADF8021048
:10B43000ADF80420ADF806300A9B02930B9B0393F2
:10B440000C9B04939DF834308DF814300E9B0693BA
:10B45000BDF83C30ADF81C309DF844308DF81E30FE
:10B460009DF840308DF81F30684600F0FDFF09B0B0
:10B470005DF804FB2DE9F04188B0002407940694A0
:10B4800042F67F5305936B4B0493032703974FF4C6
:10B490007A760296684D2B680193684B0093682377
:10B4A000C4224A211220FFF7BDFF0794069443F2FD
:10B4B00066630593624B0493039702966B6801934E
:10B4C000604B00936823C4224A21E220FFF7AAFFC1
:10B4D000FFF766FB079406944FF6205305935A4BEB
:10B4E0000493039702960190584B00936823C4225B
:10B4F0004A214FF4D970FFF795FFAB6895F84020CB
:10B50000002A00F0908043F26662002407940694BB
:10B510000592484A0492032603964FF47A750295E1
:10B5200001934B4B00936823C422BC211220FFF7E8
:10B5300079FF079406944FF620530593404B0493EC
:10B54000039602953C4FFB680193424B009368239E
:10B55000C422BC21E220FFF765FFFFF737FB079409
:10B56000069443F26668CDF81480374B0493039633
:10B5700002950190384B00936823C422BC214FF4FC
:10B58000D970FFF74FFFFFF737FB07940694CDF80C
:10B590001480324B0493012303930A2302930190F6
:10B5A0002F4B00936823C4224FF497711220FFF7AA
:10B5B00039FF3B6940F28922934237DD4FF6C301E0
:10B5C0000024079440F289229342D4BF0022012232
:10B5D00006920591234A0492012603960A250295B4
:10B5E0000193214B00936823C4224FF49771E2200A
:10B5F000FFF718FF104B1B8B0794069442F67F52FF
:10B600000592164A0492039602950193174B0093F4
:10B610006823C4224FF497714FF4D970FFF702FFEB
:10B6200008B0BDE8F08143F286126EE742F67F5122
:10B63000C6E700BF7C15010828000024801501081A
:10B6400084150108881501088C150108901501085A
:10B65000941501089C150108A4150108AC150108F2
:10B66000B0150108B4150108B8150108C015010886
:10B6700000B587B0ADF80000ADF80210ADF80420B9
:10B680002222ADF8062002934FF6FF73ADF80C307E
:10B6900041F2A203ADF80E3043F28613ADF810303C
:10B6A000BDF82030ADF8123000238DF814309DF82D
:10B6B00024308DF8153002238DF81630684600F0DE
:10B6C000BAFD07B05DF804FB2DE9F0478EB0754B6D
:10B6D0001B6A002B40F3D880724AD5684FF47A7207
:10B6E00002FB05F595FBF3F5FFF75AFA00240794E2
:10B6F00006944FF6205ACDF814A0DFF8DC91CDF86F
:10B7000010904FF00308CDF80C804FF47A76029633
:10B710000190654B00936823C42252211220FFF749
:10B7200081FEFFF753FA0794069443F26667059784
:10B73000CDF81090CDF80C80029601905B4B0093F1
:10B740006823C4225221DE20FFF76CFEFFF754FA73
:10B75000079406940597DFF86891CDF810904FF0A4
:10B760000108CDF80C800A2702970190504B0093F6
:10B770006823C42252214FF4D570FFF753FE32469E
:10B7800021462846FFF7CAF907940694CDF814A07D
:10B79000CDF81090CDF80C8002970190454B0093A6
:10B7A0006823C422CC211220FFF73CFE3D4B1B69CD
:10B7B00040F28922934269DD4FF6C30100240794C9
:10B7C00040F289229342D4BF0022012206920591C1
:10B7D000394A0492012703970A2602960193374BB0
:10B7E00000936823C422CC21DE20FFF71BFE2D4DE1
:10B7F0002B8B0794069442F67F520592304A0492AE
:10B800000397029601932F4B00936823C422CC2107
:10B810004FF4D570FFF706FE95F84020002A38D087
:10B82000294B002A37D043F2666101920091C4226D
:10B830004FF4A7711220FFF71BFF1A4CA38F234A66
:10B84000142109A800F060FFA38F3BBB43F266629E
:10B85000003B18BF01230193009209ABC4224FF4AF
:10B86000A771DE20FFF704FF0023019342F67F5308
:10B870000093174BC4224FF4A7714FF4D570FFF714
:10B88000F7FE0EB0BDE8F08700252DE742F67F51A8
:10B8900094E7104BC5E74FF6C301C6E74FF6C30266
:10B8A000D6E700BF2800002490150108A415010860
:10B8B000B0150108C4150108B4150108B815010830
:10B8C000AC150108C0150108E8140108CC150108E1
:10B8D0006A000024F41401088C150108002B18BF1D
:10B8E000002A2AD010B582B094469E46134B1B887E
:10B8F000834220D9114A52888A421CD90CEB000499
:10B900009C4202D91B1A1FFA83FC0EEB01039342DF
:10B9100002D9521A1FFA82FE0CEB000292B2013ACF
:10B920000EEB01039BB2013BBDF8104000949BB2AB
:10B9300092B2F5F7E1FC02B010BD70470C00002494
:10B940002DE9F04182B0BDF82070002B18BF002A0D
:10B9500002D102B0BDE8F08106460D461446984675
:10B9600000970123FFF7BAFF08EB050189B20139FF
:10B9700000970123224689B23046FFF7AFFF0097B8
:10B980004346012229463046FFF7A8FFA01980B29E
:10B990000138009743460122294680B2FFF79EFFF7
:10B9A000D7E72DE9F04F85B09DF83C90B9F1000F35
:10B9B00018BF002A02D105B0BDE8F08F07468A46BD
:10B9C0009B469046484600F001FC064629E00134BB
:10B9D000A4B2039B9978A14210D9B2681B8801FBDD
:10B9E00005332344D35C002BF1D005EB0A01381951
:10B9F0005A4689B280B2FFF7F1F9E8E70135ADB2F6
:10BA0000019B9D4201D20024E3E7039BDB783B448A
:10BA10009FB204E009EB490307EB43039FB208F12F
:10BA2000010898F800100029C5D0A1F16103DBB22C
:10BA3000192B01D82039C9B203AA304600F0D6FB31
:10BA40000028E7D0039B9B78002BE3D0304600F022
:10BA5000EDFB01900025D3E72DE9F04F8FB04FF0BB
:10BA60000108CDF8048040F6410300934CF21863BE
:10BA70007E4A42211220FFF794FF7D4C94F87D30DE
:10BA8000B3FA83F35B0907930025069542F67F5BC3
:10BA9000CDF814B0774B0493032703974FF47A76CD
:10BAA0000296E3690193744B00934C234FF4967212
:10BAB0004E211220FFF7B6FC94F87D30434514BFA9
:10BAC00000230123079306954FF6205ACDF814A0C2
:10BAD0006A4A049203970296236A0193684B009383
:10BAE0004C234FF496724E214FF4A170FFF79AFC4D
:10BAF00094F87D30022B14BF002301230793069591
:10BB00004FF6C309CDF814905A4B0493039702964D
:10BB1000236B01935B4B00934C234FF49672A2214D
:10BB20001220FFF77FFC94F87D30BB4214BF002346
:10BB3000012307930695CDF814A0504A0492039769
:10BB40000296A36B0193504B00934C234FF49672D3
:10BB5000A2214FF4A170FFF765FC94F87D30042B0F
:10BB600014BF0023012307930695CDF81490474B8B
:10BB70000493CDF80C800A260296A36A0193444BE5
:10BB800000934C234FF49672F6211220FFF74AFCE3
:10BB9000628B94F87D30052B14BF0023012307939B
:10BBA0000695CDF814B03B4B0493CDF80C8002966B
:10BBB0000192394B00934C234FF49672F6214FF4C7
:10BBC000A170FFF72FFC94F87E20002A43D0334B5E
:10BBD000002A42D04FF620510192009196224FF454
:10BBE000A7711220FFF744FD214B93F84020002A53
:10BBF00036D02B4B002A35D043F26661019200917A
:10BC000088224FF4A771B020FFF732FDFEF79CFFAA
:10BC10000346244A142109A800F076FD012301936C
:10BC20004FF62053009309AB88224FF4A7714FF4CD
:10BC3000A070FFF71DFD0023019342F67F53009390
:10BC4000194B9E224FF4A7714FF4E870FFF710FDD7
:10BC50000FB0BDE8F08F154BBAE743F26661BBE762
:10BC6000134BC7E74FF6C301C8E700BFE015010853
:10BC7000280000247C15010800160108841501081D
:10BC8000081601081016010814160108B415010859
:10BC900018160108AC1501081C160108E01401086B
:10BCA000E8140108481501086A000024D8150108A5
:10BCB000F4140108F0B583B0002918BF002803D19F
:10BCC0000025284603B0F0BD04460E46084600F0A5
:10BCD0007DFA0746002505E006EB460305EB430326
:10BCE0009DB2013421780029EBD0A1F16103DBB2D0
:10BCF000192B01D82039C9B201AA384600F076FACA
:10BD00000028E9D0019BDB782B449DB2E9E72DE9BF
:10BD1000F04F83B0DDF830809DF83C709DF840B066
:10BD2000002F18BFB8F1000F02D103B0BDE8F08FAB
:10BD300006460D4691461C4639464046FFF7BAFF77
:10BD40008246384600F042FA00F070FACA4505D241
:10BD5000BBF1010F15D0BBF1020F1AD0A04204D2E3
:10BD6000241AC4F34F0461198DB20197BDF838301D
:10BD70000093BDF83430424629463046FFF711FEA5
:10BD8000D3E7A9EB0A0ACAF34F0AB2441FFA8AF6AC
:10BD9000E4E7A9EB0A0916FA89F91FFA89F6DDE743
:10BDA0002DE9F04F85B09DF838700290039100297D
:10BDB00018BF002845D015461C46002B41DD002A3F
:10BDC00042DB93464FEAE2784FEAE47922464B465B
:10BDD00058464146F4F784FA8246002F3BD0384655
:10BDE000FEF7A5FE064622464B4658464146F4F766
:10BDF00077FA10464FEAE67808FB02F206FB0323C7
:10BE0000A0FB06011944A446002C2FDB4FEA6C036B
:10BE1000C01822464B4641EBEC71F4F761FA034639
:10BE2000B04271EB080102DB1AF1010A0023002D78
:10BE30001FDB114A0193009753460399029800F0C3
:10BE400063FC05B0BDE8F08F4FEAE278D2F1000B59
:10BE500068EB4808B8E7002D06DB084A034603995B
:10BE6000029800F051FCECE7054AF7E704F1010CF9
:10BE7000CCE7044ADEE700BF3C1601082C16010897
:10BE8000241601083016010800B583B0304B93F832
:10BE90006230002B3DD02E4B93F86030012B20D028
:10BEA000022B2AD08BB1F5F7C1F92A4A53881288A0
:10BEB00000210846F5F734F9254B002283F862206B
:10BEC00083F8612003B05DF804FB0021224800F0F4
:10BED00009FAFFF7CFFA214A2149224800F06AFA0D
:10BEE000E1E70121204800F0FDF9FFF7B5FD1B4A0D
:10BEF0001E491F4800F05EFAD5E702211D4800F0F8
:10BF0000F1F9FFF7E1FB1C4A16491C4800F052FA10
:10BF1000C9E7104A5388583B40F6410100919BB253
:10BF200012883A210020FFF7D9FC094B93F86030C2
:10BF3000012B06D0022B07D0002BB4D1FFF79AFAC1
:10BF4000B1E7FFF789FDAEE7FFF7BEFBABE700BF48
:10BF5000280000240C000024481601085816010887
:10BF600064160108741601087C1601088C16010875
:10BF70009C160108AC160108BC160108C816010879
:10BF800038B5394C58220021204600F034FC0025F9
:10BF900084F8605084F87C50344B1B685B6A9BB219
:10BFA000E366334B1B685B6A23674FF400613148DB
:10BFB000F8F7C0FF012814BF0020012084F880009A
:10BFC00004212D48F8F7B6FF012814BF00200120F6
:10BFD00084F88800F7F73AFAC4F88400F7F736FADD
:10BFE000C4F88C0045F6C053236040F28A23636096
:10BFF00042F6E062A2604FF41671E1604FF4A07166
:10C0000021614FF49670606121834FF4E171618387
:10C01000E26140F2DC52226263624FF44873A36231
:10C0200043F6A403E36243F6982323634FF4E163EA
:10C03000636340F69803A363012384F8403084F8D7
:10C040004150A58784F87D5084F87E5094F8633081
:10C050003BB10A48FEF7EEFEFEF736FEFFF714FF8F
:10C0600038BD0748F6E700BF28000024800A0024F6
:10C07000CC0A0024000C025800000258D416010813
:10C08000E016010808B5FFF7DDF8FFF751F8FFF7F4
:10C0900029F9FFF79DF8044B93F8613003B908BD07
:10C0A000FFF7F2FEFBE700BF2800002438B5044686
:10C0B000FEF776FE0546F7F7C9F9134B53F825301E
:10C0C000C31A632B10D9104B43F82500042C10D051
:10C0D000202C10D009D8082C0FD0102C0FD10822FA
:10C0E0000A490B6813430B6038BD402C09D110225C
:10C0F000F6E70122F4E70422F2E70222F0E7002249
:10C10000EEE70022ECE700BFD80C0024EC0C002482
:10C1100008B5064B83F8630028B10548FEF78AFE90
:10C12000FEF7CAFD08BD0348F8E700BF2800002459
:10C13000E8160108F8160108014B9865D9657047A3
:10C140002800002408B5FEF775FEFEF7B5FD08BD12
:10C150002DE9F04F83B0174BD3F81CB0D3F820A0D3
:10C16000D3F83090D3F838809F6A5E8B98B104463C
:10C17000FEF770FD01900F4D58222146284600F031
:10C18000B7FB95F87E3023B1019B3BB1002285F8C7
:10C190007E20FEF791FD03B0BDE8F08F054BC3F89C
:10C1A0001CB0C3F820A0C3F83090C3F838809F6259
:10C1B0005E83EEE72800002428B108B55822024922
:10C1C00000F096FB08BD704728000024022803D029
:10C1D000032803D10248704702487047024870475D
:10C1E0000817010814170108201701080346002A40
:10C1F00018BF00280CBF0120002014D094461A78E4
:10C200008A4212D800B593F801E08E4509D3891A05
:10C21000C9B25B6803EB8103DA7812B1CCF8003065
:10C2200001205DF804FB00207047704708B180785A
:10C23000704700207047002853D02DE9F04186B0A8
:10C2400004468368002B46D0C5898689B0F81080E3
:10C25000877D07B90127637D0BB1668AB046237DD0
:10C2600013B1658AA84600260095E388A2886188F4
:10C270002088FFF733FBCDF80080E388A28861882F
:10C280002088FFF75DFBA288042A17D9E388042BD6
:10C2900014D92088023080B26188023189B2043A10
:10C2A00092B2043B9BB294F814C0BCF1000F15D0BD
:10C2B000B4F812C0CDF800C0FFF742FBA36801221A
:10C2C00004920397029501960093E388A2886188FF
:10C2D0002088FFF71CFD06B0BDE8F08141F2A20CFA
:10C2E000E8E77047F0B589B005460E462F4C40F69A
:10C2F000410300936388228800210846FFF7EEFA85
:10C3000041F2A20700973823228800210846FFF750
:10C31000E5FA42F67F530093022322883821002059
:10C32000FFF7DCFA0223019300974FF6FF732A46CA
:10C3300012210846FFF735FB00244FF4A57531E0C4
:10C34000ADF808500A23ADF80A306023ADF80C3080
:10C350002423ADF80E30164B53F8243004934FF6D7
:10C36000FF73ADF8143041F2A203ADF8163043F27A
:10C370008613ADF8183042F67F53ADF81A30B44248
:10C3800014BF002301238DF81C3000238DF81D30CD
:10C3900002238DF81E3002A8FFF74DFF6635ADB2BF
:10C3A0000134E4B2022CCBD909B0F0BD0C0000245A
:10C3B00064620108F0B587B007460E461546294C61
:10C3C00061881E3941F2A20300931E23228889B29C
:10C3D0000020FFF783FA61881E3943F28613009329
:10C3E0000123228889B20020FFF778FA6FB16188B3
:10C3F00016390123019341F2A20300934CF2186312
:10C400003A4689B20C20FFF7CCFA96B1154A51880A
:10C410001A3901230493039341F2A20302934CF2CD
:10C420001863019300961423128889B20020FFF745
:10C430006EFCADB10B4B59881A880C3A1A3902239D
:10C4400004930123039341F2A20302934CF2186375
:10C4500001930095142392B289B20020FFF757FC94
:10C4600007B0F0BD0C000024002800F08A802DE900
:10C47000F0478CB004468368002B75D08369002B8D
:10C4800072D0B0F81C80837F002B70D04FF62059FB
:10C49000E388632B6ED94FF0020A6188632B6CD955
:10C4A00034270F44BFB25D18ADB2632B67D9202289
:10C4B000AD1AADB2E27F12B14FF6C308C14641F6E4
:10C4C000E3060096A2882088FFF708FACDF80090CE
:10C4D000E388A28861882088FFF732FA2088618883
:10C4E000A288023A01310130CDF80080052392B2D2
:10C4F00089B280B2FFF7F2F9208861880C310A30E6
:10C50000CDF804A000964CF21863A26889B280B2FC
:10C51000FFF747FA237D00932369E26818210DEBAA
:10C520000100FFF73DFC20880A30032301930096A9
:10C530004FF6FF7306AA394680B2FFF732FA208819
:10C54000A388184480B2A3693638022204920122DB
:10C55000039202964CF218620192009316232C2249
:10C56000294680B2FFF7D3FB0CB0BDE8F08743F259
:10C5700086198DE74FF0010A8FE7242791E71822EB
:10C5800096E77047002310B50446C0E90033C0E9C0
:10C590000433836081814366C28183611946082226
:10C5A0005C3000F028F90D4B23620D4B63620D4B9C
:10C5B000A3620D4BE3620D4BE4619C4206D003F194
:10C5C0006802944202D0D0339C4205D104F1580055
:10C5D000BDE8104000F088B910BD00BF71C7000869
:10C5E00093C70008CBC70008EFC70008F00C002471
:10C5F000024A0349034800F069B800BFB8000024AC
:10C60000A5E30008C800002441680C4B994210B50E
:10C61000044601D001F0C6FEA168094B994202D040
:10C62000204601F0BFFEE168064B994204D0204647
:10C63000BDE8104001F0B6BE10BD00BFF00C0024F4
:10C64000580D0024C00D002410B50B4B0B4C0C4AA8
:10C650001A60204600220421FFF794FF04F16800CD
:10C6600001220921FFF78EFF04F1D0000222BDE86C
:10C6700010401221FFF786BF280E0024F00C002482
:10C68000F1C50008014800F031B900BF320E0024A6
:10C69000014800F02CB900BF320E002410B504464A
:10C6A000FFF7F0FF636B1BB1BDE81040FFF7F0BF71
:10C6B000044B6363044B1B68002BF5D1FFF7C4FFE9
:10C6C000F2E700BF09C60008280E00242DE9F84350
:10C6D0000746884614460026D4E90195B9F10109B8
:10C6E00005D52468002CF7D13046BDE8F883AB8926
:10C6F000012B07D9B5F90E30013303D0294638464E
:10C70000C04706436835E9E70CB430B5174B0C1E3B
:10C710001D689DB008DA8B232B604FF0FF301DB0F1
:10C72000BDE8304002B070474FF40273ADF81430EA
:10C7300014BF04F1FF332346049307934FF6FF73AE
:10C7400002900690ADF81630209A21AB02A9284637
:10C75000019300F049FC431CBCBF8B232B60002CD1
:10C76000DDD0029B00221A70D9E700BFC40000246C
:10C7700010B50C46B1F90E1000F068F80028ABBFF8
:10C78000236DA3891B1823F48053ACBF2365A381B9
:10C7900010BD2DE9F0411F468B89DB0505460C468F
:10C7A000164605D5B1F90E100223002200F03CF820
:10C7B000A389B4F90E1023F48053A38132463B467B
:10C7C0002846BDE8F04100F053B810B50C46B1F969
:10C7D0000E1000F029F8431CA38915BF206523F42F
:10C7E000805343F48053A38118BFA38110BDB1F9D6
:10C7F0000E1000F009B802440346934200D170477E
:10C8000003F8011BF9E7000038B5064D0023044684
:10C8100008462B60F6F75EFA431C02D12B6803B181
:10C82000236038BD2C0E002438B5074D0446084659
:10C83000114600222A601A46F6F756FA431C02D126
:10C840002B6803B1236038BD2C0E002438B5074D8A
:10C8500004460846114600222A601A46F6F71CFADA
:10C86000431C02D12B6803B1236038BD2C0E002479
:10C8700038B5074D04460846114600222A601A467C
:10C88000F6F71AFA431C02D12B6803B1236038BDB6
:10C890002C0E0024014B1868704700BFC400002410
:10C8A00070B50D4D0D4C641BA4100026A64209D195
:10C8B0000B4D0C4C04F0A4FB641BA4100026A642F4
:10C8C00005D170BD55F8043B98470136EEE755F8A1
:10C8D000043B98470136F2E700660108006601084C
:10C8E0000066010808660108704770477047704786
:10C8F0000A44914200F1FF3300D1704710B511F89E
:10C90000014B03F8014F9142F9D110BD024B13B115
:10C91000024800F005B8704700000000F9E5000883
:10C92000002301461A46184601F0BCBE2DE9F84323
:10C9300006460820894601F073FE244F80463046A3
:10C9400000F044FBBB685D6825F00305A5F1110408
:10C95000A4EB09044444B4FBF8F4013C08FB04F4E0
:10C96000A04505DD304600F037FB0020BDE8F88328
:10C970000021304601F030FEBB682B449842F1D1D3
:10C980006142304601F028FE013010D100213046CE
:10C9900001F022FEBA68831A0F2BE3DD0C49096807
:10C9A000401A0C4943F0010308605360DAE7BB68A2
:10C9B000084A2D1B45F001055D60136830461B1BBE
:10C9C000136000F009FB0120D0E700BFF401002450
:10C9D000EC010024380E0024F8B504460F46002967
:10C9E00000F0B18000F0F2FA57F8042C564D22F016
:10C9F0000100A7F1080303EB000CA968DCF8046050
:10CA0000614526F0030602F001021BD106443AB943
:10CA100057F8082C9B1A1644D3E90212CA60916099
:10CA200046F001025A60AB60484B1B68B34204D821
:10CA3000474B20461968FFF779FF2046BDE8F840CC
:10CA400000F0CABACCF80460002A38D157F8081CA4
:10CA50005B1A0844996805F10807B94231D0DF68CC
:10CA6000CF60B9600CEB06014968C9070BD4DCF84C
:10CA7000081030443ABB374EB14224D1C5E90433E3
:10CA8000C3E90211012240F0010159601850002A47
:10CA9000D3D1B0F5007F1BD2C208012140098140EB
:10CAA000686801320143696055F8320005EBC20144
:10CAB0000839C3E9020145F83230C360BDE70022FE
:10CAC000D0E70122CEE7DCF80C60CE60B160DAE797
:10CAD000B0F5206F4FEA502214D282093832511C2F
:10CAE00005EBC20655F831108E4225D10120921077
:10CAF00000FA02F2686802436A60C3E90216B36092
:10CB0000CB609AE7142A01D85B32E8E7542A02D8AE
:10CB1000020B6E32E3E7B2F5AA7F02D8C20B77327E
:10CB2000DDE740F254518A429ABF820C7C327E2269
:10CB3000D5E789688E4204D04A6822F00302824217
:10CB4000F7D8CE68D9E7F8BDF4010024F00100243D
:10CB5000680E0024FC01002401F10B03162B2DE9C3
:10CB6000F74F054606D933F0070704D50C232B6091
:10CB70000024A3E11027B942F8D8284600F026FA8D
:10CB8000B7F5FC7FAF4E37D207F108023244A2F16D
:10CB9000080154688C424FEAD70302D1D468A242FC
:10CBA00010D06368D4E9021223F00303CA6023445F
:10CBB00091605A6842F001025A60284600F00CFA6F
:10CBC00008347BE1023334699F498C4277D0626834
:10CBD00022F0030CACEB07000F2848DDE21940F00F
:10CBE000010347F001076760C6E90422C2E90211A8
:10CBF000536044F80C00E0E77B0A2AD0042B12D8DB
:10CC0000BB0938335A1C06EBC202A2F1080C546867
:10CC1000644506D0626822F00302D01B0F281CDD99
:10CC2000013B0133CFE7142B01D85B33EAE7542BE8
:10CC300002D83B0B6E33E5E7B3F5AA7F02D8FB0BB6
:10CC40007733DFE740F25452934204D8BB0C7C3375
:10CC5000D8E73F23D6E77E23D4E70028E16804DB4A
:10CC6000A368D9608B60A318A3E70C46D0E700281F
:10CC7000C6E9041107DBA444DCF8043043F00103E7
:10CC8000CCF8043099E7BCF5007F706880F095809F
:10CC90004FEADC024FEA5C1E4FF0010C01320CFA45
:10CCA0000EFC4CEA0000706056F832C006EBC20081
:10CCB0000838C4E902C046F83240CCF80C4098105D
:10CCC000012282407068904226D3104206D123F0A0
:10CCD00003035200104203F10403FAD006EBC30829
:10CCE000C1469E46D9F80C404C4540F0B9800EF143
:10CCF000010E1EF0030F09F10809F3D1980740F067
:10CD0000E380736823EA0203736070685200904204
:10CD100002D3002A40F0E580D6F808A0DAF8043003
:10CD200023F00309B94504D3A9EB07020F2A00F346
:10CD30004181464B1968103139440820019101F0B6
:10CD40006FFC434A0199136801331FBF01F1FF31A2
:10CD500009184342194080462846019101F03CFCE5
:10CD6000421C0AEB090B044600F0F7808345019949
:10CD7000374A02D9B24540F0F080364B1868A345D7
:10CD800000EB010EC3F800E008F1FF3C40F0AB807F
:10CD90001BEA0C0F40F0A780B268494441F0010142
:10CDA00051602D4A1B6811688B4288BF13602B4A63
:10CDB00011688B4288BF1360CFE0BCF5206F4FEA4B
:10CDC0005C2218D24FEA9C12383202F1010E06EBB7
:10CDD000C20856F83EE0F0452BD192104FF0010CFE
:10CDE0000CFA02F202437260C4E902E8C8F8084093
:10CDF000CEF80C4063E7142A01D85B32E5E7542AE9
:10CE000003D84FEA1C326E32DFE7B2F5AA7F03D8AF
:10CE10004FEADC327732D8E740F2545E72459ABF6F
:10CE20004FEA9C427C327E22CFE7DEF808E0F045F4
:10CE300005D0DEF8042022F003026245F5D8DEF8C2
:10CE40000C80D1E7F4010024FC010024680E0024CA
:10CE5000EC010024380E0024640E0024600E00242F
:10CE60006068D4F80CC020F00300A0EB070ABAF108
:10CE70000F0F12DDA368E21947F001076760C3F8DE
:10CE80000CC0CCF808304AF00103C6E90422C2E91C
:10CE90000211536044F800A08FE6BAF1000F11DBD5
:10CEA0002044436843F00103436054F8083F284698
:10CEB000C3F80CC0CCF8083000F08EF8204603B060
:10CEC000BDE8F08F64460FE758F80809404503F1C4
:10CED000FF333FF413AF18E7043352001042FBD086
:10CEE000FCE67346FAE7106801301BBFA4EB0B0B9E
:10CEF0000BEB0E0214601A6014F0070B1ABFCBF193
:10CF0000080024185846621802EA0C018044A8EB75
:10CF1000010808EA0C0841462846019201F05CFB32
:10CF2000431C019A284B07D1BBF1000F23D0ABF172
:10CF3000080010444FF000081A68B460001B404419
:10CF4000424440F00100B2451A6060603FF429AFEE
:10CF5000B9F10F0F12D801236360B3685B6823F047
:10CF60000303BB42A3EB070201D30F2A22DC2846AE
:10CF700000F032F8FCE51046D846DDE7DAF8042088
:10CF8000A9F10C0929F0070902F0010242EA09029D
:10CF9000CAF8042005210AEB0902B9F10F0FC2E912
:10CFA00001117FF6FEAE0AF108012846FFF714FDD5
:10CFB000054BF6E6B46847F00103274442F001024E
:10CFC0006360B7607A60F8E5380E00240148FFF727
:10CFD0008DBC00BF300E00240148FFF788BC00BFA5
:10CFE000300E0024000000002DE9F04FD3B08B4636
:10CFF00091461E46039001F0EBFA0368169318461B
:10D00000F3F786FBBBF80C300D901B0615D5DBF84B
:10D01000103093B903984021FFF79EFDCBF8000034
:10D02000CBF8100030B9039A0C2313604FF0FF3394
:10D030000F93F7E14023CBF814309FED937B00234F
:10D04000CDE927338DED0A7BCDE9183329AC269441
:10D0500004930993129317930F934B461D4613F8AD
:10D06000012B0AB1252AF9D1B5EB09070DD0289B70
:10D070003B442893279B0133072BC4E90097279350
:10D0800075DC08340F9B3B440F932B78002B01F089
:10D09000488100226B1C8DF87B204FF0FF380E92E8
:10D0A000154613F8012B06920C93069B203B5A2B36
:10D0B00000F2A485DFE813F09D00A205A205A500FB
:10D0C000A205A205A2058500A205A205A800B2003E
:10D0D000A205AF00B400A205CE00D100D100D1005E
:10D0E000D100D100D100D100D100D100A205A2050C
:10D0F000A205A205A205A205A2054701A2050801F5
:10D100001B01470147014701A205A205A205A2058F
:10D11000E200A205A2059D04A205A205A205E7045E
:10D12000A2050805A205A2052A05A205A205A205D9
:10D13000A205A205A205A205A2054701A2050801B4
:10D140001D01470147014701EE001D010201A20533
:10D15000FB00A2057E049F04D6040201A205E70499
:10D160009B000A05A205A2056500A2059B00039885
:10D1700026AA594602F040FC002840F04E8129AC16
:10D1800080E7434B199315F0200300F0C284073663
:10D1900026F007031A465F6852F8086B0792EB0700
:10D1A0000AD556EA070307D030238DF87C30069B5A
:10D1B0008DF87D3045F0020525F48065022300F0EE
:10D1C00028BC039801F004FA436817931846F3F754
:10D1D0009FFA1290039801F0FBF983680993129B60
:10D1E0002BB1099B1BB11B780BB145F480650C9BDF
:10D1F00057E79DF87B30002BF9D120238DF87B3049
:10D20000F5E745F00105F2E756F8043B0E93002BD5
:10D21000EDDA5B420E9345F00405E8E72B23EDE7DA
:10D220000C9B13F8012B06922A2A0FD156F8042BD7
:10D230000C9342EAE278DAE701FB082813F8012BA5
:10D240000692069A303A092AF6D92DE74FF00008DF
:10D250000A21F6E745F08005C9E700220C9B0E92F3
:10D260000A21069A0E98303A01FB00220E9213F81A
:10D27000012B0692303A092AF3D915E745F0080543
:10D28000B5E700BFAFF30080000000000000000021
:10D29000806201080C9B1B78682B01BF0C9B01333B
:10D2A0000C9345F4007518BF45F040059FE70C9BB3
:10D2B0001B786C2B05D10C9B01330C9345F020059A
:10D2C00095E745F0100592E7324652F8043B8DF899
:10D2D000E430002307928DF87B309A464FF0010826
:10D2E00010931F4608931E460DF1E409D2E145F064
:10D2F0001005AF0612D5073626F007031A465F68F9
:10D3000052F8086B0792002F06DA76424FF02D0391
:10D3100067EB47078DF87B3001237DE33346EE064C
:10D3200053F8047B079302D53E46FF17EBE76806E8
:10D3300003D53EB247F3C037E5E7A905F4D57EB281
:10D3400047F3C017DFE7073626F00703B3EC027B8D
:10D350008DED0A7B07930A9B1A930B9B23F00043E6
:10D360001B93DDE91A01814B4FF0FF32F3F72EFEDC
:10D3700010BBDDE91A017D4B4FF0FF32F3F708FED9
:10D38000D0B9DDE90A0100220023F3F7F7FD10B15F
:10D390002D238DF87B30764A764B069925F0800553
:10D3A0004729D4BF914699464FF0000A4FF0030831
:10D3B000CDF840A000F0ECBFDDE90A231046194685
:10D3C000F3F704FE824640B10B9B6B4A002BBCBFB7
:10D3D0002D238DF87B30694BDFE7069B612B25D031
:10D3E000412B25D158233022B8F1630F8DF87C20D2
:10D3F0008DF87D3045F0020540F3A580039808F1D3
:10D400000101FFF7A9FB8146002840F0A180BBF88D
:10D410000C3043F04003ABF80C30BBF80C305B062B
:10D420003FF504AE0F9853B0BDE8F08F7823DAE7EC
:10D43000B8F1FF3F00F08E80069B23F02003472BBE
:10D4400005D1B8F1000F02D1C2464FF0010845F4F2
:10D45000807311930B9B002B7FDA0A9B14930B9B19
:10D4600003F1004315932D231C93069B23F0200307
:10D47000412B089340F0E68120A89DED140B01F0AC
:10D48000DBF800224FF07F5351EC100BF3F704FB55
:10D4900002460B46CDE9042300220023F3F764FD86
:10D4A00008B101232093364A364B0699612918BFEB
:10D4B0001A46109208F1FF374E46DDE90401324B5F
:10D4C0000022F3F7E9FA02460B46CDE90423F3F70D
:10D4D00093FD1390F3F776FA02460B46DDE904015B
:10D4E000F3F722F902460B46CDE90423139A109B69
:10D4F0009B5C06F8013B7A1C06D07B1E1D93002224
:10D500000023F3F731FD70B3DDE904011F4B002266
:10D51000F3F752FD00283BD1DDE904011B4B00224B
:10D52000F3F722FD10B1139BDB0731D43346F11919
:10D530003020CA1A002A80F282817B1C0137B8BFD2
:10D5400000231E4438E04FF0000A0DF1E4097EE7A5
:10D5500082467CE74FF0060879E79DED0A7B0023C1
:10D560008DED147B80E71D9FA7E700BFFFFFEF7FD6
:10D570007062010874620108786201087C62010827
:10D580008062010891620108000030400000E03F25
:10D59000109B2496D97B3020249A531E249312F892
:10D5A000013C8B4200F04881392B0BBF109B0133AB
:10D5B0009B7ADBB202F8013CA6EB09030493089BBB
:10D5C000209E472B40F08781F11C02DB464540F34B
:10D5D000A581069B023B069306999DF8182021F031
:10D5E0002001412908BF0F3206F1FF3306BFD2B236
:10D5F00001210021002B2093B8BFC6F101038DF853
:10D600008820B4BF2D222B22092B8DF8892040F3CE
:10D6100078810DF197000A270246B3FBF7F607FB66
:10D620001631303102F8011C1946632900F1FF3030
:10D630003346F1DC3033911E00F8013C0DF18906D0
:10D640000B460DF197008342C0F056810DF199030E
:10D650009B1A814288BF00230DF18A021A4422AB33
:10D66000D31A049A1893012A03EB020801DCEA0793
:10D6700001D50D9B984425F48065002745F48073FF
:10D68000119308973E461C9B002B40F08F8100238E
:10D69000119D1093109B4345B8BF434611939DF8CD
:10D6A0007B3013B1119B0133119315F002031C93CE
:10D6B0001EBF119B0233119315F084031D9322D1D9
:10D6C0000E9B119A9B1A002B13931CDD1398DDE916
:10D6D000272310289E48206002F1010204F108016E
:10D6E00000F39882139860600344072ACDE927234A
:10D6F00040F3A582039826AA594602F07DF9002836
:10D7000040F0ED8529AC9DF87B20289B6AB10DF196
:10D710007B022260012213442893279B62601344FA
:10D72000072B279300F38D8208341C9A289B62B143
:10D730001FAA2260022213442893279B62600133B0
:10D74000072B279300F3878208341D9B802B22D15F
:10D750000E9B119A9B1A002B13931CDD1398DDE985
:10D76000272310287B48206002F1010204F1080100
:10D7700000F37B82139860600344072ACDE92723D6
:10D7800040F38882039826AA594602F035F900280A
:10D7900040F0A58529AC109BA3EB0803002B109348
:10D7A0001CDD1098DDE9272310286A48206002F16B
:10D7B000010204F1080100F36F82109860600344D5
:10D7C000072ACDE9272340F37C82039826AA5946ED
:10D7D00002F012F9002840F0828529AC289B1093B2
:10D7E000EA0500F1758243442893279B0133072BF8
:10D7F000C4E90098279300F3B18208346A0700F166
:10D800005085DDE90E2311998A42ACBF9B185B1845
:10D810000F93289B3BB1039826AA594602F0ECF8D7
:10D82000002840F05C8500232793BAF1000F40F0F8
:10D830007285079E29ACC6E002F8010CACE603F83D
:10D84000010B76E6089B462B05D0452B1AD108F133
:10D850000106022101E04646032124AB019321ABDE
:10D8600000939DED140B20AB0398324600F0E4FFCB
:10D87000089B472B814619D1E80705D4249BA3EBCD
:10D8800009039BE64646E4E709EB0607DDE91401D8
:10D8900000220023F3F768FB00B124973022249B79
:10D8A0009F42EBD9591C24911A70F8E7089B462B2C
:10D8B00000EB0607EAD10378302B09D1DDE914012A
:10D8C00000220023F3F750FB10B9C6F101062096A1
:10D8D000209B1F44DAE7089B462B7FF47DAE05F0C2
:10D8E0000103002E43EA080325DD7BB30D9BF318EB
:10D8F00098446623069333E013F8017B06F8017F12
:10D90000A1E641B930228DF88A200DF18B02303327
:10D9100002F8013BA3E60DF18A02F8E7049B9E4260
:10D920000DDA049B0D9A002E03EB02080CDCC6F105
:10D930000103984408E07BB10D9B0133D8E7EB0766
:10D9400021D50D9B06EB03086723D3E7B046D0E74C
:10D95000B4620108A4620108662306934FF001082F
:10D9600015F4806308931FD00027002E08977FF7D7
:10D970008AAE099B1B78FF2B07D1089B129A3B4468
:10D9800002FB03887FE6B046DEE7B342F5DAF61A1B
:10D99000099B5B7833B1089B01330893099B0133E2
:10D9A0000993E6E70137E4E7089F6CE62D238DF83D
:10D9B0007B306CE6AF060AD50F9A33680F99D21701
:10D9C000C3E900120436DDF83090FFF746BBE806E5
:10D9D00003D533680F9A1A60F4E7690603D53368F4
:10D9E0000F9A1A80EEE7AA05F3D533680F9A1A70DA
:10D9F000E8E745F0100515F0200320D0073626F0A3
:10DA000007031A465F6852F8086B079225F4806591
:10DA1000002300228DF87B20B8F1FF3F00F08C84BA
:10DA200025F08002089256EA070240F08A84B8F195
:10DA3000000F00F0DB80012B40F0868483E032464B
:10DA400015F0100752F8046B079201D01F46DDE76E
:10DA500015F0400301D0B6B2D8E715F40077D5D061
:10DA6000F6B2F3E73346782253F8046B079347F690
:10DA70003003ADF87C30944B1993002745F0020534
:10DA800002230692C5E73346B8F1FF3F53F8049BE3
:10DA900007934FF000068DF87B600FD04246314669
:10DAA0004846F2F7E5FD824600283FF481ACA0EB42
:10DAB0000908B246109637460896EBE54846F2F755
:10DAC00027FEB246804673E445F0100515F02003AA
:10DAD00009D0073626F007031A465F6852F8086B2C
:10DAE0000792012395E7324615F0100752F8046BB0
:10DAF000079201D01F46F4E715F0400301D0B6B2FB
:10DB0000EFE715F40077ECD0F6B2F3E76F4BFFF7D1
:10DB100039BB324615F0100752F8046B079202D059
:10DB20001F46FFF73CBB15F0400302D0B6B2FFF72B
:10DB300036BB15F400773FF432ABF6B2F0E70A2EAD
:10DB400077F1000307D23036F6B28DF847610DF257
:10DB5000471900F015BC00230493089B03F480636D
:10DB600052AD10930A22002330463946F2F708FCE2
:10DB7000049B119001330493109B30328A4605F1C7
:10DB8000FF3905F8012CD3B1099B049A1B789A42FE
:10DB900015D1FF2A13D00A2E77F100030FD3129B61
:10DBA0001799A9EB03091A46484600F0FEFC099BA9
:10DBB0005B781BB1099B01330993002304930A2E60
:10DBC00077F10007C0F0DC83119E57464D46C9E748
:10DBD00006F00F03199A3609D35C09F8013D46EAAD
:10DBE00007763F0956EA0703F2D1C9E31BB9E907F3
:10DBF00001D53026A9E70DF5A479C1E3069B002BDA
:10DC000000F08F838DF8E43000238DF87B30079689
:10DC1000FFF763BB10200344072ACDE92723606088
:10DC200008DD039826AA594601F0E6FE002840F0D8
:10DC3000568329A9139B103B13930C4646E50C46CB
:10DC400061E5039826AA594601F0D6FE002840F067
:10DC5000468329AC69E5039826AA594601F0CCFE13
:10DC6000002840F03C8329AC6FE510200344072ACC
:10DC7000CDE92723606008DD039826AA594601F004
:10DC8000BBFE002840F02B8329A9139B103B139364
:10DC90000C4663E50C467EE510200344072ACDE9D7
:10DCA0002723606008DD039826AA594601F0A4FEE8
:10DCB000002840F0148329A9109B103B10930C46B8
:10DCC0006FE50C468AE500BF806201089162010899
:10DCD000069B652B40F34682DDE90A010022002302
:10DCE000F3F742F900286AD0734B23600123636085
:10DCF000109B01332893279B0133072B279337DC95
:10DD00000834209B049A934202DBEF077FF576AD3F
:10DD1000169B23600D9B0D9A6360289B13442893E8
:10DD2000279B0133072B27932CDC0834049B5E1EB2
:10DD3000002E7FF763AD614F4FF01008DDE9273209
:10DD4000102E03F1010304F10801276024DC666052
:10DD5000072B1644CDE9273640F3A082039826AA64
:10DD6000594601F049FE002840F0B98229AC45E54A
:10DD7000039826AA594601F03FFE002840F0AF82E2
:10DD800029ACBEE7039826AA594601F035FE0028C3
:10DD900040F0A58229ACC9E71032072BCDE9273224
:10DDA000C4F8048008DD039826AA594601F024FE31
:10DDB000002840F0948229A9103E0C46BEE7209B23
:10DDC000002B7DDC3C4B236001236360109B0133FF
:10DDD0002893279B0133072B279346DC08340499AB
:10DDE000209B289A0B4305F001010B433FF406AD3D
:10DDF000169B23600D9B63601A44279B2892013376
:10DE0000072B27933BDC04F10803209E002E1BDA2E
:10DE10002A4F76421A461024DDE92710102E01F110
:10DE2000010103F10803176033DC5660072906443B
:10DE3000CDE9271608DD039826AA594601F0DCFD36
:10DE4000002840F04C8229AB049A04995A60289A21
:10DE5000C3F800900A442892279A0132072A279291
:10DE60003FF77CAF03F10804C8E4039826AA59469B
:10DE700001F0C2FD002840F0328229ACAFE70398E0
:10DE800026AA594601F0B8FD002840F0288229ABA7
:10DE9000BBE710300729CDE92710546008DD03984F
:10DEA00026AA594601F0A8FD002840F0188229ABA7
:10DEB000103E1A46B0E700BFA2620108A462010842
:10DEC000049B4B440693049BB342A8BF3346002BEC
:10DED00098460BDDC4E90093109B43442893279B8D
:10DEE0000133072B279300F3898008344346002B26
:10DEF000ACBFA6EB0808B046B8F1000F1BDDDDE9AA
:10DF0000272397482060B8F1100F02F1010204F1B5
:10DF100008017DDC4344072ACDE92723C4F80480A7
:10DF200040F38A80039826AA594601F065FD00282F
:10DF300040F0D58129AC09EB06086E0508D5089B91
:10DF4000002B7BD1002F7BD1069B984528BF98469C
:10DF5000209B049A934201DBE8070ED5169B2360B1
:10DF60000D9B0D9A6360289B13442893279B0133D4
:10DF7000072B279300F3DF800834049B209FDF1BCF
:10DF8000069BA3EB08039F42A8BF1F46002F289BB8
:10DF90000ADD3B442893279B0133072BC4E9008704
:10DFA000279300F3D2800834209E049B002FA3EB1C
:10DFB0000606A8BFF61B002E7FF720AC684F4FF077
:10DFC0001008DDE92732102E03F1010304F10801E6
:10DFD00027607FF7BCAE1032072BCDE92732C4F89B
:10DFE000048008DD039826AA594601F005FD0028A3
:10DFF00040F0758129A9103E0C46E2E7039826AA55
:10E00000594601F0F9FC002840F0698129AC6DE720
:10E0100010200344072ACDE92723606008DD039818
:10E0200026AA594601F0E8FC002840F0588129A9A9
:10E03000A8F110080C4662E70C467CE7002F4AD096
:10E04000013F179B2360129B129A6360289B134425
:10E050002893279B0133072B279343DC0834099B24
:10E060001A78069BA3EB08039A42A8BF1A46002A17
:10E07000289B914609DD13442893279B0133072BE6
:10E08000C4E90082279337DC0834099B1E78B9F174
:10E09000000FA8BFA6EB0906002E18DDDDE9273228
:10E0A0002F482060102E03F1010304F108012DDC3C
:10E0B0006660072B1644CDE927363ADD039826AA79
:10E0C000594601F099FC002840F0098129AC099BD0
:10E0D0001B78984433E7099B013B0993089B013B5C
:10E0E0000893AEE7039826AA594601F085FC00285C
:10E0F00040F0F58029ACB2E7039826AA594601F012
:10E100007BFC002840F0EB8029ACBEE710200244E5
:10E11000072BCDE92732606008DD039826AA59460F
:10E1200001F06AFC002840F0DA8029A9103E0C4674
:10E13000B4E70C46CBE7039826AA594601F05CFCED
:10E14000002840F0CC8029AC17E7039826AA59464E
:10E1500001F052FC002840F0C28029AC24E700BF47
:10E16000A46201080499109B279A012903F1010375
:10E1700002F1010204F1080602DCE90740F18380A4
:10E180000121072ACDE92723C4F80090616008DD4A
:10E19000039826AA594601F02FFC002840F09F80E2
:10E1A00029AE169B33600D9B0D9A7360289B134418
:10E1B0002893279B0133072B279333DC0836049BD6
:10E1C000DDE90A015C1E00220023DDE92787F2F762
:10E1D000CBFE00282FD109F10102C6E90024049AE0
:10E1E00008F10103013F1744072BCDE9273753DD21
:10E1F000039826AA594601F0FFFB00286FD129AEEB
:10E2000022AB3360189B189A7360289B13442893A1
:10E21000279B0133072B27933FF7A0AD06F1080496
:10E22000FFF7ECBA039826AA594601F0E5FB00284F
:10E2300055D129AEC3E7049B012BE1DD574F4FF0C9
:10E240001008DDE92732102C03F1010306F1080163
:10E25000376007DC7460072B1444CDE92734C7DC32
:10E260000E46CDE71032072BCDE92732C6F80480E1
:10E2700006DD039826AA594601F0BEFB78BB29A902
:10E28000103C0E46DDE70121072ACDE92723C4F81B
:10E2900000906160B4DDABE70836B1E70C46FFF7EC
:10E2A000ADBA0E9B119A9D1A002D7FF7AAAA3C4E7B
:10E2B0001027DDE92732102D03F10103266018DC59
:10E2C0002A44072BCDE9273265607FF79AAA039885
:10E2D00026AA594601F090FB00283FF492AABAF111
:10E2E000000F3FF49AA803985146FEF775FBFFF71D
:10E2F00094B81032072BCDE92732676002DC08346E
:10E30000103DD6E7039826AA594601F075FB002870
:10E31000E5D129ACF4E703985146FEF75DFBFFF722
:10E3200088BA289B002B3FF478A8039826AA594660
:10E3300001F062FBFFF771B856EA070208953FF457
:10E340007AAB012B3FF4FBAB022B0DF5A4793FF424
:10E350003FAC06F00703F60846EA4776FF0830337D
:10E3600056EA07014A4609F8013DF2D10899C80763
:10E3700006D5302B04D0302309F8013CA2F1020964
:10E3800052AB089DCDF840804FF0000AA3EB09087E
:10E390005746CDF820A05646FFF77CB9A462010885
:10E3A000B462010870B505460C46B1B118B1436BB3
:10E3B0000BB9FEF773F9636EDE0705D4A3899805E0
:10E3C00002D4A06DFEF792FAB4F90C3043B9636E33
:10E3D000D90702D4A06DFEF78AFA0026304670BD38
:10E3E0002146284600F034F8E36A064633B1E16975
:10E3F000284698470028B8BF4FF0FF36A3891A0671
:10E4000003D521692846FEF7E7FA216B41B104F1F3
:10E410004003994202D02846FEF7DEFA0023236328
:10E42000616C21B12846FEF7D7FA00236364FEF73A
:10E4300029F90023A381636EDB0702D4A06DFEF7E8
:10E4400056FAA06DFEF751FAFEF722F9C6E7000072
:10E450002DE9F0410546B1F90C0006070C4657D4EA
:10E4600040F400638B814B68002B02DCCB6B002BEC
:10E470004CDDA66A002E49D0002310F480522F688C
:10E48000E1692B6034D0226DA389590705D56368F3
:10E49000D21A236B0BB1E36BD21A0023A66AE1698F
:10E4A0002846B047431C06D12A681D2A48D82B4B62
:10E4B0001341DE0744D4B4F90C3023F40062A28186
:10E4C00000226260D9042269226004D5421C01D175
:10E4D0002B6803B92065216B2F60B9B104F14003AB
:10E4E000994202D02846FEF777FA002323630DE015
:10E4F00001232846B0470246501CC5D12B68002B8B
:10E50000C2D01D2B01D0162B1AD12F6000201EE087
:10E510000F69002FFAD083070E6808BF4B690F60A0
:10E5200018BF0023A6EB07088B60B8F1000FEDDDE4
:10E53000E169666A43463A462846B047002808DC47
:10E54000B4F90C3043F04003A3814FF0FF30BDE835
:10E55000F0810744A8EB0008E7E700BFFEFFBFDF3C
:10E5600038B50C46054618B1436B0BB9FEF796F863
:10E57000B4F90C00B8B1636EDB0704D4810502D492
:10E58000A06DFEF7B3F928462146FFF761FF636EE1
:10E59000DA07054605D4A3899B0502D4A06DFEF7D2
:10E5A000A6F9284638BD0546FBE710B501390346F4
:10E5B00032B111F8014F03F8014B013A002CF7D1A9
:10E5C0001A440021934200D110BD03F8011BF9E762
:10E5D00000487047EC06002438B5064D0023044679
:10E5E00008462B60F4F782FB431C02D12B6803B171
:10E5F000236038BD2C0E002438B5074D074C641B32
:10E60000A4101CB9BDE8384002F000BD013C55F82B
:10E6100024309847F5E700BF086601080C6601083A
:10E62000082808B506D0FEF735F9162303604FF029
:10E63000FF3008BD8020FCE770B5002155EC104B81
:10E640000160154925F000428A4206462B4620D833
:10E65000214611431DD01149294061B9104B0022B8
:10E6600020462946F2F718FA0B4621F000426FF0D7
:10E670003501044631603168121523F0FF43A2F2E0
:10E68000FE3223F4E003114443F07F55316045F43A
:10E69000001545EC104B70BDFFFFEF7F0000F07FD1
:10E6A000000050432DE9F047DFF874A00646DAF881
:10E6B000000098460F469146FEF718F9164B1C6865
:10E6C0000CB9164C1C606568DAF800001F2D05DDDA
:10E6D000FEF70DF94FF0FF30BDE8F0879EB104EB77
:10E6E00085010122C1F88890D4F88831AA401343EB
:10E6F000C4F88831022EC1F8088102BFD4F88C31E9
:10E700001343C4F88C316B1C0235636044F82570E8
:10E71000FEF7EDF80020DFE7340E00246C0E002435
:10E72000E80100242DE9F74F03690C69A34207466D
:10E730007EDB013C01F11408A30000F114050093F5
:10E7400005EB8403019358F8243055F82420013355
:10E750009A4208EB8409B2FBF3F62ED34FF0000A7D
:10E76000C446AE46D3465CF8043B98B206FB00A014
:10E77000020C1B0C06FB0323DEF8002080B292B2D1
:10E78000121A5A44DEF800004FEA134A9BB2C3EB58
:10E79000224303EB104392B242EA0342E1454EF8B2
:10E7A000042B4FEA234BDED2009BEB582BB9019B85
:10E7B000043B9D421A462FD33C61384601F014F8C1
:10E7C000002825DB2946002058F8042BD1F800C08A
:10E7D0001FFA82FE1FFA8CF3A3EB0E030344120C04
:10E7E000C2EB234202EB1C429BB243EA0243C14507
:10E7F00041F8043B4FEA2240E6D255F8242005EBCD
:10E80000840322B9043B9D421A460BD33C61013676
:10E81000304603B0BDE8F08F1268043B002ACBD12C
:10E82000013CC6E71268043B002AEFD1013CEAE74D
:10E830000020EEE7000000002DE9F04F99B08DEDCB
:10E84000020B0991816B229E0E9255EC104B834670
:10E85000139349B1C26B4A60012393408B6000F06F
:10E86000BCFD0023CBF838302B1EB9BF23F000438A
:10E87000039300233360039F974BBCBF0122326098
:10E88000BB4314D1139A42F20F731360C7F31303FF
:10E89000234300F04C85239BDFF854A21BB10AF1FF
:10E8A0000303239A1360504619B0BDE8F08F9DED25
:10E8B000027B002251EC170B00238DED0C7BF2F74D
:10E8C00053FB804650B1139A01231360239B13B16D
:10E8D000239A824B1360DFF81CA2E4E79DED0C0B3A
:10E8E00016AA17A9584601F02FF8C7F30A56814611
:10E8F000002E77D00D9BCDF85080C3F31303DDE9D4
:10E900000C0143F07F5343F44013A6F2FF3619463F
:10E910000022734BF1F708FF69A3D3E90023F2F754
:10E92000BBF869A3D3E90023F1F700FF04463046A2
:10E930000D46F2F747F866A3D3E90023F2F7ACF8E7
:10E9400002460B4620462946F1F7F0FE04460D46E6
:10E95000F2F752FB00220746002320462946F2F731
:10E960000DFB40B13846F2F72DF822462B46F2F760
:10E97000FBFA00B9013F162F51D85A4B03EBC703DE
:10E98000D3E90023DDE90C01F2F7F8FA002848D0BA
:10E99000013F00231293169B9B1B5A1E44BFC3F1D9
:10E9A00001080023089254BF4FF000080893002F7D
:10E9B00039DB089B0F973B44089300230A93099B7C
:10E9C000092B65D8052BC4BF043B0993099BA3F110
:10E9D0000203CCBF00240124032B64D8DFE803F03A
:10E9E0002A373556DDE916631E4406F23243202BE2
:10E9F000C1BFC3F140039F4006F2124324FA03F360
:10EA0000D6BFC3F1200347EA030004FA03F0F1F78D
:10EA1000C9FF0122A1F1F873013E149277E70123A7
:10EA2000B8E71290B7E77B420A930023A8EB0708E8
:10EA30000F93C4E700230B930E9B002B36DC0123BE
:10EA4000009307931A460E920BE00123F3E700238D
:10EA50000B930E9BFB1800930133012B0793B8BF58
:10EA600001230021042202F11400984222D9CBF89C
:10EA70003C10584600F08CFC824600283CD11A4BD2
:10EA8000024640F2AF11194801F054F80123DFE7C4
:10EA90000124002309930B944FF0FF330093079355
:10EAA00000221223CFE701230B93F5E70E9B00937F
:10EAB0000793D6E701315200D5E700BFAFF30080DE
:10EAC00061436F63A787D23FB3C8608B288AC63F74
:10EAD000FB799F501344D33F0000F07FA3620108ED
:10EAE0000000F83FC8630108D1620108E262010832
:10EAF000CD620108A2620108079BCBF838000E2BFB
:10EB000000F2A480002C00F0A180002F33DDAE4B7A
:10EB100007F00F0203EBC20393ED007BF8058DEDC8
:10EB2000047B4FEA271416D5A84BDDE90C01D3E985
:10EB30000823F2F7DBF8CDE9020104F00F04032605
:10EB4000A24D54B9DDE90423DDE90201F2F7CEF864
:10EB5000CDE9020128E00226F2E7E10708D5DDE968
:10EB60000401D5E90023F1F797FFCDE9040101364F
:10EB700064100835E5E700F0D2807C42924B934D5B
:10EB800004F00F0203EBC203D3E90023DDE90C011B
:10EB9000F1F782FFCDE90201241100230226002CA7
:10EBA00040F0B280002BD3D1129BDDE90245002B4F
:10EBB00000F0B780864B002220462946F2F7DEF9A6
:10EBC000002800F0AE80079B002B00F0AA80009B7D
:10EBD000002B37DD7B1E049320467E4B0022294606
:10EBE000F1F75AFFCDE90201009C01363046F1F7FA
:10EBF000E9FEDDE90223F1F74FFF774B0022F1F741
:10EC000095FD0546A1F15076002C40F08D80DDE9A0
:10EC10000201724B0022F1F787FD02460B46CDE957
:10EC200002232A463346F2F7C7F9002840F08C82C7
:10EC3000DDE902012A4606F10043F2F79FF90028B8
:10EC400040F02981DDE90C34CDE90234179B002B1B
:10EC5000C0F25B810E2F00F358815B4B03EBC703BF
:10EC600093ED007B0E9B002B8DED007B03DA079B61
:10EC7000002B40F30281DDE902455646DDE9002321
:10EC800020462946F2F732F8F2F7B6F98046F1F756
:10EC900099FEDDE90023F1F7FFFE02460B46204610
:10ECA000294608F13004F1F73FFD06F8014B079DB6
:10ECB000A6EB0A04A54202460B4640F01881F1F784
:10ECC00035FDDDE9002304460D46F2F775F900280D
:10ECD00040F0FA80DDE9002320462946F2F744F9A6
:10ECE00018B118F0010F40F0EF804946584600F087
:10ECF00074FB00233370139B01371F60239B002B91
:10ED00003FF4D1AD1E60CEE5E20705D5D5E900237D
:10ED1000F1F7C2FE01360123641008353FE70226F1
:10ED200042E7079C049761E7274B0B9903EBC40369
:10ED300053E902235444002954D029490020F1F713
:10ED4000D5FF33462A46F1F7EFFCCDE910015646D0
:10ED5000DDE90201F2F750F90546F1F733FE02460C
:10ED60000B46DDE90201F1F7DFFC303502460B46C8
:10ED7000CDE9022306F8015BDDE91023F2F7FEF886
:10ED8000002872D1DDE9022311490020F1F7CCFC03
:10ED9000DDE91023F2F7F2F8002840F09680A64251
:10EDA0003FF450AFDDE910010A4B0022F1F774FE89
:10EDB000084BCDE910010022DDE90201F1F76CFEFC
:10EDC000CDE90201C4E700BFC8630108A0630108E0
:10EDD0000000F03F0000244000001C4000001440F0
:10EDE0000000E03F31462846F1F756FECDE910011C
:10EDF00015945646DDE90201F2F7FEF80546F1F7F3
:10EE0000E1FD02460B46DDE90201F1F78DFC3035EC
:10EE100006F8015B02460B46A642CDE902234FF0FD
:10EE2000000224D1AC4BDDE91001F1F77FFC024672
:10EE30000B46DDE90201F2F7BFF8002845D1DDE914
:10EE40001023A5490020F1F76FFC02460B46DDE9CF
:10EE50000201F2F793F800283FF4F4AE159E731EFA
:10EE6000159316F8013C302BF8D0049F3DE79B4BDF
:10EE7000F1F712FECDE90201BCE70CD1984B00225C
:10EE8000DDE90001F1F708FEDDE90223F2F78AF877
:10EE9000002800F05781002425460E9BDB43049395
:10EEA000564600272146584600F097FA002DDCD040
:10EEB0002FB1AF4203D03946584600F08EFA2946AA
:10EEC000584600F08AFAD0E7049733461E4613F8F6
:10EED000012D392A07D19A45F8D1049A01320492BA
:10EEE00030228AF800201A7801321A70BDE77B4B75
:10EEF0000022F1F7D1FD0022002304460D46F2F76F
:10EF000033F800283FF4BAAEEFE60B9A002A00F07F
:10EF1000DB80099A012A00F3BF80149A002A00F0CE
:10EF2000B78003F233430A9C4646089A01211A44EB
:10EF300058469844089200F0EBFA05465EB1089BEB
:10EF4000002B08DDB342089AA8BF3346A8EB03089C
:10EF5000F61AD31A08930A9BF3B10B9B002B00F00F
:10EF6000B7808CB129462246584600F091FB4A46AC
:10EF700001460546584600F0E1FA494604905846D5
:10EF800000F02BFA049B99460A9B1A1B04D04946B1
:10EF9000584600F07DFB81460121584600F0B8FA42
:10EFA0000F9B0446002B00F0CC811A4601465846C0
:10EFB00000F06EFB099B012B044600F39580029B39
:10EFC000002B40F08780039BC3F31303002B40F01A
:10EFD0008980039B23F000431B0D1B052BB1089B6D
:10EFE0000133089308F1010801230A930F9B002BBA
:10EFF00000F0AD81236904EB8303186900F03CFA4B
:10F00000C0F12000089B184410F01F0077D0C0F119
:10F010002003042B6BDD089BC0F11C0003448044DB
:10F0200006440893B8F1000F05DD494642465846AC
:10F0300000F06EFB8146089B002B05DD21461A4639
:10F04000584600F065FB0446129B002B59D0214620
:10F05000484600F0C9FB002853DA7B1E049349465A
:10F0600000230A22584600F0C1F90B9B8146002B71
:10F0700000F06F81002329460A22584600F0B6F9B5
:10F08000009B002B054667DC099B022B41DC63E0FB
:10F09000169BC3F1360346E7079B5C1E0A9BA342FF
:10F0A000BFBF0A9B0F9A0A94E31AB4BFD2181C1B65
:10F0B000079BBCBF0F920024002BB5BFA8EB030633
:10F0C000079B0023464630E70A9C0B9D464635E7E2
:10F0D0000A9A5CE7002388E70000E03F0000244034
:10F0E00000001440029B80E700230A9382E799D036
:10F0F000089A1C331A4498441E44089292E7034627
:10F10000F6E7079B0497002B20DC0093099B022B5A
:10F110001EDD009B002B7FF4C0AE21460522584621
:10F1200000F064F901460446484600F05DFB002803
:10F130007FF7B3AE5646312306F8013B049B0133FB
:10F140000493AEE6079C04972546F3E7079B0093DC
:10F150000B9B002B00F00181002E05DD2946324675
:10F16000584600F0D5FA05460A9B002B59D069682D
:10F17000584600F00DF9064620B9834B024640F28E
:10F18000EF2180E42A690232920005F10C010C3073
:10F19000FDF7AEFB01223146584600F0B9FA0AF1FC
:10F1A00001030793009B53440B93029B03F001035D
:10F1B0002F460A930546079B2146013B484600938C
:10F1C000FFF7B0FA3946029000F13008484600F0E7
:10F1D0000BFB2A4608902146584600F021FBC268E6
:10F1E000064602BB0146484600F0FEFA024631469A
:10F1F00058460E9200F0F1F8099B0E9A079E43EADA
:10F2000002010A9B194310D1B8F1390F29D0089B8C
:10F21000002B02DD029B03F13108009B83F8008084
:10F2200040E62846BBE70122E1E7089B002B04DB10
:10F2300009990B430A990B4320D1002AEDDD494679
:10F240000122584600F064FA2146814600F0CCFACB
:10F25000002803DCE1D118F0010FDED0B8F1390F3E
:10F26000D8D1009A3923137033461E46013B16F855
:10F27000012C392A52D001321A7013E6002A07DD18
:10F28000B8F1390FEDD0009A08F10103137009E6C7
:10F29000079B079A03F8018C0B9B934228D04946A1
:10F2A00000230A22584600F0A1F8AF4281464FF0F1
:10F2B00000034FF00A023946584607D100F096F88D
:10F2C00007460546079B0133079374E700F08EF865
:10F2D0002946074600230A22584600F087F80546CB
:10F2E000F0E7009B002BCCBF1E46012656440027AA
:10F2F00049460122584600F00BFA2146814600F0AB
:10F3000073FA0028B0DC02D118F0010FACD13346FB
:10F310001E4613F8012D302AFAD0C3E59A45A4D130
:10F32000049B0133049331238AF80030BAE5239B10
:10F33000DFF858A0002B3FF4B6AA0AF10803FFF744
:10F34000B0BA099B012B7FF73AAE0F9B0A930120BD
:10F3500058E6009B002B7FF7D9AE5646214648461B
:10F36000FFF7E0F900F1300806F8018B009BA6EBEF
:10F370000A029342B5DD494600230A22584600F0AE
:10F3800035F88146EAE700BFD1620108C46201088E
:10F39000436C70B505460C467BB16B6C53F824008A
:10F3A000A0B9012101FA04F6721D9200284600F06E
:10F3B000DFFB48B1C0E901460BE02122042100F047
:10F3C000D7FB68640028E8D1002070BD026843F8CC
:10F3D00024200023C0E90333F7E731B1436C4A68C6
:10F3E00053F82200086043F8221070472DE9F041DD
:10F3F0000D6907460C461E4601F1140C0020DCF88E
:10F40000003099B202FB01611E0C0B0C02FB0633AB
:10F4100089B2013001EB034185424CF8041B4FEAED
:10F420001346ECDC0EB3A368AB4219DC61683846C6
:10F430000131FFF7ADFF804628B902460C4B0D485D
:10F44000BA2100F077FB2269023204F10C0192002C
:10F450000C30FDF74DFA21463846FFF7BEFF444613
:10F4600004EB850301355E6125612046BDE8F0812E
:10F47000D16201083A630108B0F5803F034636BF08
:10F48000030400201020B3F1807F3CBF1B02083032
:10F49000B3F1805F3CBF1B010430B3F1804F3CBF30
:10F4A0009B000230002B05DB13F0804F00F10100C0
:10F4B00008BF202070470368024613F007000BD0F6
:10F4C000D90721D4980749BF5B089B080120136026
:10F4D0005CBF13600220704799B209B91B0C102061
:10F4E000D9B209B908301B0A190704BF1B09043037
:10F4F000990704BF9B080230D90703D45B0800F1C9
:10F50000010003D01360704700207047202070472F
:10F5100010B50C460121FFF73BFF024628B9054B09
:10F52000054840F2451100F005FB012344610361E9
:10F5300010BD00BFD16201083A6301082DE9F04F08
:10F5400014460A6923699A42A8BF23460F46A4BFFE
:10F550000C461F46D4F810A0D7F81090A368616835
:10F560000AEB0906B34285B0B8BF0131FFF710FFBF
:10F5700030B90246444B45484FF4B17100F0DAFA15
:10F5800000F1140505EB86082B460022434521D3E4
:10F5900007F1140104F1140202EB8A0201EB890362
:10F5A0000293131B153B23F00303043304F11507E7
:10F5B000BA4238BF04230193029B03918B420CD8BB
:10F5C000002E03DD58F8043D002B5BD0066105B02A
:10F5D000BDE8F08F43F8042BD8E7B1F800A0BAF1EA
:10F5E000000F24D004F1140EA9464FF0000C5EF871
:10F5F000047BD9F800301FFA87FB9BB20AFB0B3360
:10F600004FEA174BD9F8007063444FEA174C0AFBD6
:10F610000BC707EB13479BB243EA0743724549F810
:10F62000043B4FEA174CE2D8019B45F803C0039B0B
:10F63000B3F802900431B9F1000F21D02B6804F126
:10F64000140CAE464FF0000ABCF800B0BEF80270D1
:10F6500009FB0B7757449BB243EA07434EF8043B40
:10F660005CF8043B4FEA134ABEF8003009FB0A334A
:10F6700003EB174362454FEA134AE5D8019FEB516C
:10F68000043599E7013E9BE7D16201083A6301081E
:10F690002DE9F843154612F0030207460E4607D03F
:10F6A0001A4C013A002354F82220FFF79FFE064629
:10F6B000AD1027D03C6C44B940F271213846FFF7B9
:10F6C00027FF00233864044603604FF00009EB076E
:10F6D0000AD5314622463846FFF730FF314680468C
:10F6E0003846FFF77AFE46466D100BD0206838B9D1
:10F6F000224621463846FFF721FF2060C0F80090DF
:10F700000446E4E73046BDE8F88300BF946301088F
:10F710002DE9F0470C464968236903EB6218A3689A
:10F72000074691464FEA621A08F10106B3420BDB25
:10F730003846FFF72DFE054648B90246284B2948B2
:10F740004FF4EF7100F0F6F901315B00EEE70023B2
:10F7500000F1140100F110021846534533DB206913
:10F760002AEAEA7A04F1140319F01F0901EB8A016D
:10F7700003EB800C2BD0C9F1200E8A4600221868BA
:10F7800000FA09F010434AF8040B53F8042B9C4587
:10F7900022FA0EF2F3D8ACEB0403153B23F003037B
:10F7A000043304F11500844538BF0423CA500AB15C
:10F7B00008F10206013E38462E612146FFF70DFE94
:10F7C0002846BDE8F08742F8040F0133C5E7043945
:10F7D00053F8042B41F8042F9C45F9D8EAE700BF01
:10F7E000D16201083A6301080A6903460069801A78
:10F7F00030B50ED11433143103EB820401EB8201D6
:10F8000054F8045D51F8042D954203D005D24FF011
:10F81000FF3030BDA342F3D3FBE70120F9E700003E
:10F820002DE9F74F89460646114648461446FFF72C
:10F83000DBFF051E12D129463046FFF7A9FD02461F
:10F8400028B93F4B40F237213E4800F073F90123BD
:10F85000C0E90435104603B0BDE8F08FBCBF4B468D
:10F86000A1463046D9F80410BABF1C460125002530
:10F87000FFF78EFD024618B9314B40F24521E3E710
:10F88000D9F810702669C56009F1100309F1140553
:10F8900004F1140E00F1140B05EB87080EEB86063D
:10F8A0000193D9464FF0000C019B5EF8040B53F80E
:10F8B00004AF01931FFA8AF3194683B2CB1A000CE6
:10F8C0006344C0EB1A4000EB23409BB243EA004381
:10F8D000764549F8043B4FEA204CE5D8331B153BED
:10F8E00023F0030315340433A64238BF04231D4418
:10F8F0005B441E462C4644450ED308F10301491BC8
:10F9000021F00301033DA84538BF00210B4453F803
:10F91000041D91B117619DE754F8041BE646080CDD
:10F920001CFA81FC714400EB2C4089B241EA004191
:10F9300046F8041B4FEA204CDDE7013FE7E700BF34
:10F94000D16201083A6301082DE9F7430F4601210E
:10F9500059EC108B1646FFF71BFD044630B90246E2
:10F96000234B244840F20F3100F0E4F8C9F30A5564
:10F97000C9F313030DB143F480130193B8F10003ED
:10F9800023D068460093FFF796FDDDE90012D0B161
:10F99000C0F1200302FA03F30B43C24063610192FA
:10F9A000019BA361002B0CBF012202222261A5B1A1
:10F9B000A5F2334505443D60C0F135003060204676
:10F9C00003B0BDE8F0836161EAE701A8FFF773FDCA
:10F9D000019B636120300122E8E704EB8203A0F27F
:10F9E000324038601869FFF747FDC0EB4210E5E789
:10F9F000D16201083A6301082DE9F74F9368D2F804
:10FA000000B001900C461746002B57D10020002370
:10FA10007B6003B0BDE8F08FDBE900A80BF1080BB9
:10FA2000A6682068B8F1000FF6D0B0452ED3B4F91F
:10FA30000C2012F4906F29D021696569A0EB0109AF
:10FA400005EB450505EBD57509F101006D10404446
:10FA5000854238BF0546530534D501982946FDF740
:10FA60007BF80646002838D04A462169FCF740FF5B
:10FA7000A28922F4906242F08002A281266165612F
:10FA80004E44A5EB09052660A5604646464528BFBD
:10FA9000464632465146206800F02BF8A268921B79
:10FAA000A260226832442260BA68A2EB0803C24412
:10FAB000BB60002BAAD04FF00008B1E74FF0000A5E
:10FAC000D046ADE701982A4600F09AF8064600288D
:10FAD000D4D121690198FCF77FFF019A0C231360B0
:10FAE000A38943F04003A3810023BB604FF0FF30A4
:10FAF0008DE7884210B501EB020402D98442234607
:10FB000007D8431EA14208D011F8012B03F8012F9A
:10FB1000F8E7024401468A4200D110BD13F8014DB6
:10FB200002F8014DF7E70000014B93F828017047F8
:10FB3000FC0500241FB514461A46094B1B680546F0
:10FB4000D86854B9074B1C46CDE9013400912B46C7
:10FB5000054900F00BFA01F021F9044BF4E700BF6E
:10FB6000C4000024D5640108A76401089A64010850
:10FB700038B5A1FB021535B9FCF7EEFF044638B9DC
:10FB80000024204638BDFCF785FE0C230360F7E710
:10FB900050F8042C22F00302043A242A19D8132A1C
:10FBA00015D91B2AC0E9005506D800F10803002228
:10FBB000C3E900229A60E4E7242AC0E9025511BF94
:10FBC00000F11003056100F118034561EFE70346FA
:10FBD000EDE72946FCF70FFED3E782B001B901A992
:10FBE00042B14BB113780B601278101E18BF012080
:10FBF00002B070471046FBE76FF00100F8E7000025
:10FC00002DE9F74F824693460C4629B9114603B0B9
:10FC1000BDE8F04FFCF7A0BFFDF7D8F90BF10B08DA
:10FC200054F8045CB8F1160FA4F1080925F0030696
:10FC300008D938F0070807D50C23CAF800304FF070
:10FC4000000B32E04FF01008C345F5D8464580F26E
:10FC500074819E4BD3F808C009EB06018C454868B7
:10FC600005D020F001020A445268D70749D420F099
:10FC700003008C4506EB00071BD108F11002BA42C5
:10FC800041DC09EB0802A7EB080747F001079A607F
:10FC9000576054F8043C03F0010343EA080344F8B6
:10FCA000043C5046FDF798F9A346584603B0BDE81A
:10FCB000F08FB84527DCD1E90223D3609A60D9F8E8
:10FCC0000430A7EB08000F2803F0010309EB07023B
:10FCD00040F2358109EB080148EA030340F00100D6
:10FCE000C9F804304860536843F001035360083199
:10FCF0005046FCF771FE5046FDF76EF909F1080B0E
:10FD0000D3E700200146EA0700F1C78054F8085CF9
:10FD1000A9EB05056A6822F003023244019200292A
:10FD200000F086808C4500EB020749D108F11002F3
:10FD3000BA427DDCAB46EA685BF8081FCA60916096
:10FD4000321F242A36D8132A32D92168A960616863
:10FD5000E9601B2A1AD8083405F1100221681160E5
:10FD600061685160A168916005EB0802A7EB080784
:10FD700047F001079A6057606B6803F0010343EA9C
:10FD800008036B605046FDF727F98EE7A1682961EB
:10FD9000E1686961242A01BF2269AA616169E96198
:10FDA00019BF103405F1180205F120021834D5E707
:10FDB0005A46D3E721465846FFF79BFE434BD3E70D
:10FDC000B84535DCD1E902232846D3609A6050F863
:10FDD000082FEB68D3609A60321F242A24D8132A94
:10FDE00008D92368AB606368EB601B2A0AD8083423
:10FDF00005F110002368036063684360A3688360B3
:10FE0000A9465CE7A3682B61E3686B61242A01BF04
:10FE10002369AB616369EB6119BF103405F1180008
:10FE200005F120001834E5E72146FFF762FEE7E719
:10FE3000019B984531DC2846EB6850F8082FD360C9
:10FE40009A60321F242A24D8132A08D92368AB6069
:10FE50006368EB601B2A0AD8083405F11000236898
:10FE6000036063684360A3688360019FC8E7A36879
:10FE70002B61E3686B61242A01BF2369AB6163696D
:10FE8000EB6119BF103405F1180005F1200018349A
:10FE9000E5E72146FFF72DFEE7E759465046FCF718
:10FEA0005BFE834618B95046FDF796F8C7E654F84E
:10FEB000043C23F001034B44A0F10802934207D114
:10FEC00050F8047C27F003073744F8E6F4010024D7
:10FED000321F242A2DD8132A28D923680360636887
:10FEE00043601B2A0ED804F1080200F108031168D0
:10FEF00019605168596092689A6021465046FCF733
:10FF00006BFD3FE7A3688360E368C360242A01BFF9
:10FF1000236903616169416119BF04F1100200F1B5
:10FF2000100304F1180200F11803E0E7034622462B
:10FF3000DDE72146FFF7DDFDDFE73746BFE61F437C
:10FF4000C9F80470536843F001035360D3E600BF5F
:10FF50000346084641B1FF2A04D98A221A604FF0AD
:10FF6000FF3070470A700120704700000EB403B5DF
:10FF7000014603AB054853F8042B0068019300F0D9
:10FF800039F802B05DF804EB03B07047C4000024F8
:10FF90002DE9F84F936880460E46144643B34B6EE6
:10FFA0009D0422D51568A068083528B90023A360F0
:10FFB00000236360BDE8F88F55E902B74FF00009F0
:10FFC0004FEA970ACA4505DCA36827F00307DB1B45
:10FFD000A360E8E75BF829103246404600F0B5FE22
:10FFE000431CE3D009F10109ECE700F0CBFCDDE7AD
:10FFF0001846DDE72DE9F04FBBB00F4693461C468F
:020000040801F1
:100000001D46009018B1436B0BB9FCF747FB7B6EA4
:10001000DB0705D4BB899E0502D4B86DFCF766FCEE
:10002000B7F90C30980406D443F40053BB817B6EBF
:1000300023F400537B66BB89190701D53B69ABB933
:100040000098394600F0EAFD80B17B6EDA0706D5EC
:100050004FF0FF33039303983BB0BDE8F08FBB89AB
:100060009B05F5D4B86DFCF742FCF1E7B7F90C300D
:1000700003F01A020A2A14D1B7F90E20002A10DB65
:100080007A6ED60704D49D0502D4B86DFCF72FFC18
:10009000009823465A4639463BB0BDE8F04F00F081
:1000A00031BC0023CDE90F33CDE9053311AE0E96F7
:1000B0000793099303935B461C4613F8012B0AB17F
:1000C000252AF9D1B4EB0B080DD0109B43441093B3
:1000D0000F9B0133072BC6E900B80F9375DC083678
:1000E000039B434403932378002B00F0CD8300232C
:1000F0004FF0FF32CDE9012301348DF833309A46B9
:10010000A3461BF8013BA3F120025A2A00F21683F2
:10011000DFE812F09A0014031403A200140314037E
:100120001403820014031403A500AF001403AC00F1
:10013000B1001403CD00D000D000D000D000D0001A
:10014000D000D000D000D000140314031403140313
:1001500014031403140314031403F7000401140319
:1001600014031403140314031403140314031403D7
:10017000140352011403140314039A0114037A02A2
:10018000140314039A021403140314031403140332
:1001900014031403140314031403F70006011403D7
:1001A00014031403E0000601F1001403EB00140330
:1001B000320154018901F10014039A0198007C0274
:1001C0001403140365001403980000980EAA39461E
:1001D000FFF7DEFE002840F0368311AE80E7994A33
:1001E00005921AF0200200F03182073525F007054C
:1001F000A8466D6858F8084B1AF0010F09D054EA68
:1002000005021FBF30228DF834208DF835304AF0BA
:10021000020A2AF4806A12E10098FEF7D9F94368CD
:1002200009931846F0F774FA07900098FEF7D0F992
:1002300083680693079B2BB1069B1BB11B780BB100
:100240004AF4806A5C465BE79DF83330002BF9D1B5
:1002500020238DF83330F5E74AF0010AF2E755F82C
:10026000043B0293002BEDDA5B4202934AF0040A4E
:10027000E8E72B23EDE75A4612F8013B2A2B12D16F
:1002800055F8043B43EAE37301939346DAE7019B95
:1002900000FB0313019312F8013BA3F1300109297C
:1002A000F5D993462FE7002101910A20F5E74AF09E
:1002B000800AC7E700215A4602910A200299303B82
:1002C00000FB0133029312F8013BA3F1300109292D
:1002D000F4D9E6E79BF80030682B06BF0BF1010B61
:1002E0004AF4007A4AF0400AACE79BF800306C2BE5
:1002F00004D10BF1010B4AF0200AA3E74AF0100ADF
:10030000A0E7A846002458F8043B8DF884308DF807
:100310003340012301930DF18409ABE04AF0100A48
:100320001AF0200F11D0073525F00705A8466D6893
:1003300058F8084B002D06DA64424FF02D0365EBA8
:1003400045058DF83330012348E0A8461AF0100F18
:1003500058F8045B02D02C46ED17EBE71AF0400F7B
:1003600003D02CB245F3C035E4E71AF4007FF2D095
:100370006CB245F3C015DDE71AF0200F07D0039AE1
:100380002B680399D217C3E90012043593E61AF0DB
:10039000100F03D02B68039A1A60F6E71AF0400F8B
:1003A00003D02B68039A1A80EFE71AF4007FF1D08C
:1003B0002B68039A1A70E8E74AF0100A1AF0200333
:1003C0001FD0073525F00705A8466D6858F8084B7B
:1003D0002AF4806A002300228DF83320019A01322A
:1003E00000F05F822AF08002049254EA050240F095
:1003F0005E82019A002A00F09881012B40F05A8217
:100400003BE1A8461AF0100558F8044B01D01D46F0
:10041000DEE71AF0400301D0A4B2D9E71AF4007560
:10042000D6D0E4B2F3E7A84647F63003ADF834304F
:1004300058F8044B034B059300254AF0020A0223A7
:10044000C9E700BF80620108019BA8465C1C4FF011
:10045000000558F8049B8DF8335000F0D0801A4600
:1004600029464846F0F704F9044618B1A0EB090301
:1004700001932C46019BA342B8BF234604939DF8E9
:10048000333013B1049B013304931AF00203089331
:100490001EBF049B023304931AF084030A931FD1F6
:1004A000029B049A9D1A002D1ADDA94B3360DDE9E9
:1004B0000F2C102D02F1010206F1080000F34E810D
:1004C0007560072A6544CDE90F2540F35A810098ED
:1004D0000EAA3946FFF75CFD002840F0B48111AE4A
:1004E0009DF83310DDE90F3261B10DF133010133B5
:1004F000316001210A44072BCDE90F32716000F30E
:10050000428108360899DDE90F3259B10DA901334E
:10051000316002210A44072BCDE90F32716000F3EC
:100520003B8108360A9B802B1FD1029B049A9D1A9F
:10053000002D1ADD874B3360DDE90F2C102D02F101
:10054000010206F1080000F330817560072A654456
:10055000CDE90F2540F33C8100980EAA3946FFF7FC
:1005600017FD002840F06F8111AE019BE41A002CAA
:100570001ADDDDE90F3277483060102C03F10103FA
:1005800006F1080100F326817460072B1444CDE9BD
:100590000F3440F3308100980EAA3946FFF7F8FC7B
:1005A000002840F0508111AE019B019A7360109BAE
:1005B000C6F80090134410930F9B0133072B0F9341
:1005C00000F31B8106F108031AF0040F40F01D81AF
:1005D000DDE9022304998A42ACBF9B185B180393A0
:1005E000109B3BB100980EAA3946FFF7D1FC0028BA
:1005F00040F0298100230F93454611AE5BE5484644
:10060000F0F786F8019034E74AF0100A1AF0200358
:1006100008D0073525F00705A8466D6858F8084B3F
:100620000123D8E6A8461AF0100558F8044B01D06B
:100630001D46F5E71AF0400301D0A4B2F0E71AF422
:100640000075EDD0E4B2F3E7434AC9E5A8461AF0D5
:10065000100558F8044B01D01546CDE51AF04002BC
:1006600001D0A4B2C8E51AF400753FF4C5ADE4B2F8
:10067000F2E70A2C75F1000306D23034E4B28DF8AB
:10068000E7400DF1E70931E13AAB0893049B03F42D
:1006900080634FF0000A0A930A220023204629466D
:1006A000EFF76EFE0B4608990B90303201F8012CE3
:1006B0000A9A01F1FF390AF1010AE2B1069A1278A9
:1006C000524518D1BAF1FF0F15D00A2C75F100026E
:1006D00011D30893079B0999A9EB03091A464846C9
:1006E000FDF763FF069B5A78089B72B1069A0132A8
:1006F00006924FF0000A0A2C75F10005C0F0F68052
:100700000B9CCDF820901D46C6E79246F3E704F017
:100710000F03059A2409D35C09F8013D44EA0574E6
:100720002D0954EA0503F2D1E0E023B91AF0010FD4
:1007300001D03024A3E70DF1E809D7E0002B00F049
:10074000A38000248DF884308DF83340A846E0E57E
:10075000E7650108D7650108916201081021716001
:10076000072A6144CDE90F2108DD00980EAA394619
:10077000FFF70EFC002866D1604B11A8103D06461D
:1007800094E60646ACE600980EAA3946FFF700FC50
:10079000002858D111AEB5E600980EAA3946FFF7E9
:1007A000F7FB00284FD111AEBCE610217160072A7B
:1007B0006144CDE90F2108DD00980EAA3946FFF704
:1007C000E7FB00283FD14E4B11A8103D0646B2E68C
:1007D0000646CAE610200244072BCDE90F327060AE
:1007E00006DD00980EAA3946FFF7D2FB58BB11A9C7
:1007F000103C0E46BDE60E46D6E600980EAA3946D7
:10080000FFF7C6FBF8B911ABDEE6029A0499541A59
:10081000002C7FF7DDAE394D1026DDE90F21102CBD
:1008200002F101021D601DDC5C60072A0C44CDE969
:100830000F247FF7CDAE00980EAA3946FFF7A8FB2C
:1008400000283FF4C5AE7B6ED90705D4BB899A0555
:1008500002D4B86DFCF74BF8BB895B067FF5FBABA8
:10086000FFF7F6BB1031072ACDE90F215E6002DCED
:100870000833103CD1E700980EAA3946FFF788FBF1
:100880000028E0D111ABF4E7109B13B900230F93BC
:10089000D9E700980EAA3946FFF77AFB0028F5D071
:1008A000D1E754EA0502CDF810A03FF4A6AD012B24
:1008B0003FF4DFAE022B0DF1E8093FF428AF04F05E
:1008C0000703E40844EA4574ED08303354EA0501AF
:1008D0004A4609F8013DF2D10499C80706D5302BE4
:1008E00004D0302309F8013CA2F102093AABA3EB92
:1008F0000903019CDDF810A00193BBE5E765010841
:10090000D7650108F0B51F468B89ADF26C4D23F019
:100910000203ADF80C304B6E1993CB89ADF80E3055
:10092000CB6907934B6A09931AAB009304934FF476
:100930008063154606460293059316A800230C46CD
:100940000693FBF7D1FF2A463B4669463046FFF740
:1009500051FB051E07DB69463046FDF701FE002806
:1009600018BF4FF0FF35BDF80C3016985B0642BF3C
:10097000A38943F04003A381FBF7B7FF28460DF29C
:100980006C4DF0BD93682DE9F74F06460C46914635
:100990001BB9002003B0BDE8F08F8B89180750D534
:1009A0000B69002B4DD0B4F90C30D9F8008013F04E
:1009B00002076BD113F0010300F09C803846BA4661
:1009C000BB46BBF1000F00F0038150B95A460A2123
:1009D0005046EFF74DFE002800F000810130A0EBFB
:1009E0000A0720682169A56863695F453A4628BF00
:1009F0005A46884240F2F5801D44AA4240F3F180F5
:100A000051462A46FFF775F823682B442360214698
:100A10003046FDF7A5FD002867D17F1B40F0F98027
:100A200021463046FDF79CFD00285ED1D9F80830FC
:100A30005B1BAA44ABEB050BC9F80830002BC0D1F7
:100A4000A7E72146304600F0E9F80028ABD04FF088
:100A5000FF309FE7D8E900A508F10808D4F824B0D2
:100A6000E169002DF6D0BD422B46524628BF3B46D9
:100A70003046D847002838DDD9F808301B1A8244A0
:100A80002D1AC9F80830002BE8D182E74FF0000A90
:100A9000614F5546E2E7D8E9007A08F10808B4F951
:100AA0000C302068A268BAF1000FF4D0990563D524
:100AB000524536D813F4906F33D021696569A0EBA5
:100AC000010B05EB450505EBD5750BF101026D102A
:100AD0005244954238BF15465B053DD52946304600
:100AE000FCF73AF848B90C233360A38943F040037C
:100AF000A381ACE71F469A46D1E75A462169019087
:100B0000FBF7F6FEA289019B22F4906242F080027C
:100B1000A281236165615B44A5EB0B05236052460E
:100B2000A560524528BF5246206801923946FEF71B
:100B3000E0FFA368019A9B1AA360236813445546FB
:100B40002360D9F808305B1B2F44AAEB050AC9F8CB
:100B50000830002BA3D11CE72A463046FFF750F897
:100B600003460028D5D121693046FBF735FFA3891C
:100B700023F08003A381B6E72369834202D361692E
:100B8000514515D9524528BF524639461546FEF7FC
:100B9000B0FFA36822685B1B2A44A3602260002B7D
:100BA000CFD121463046FDF7DBFC0028C9D09CE7B9
:100BB0006FF00043534528BF5346656A93FBF1F33A
:100BC0003A464B433046E169A847051EB9DC8CE73D
:100BD000D8E900AB002008F10808F2E60BF10107A4
:100BE000FFE6934208DC656AE16952463046A84751
:100BF000051E3FF712AF78E751460192FEF779FFE5
:100C0000019AA3689B1AA3602368134423601546C6
:100C100003E701200AE700BF00FCFF7F38B5294B3E
:100C2000054618680C4618B1436B0BB9FBF736FD47
:100C3000B4F90C30190722D4DA0607D409222A6045
:100C400043F04003A3814FF0FF3033E0580712D543
:100C5000216B41B104F14003994202D02846FBF7D1
:100C6000BBFE00232363A38923F02403A381002375
:100C7000636023692360A38943F00803A381236988
:100C80004BB9A38903F42073B3F5007F03D0214649
:100C9000284600F0C9F8B4F90C3013F001020AD06C
:100CA0000022A26062695242A261226942B913F035
:100CB0008000C5D138BD990758BF6269A260F4E7CA
:100CC0000020F7E7C40000242DE9F74380460F46D3
:100CD0001446FEF729FF012805461BD17B1EFE2B7B
:100CE00018D88DF8047000260DF10409AE4221D009
:100CF000A36816F80910013B002BA36004DAA2696F
:100D000093421BDB0A2919D023685A1C22601970F0
:100D10000136EBE704F15C033A4601A9404600F0D6
:100D200045F8431C0546DED1A38943F04003A38167
:100D30004FF0FF37384603B0BDE8F0832246404607
:100D400000F0AEF80130E3D1F2E7536EDB0770B587
:100D500005460E46144605D49389980502D4906D35
:100D6000FBF7C4FDB4F90C30990406D443F40053E6
:100D7000A381636E43F400536366224628463146DE
:100D8000FFF7A2FF636EDA07054605D4A3899B052A
:100D900002D4A06DFBF7ABFD284670BD08B5062058
:100DA00000F0F0F80120F1F771FF0000F0B5094CF8
:100DB00085B0D4F8E07005461E4609B90A4601A977
:100DC000B847431C01BF002333608A232B6005B062
:100DD000F0BD00BFFC05002470B50C46B1F90E1043
:100DE000002996B015461E4607DAA18911F0800148
:100DF00017D14FF4806308460FE06A4600F0CAF846
:100E00000028F2DB019901F47041A1F50053594229
:100E100059414FF400604FF4806331602B6016B08D
:100E200070BD00214023E6E78B89F7B59D07064694
:100E30000C4607D504F1430323602361012363615A
:100E400003B0F0BD01AB6A46FFF7C6FF009F054641
:100E500039463046FBF780FE48B9B4F90C309A05A4
:100E6000EED423F0030343F00203A381E2E7A38956
:100E7000206043F08003A381019BC4E904075BB1B8
:100E8000B4F90E10304600F097F828B1A38923F08A
:100E9000030343F00103A381A3891D43A581CFE789
:100EA000F8B50E461446054618B1436B0BB9FBF76F
:100EB000F5FBA369A360A389190701D5236943B989
:100EC00021462846FFF7AAFE18B14FF0FF373846F3
:100ED000F8BDB4F90C30F6B29A04374606D443F4A0
:100EE0000053A381636E23F4005363662368226971
:100EF000981A6369834205DC21462846FDF730FBDA
:100F00000028E2D1A368013BA36023685A1C226039
:100F10001E706269431C9A4204D0A389DB07D6D5B0
:100F20000A2ED4D121462846FDF71AFB0028CED040
:100F3000CBE71F2938B505460C4604D916230360B4
:100F40004FF0FF3038BDD0F8182112B152F82130DF
:100F50004BB9284600F052F8224601462846BDE823
:100F6000384000F039B8012B0AD0591C03D11623A0
:100F700003600120E6E7002142F82410204698474C
:100F80000020DFE7024B01461868FFF7D2BF00BF21
:100F9000C400002438B5074D002304460846114616
:100FA0002B60F1F79AFE431C02D12B6803B123603A
:100FB00038BD00BF2C0E002438B5064D0023044672
:100FC00008462B60F1F78EFE431C02D12B6803B15B
:100FD000236038BD2C0E002438B5074D002304468D
:100FE000084611462B60F1F749FE431C02D12B68DD
:100FF00003B1236038BD00BF2C0E0024F1F73CBEC6
:10100000F8B500BFF8BC08BC9E467047F8B500BFF5
:08101000F8BC08BC9E467047C5
:101018005345542053594E43000000005752495439
:1010280045204552520000004F4E4C494E450000A5
:101038005458204552524F52000000004E4F204C49
:10104800494E4B0042414420434D440000000000FB
:10105800010203040102030406070809453A5C502B
:10106800524F4A4543545F435C53544D33324837DB
:1010780034335C447269766572735C53544D333211
:10108800483778785F48414C5F4472697665725C8E
:101098005372635C73746D3332683778785F686154
:1010A8006C5F6164632E6300453A5C50524F4A4559
:1010B80043545F435C53544D3332483734335C44B4
:1010C8007269766572735C53544D33324837787859
:1010D8005F48414C5F4472697665725C5372635C29
:1010E80073746D3332683778785F68616C5F636FEB
:1010F800727465782E630000453A5C50524F4A4539
:1011080043545F435C53544D3332483734335C4463
:101118007269766572735C53544D33324837787808
:101128005F48414C5F4472697665725C5372635CD8
:1011380073746D3332683778785F68616C5F646D9B
:101148006132642E63000000453A5C50524F4A45B4
:1011580043545F435C53544D3332483734335C4413
:101168007269766572735C53544D333248377878B8
:101178005F48414C5F4472697665725C5372635C88
:1011880073746D3332683778785F68616C5F677045
:10119800696F2E6300000000453A5C50524F4A4583
:1011A80043545F435C53544D3332483734335C44C3
:1011B8007269766572735C53544D33324837787868
:1011C8005F48414C5F4472697665725C5372635C38
:1011D80073746D3332683778785F68616C5F6C74EC
:1011E80064632E6300000000453A5C50524F4A4544
:1011F80043545F435C53544D3332483734335C4473
:101208007269766572735C53544D33324837787817
:101218005F48414C5F4472697665725C5372635CE7
:1012280073746D3332683778785F68616C5F707794
:10123800725F65782E630000453A5C50524F4A450C
:1012480043545F435C53544D3332483734335C4422
:101258007269766572735C53544D333248377878C7
:101268005F48414C5F4472697665725C5372635C97
:1012780073746D3332683778785F68616C5F726356
:10128800632E6300453A5C50524F4A4543545F43CE
:101298005C53544D3332483734335C447269766555
:1012A80072735C53544D3332483778785F48414CF9
:1012B8005F4472697665725C5372635C73746D33F4
:1012C80032683778785F68616C5F7263635F6578EE
:1012D8002E630000453A5C50524F4A4543545F43E1
:1012E8005C53544D3332483734335C447269766505
:1012F80072735C53544D3332483778785F48414CA9
:101308005F4472697665725C5372635C73746D33A3
:1013180032683778785F68616C5F7370692E630034
:10132800453A5C50524F4A4543545F435C53544DD1
:101338003332483734335C447269766572735C5370
:10134800544D3332483778785F48414C5F4472696E
:101358007665725C5372635C73746D333268377888
:10136800785F68616C5F74696D2E6300453A5C5004
:10137800524F4A4543545F435C53544D33324837C8
:1013880034335C447269766572735C53544D3332FE
:10139800483778785F48414C5F4472697665725C7B
:1013A8005372635C73746D3332683778785F686141
:1013B8006C5F74696D5F65782E630000453A5C5018
:1013C800524F4A4543545F435C53544D3332483778
:1013D80034335C447269766572735C53544D3332AE
:1013E800483778785F48414C5F4472697665725C2B
:1013F8005372635C73746D3332683778785F6861F1
:101408006C5F756172742E630000000001000200B9
:101418000400060008000A000C001000200040002C
:1014280080000001453A5C50524F4A4543545F439F
:101438005C53544D3332483734335C4472697665B3
:1014480072735C53544D3332483778785F48414C57
:101458005F4472697665725C5372635C73746D3352
:1014680032683778785F68616C5F756172745F6540
:10147800782E630008040204080101010101010338
:1014880007010000453A5C50524F4A4543545F43B8
:101498005C53544D3332483734335C447269766553
:1014A80072735C53544D3332483778785F48414CF7
:1014B8005F4472697665725C5372635C73746D33F2
:1014C80032683778785F6C6C5F666D632E630000F6
:1014D800257300005345542050454E44494E47005B
:1014E8004F5554505554204F4E0000004F555450FE
:1014F8005554204F464600005653455420535441F6
:1015080047454400495345542053544147454400F6
:101518004F56502053544147454400004F435020F4
:1015280053544147454400004F54502053544147B9
:101538004544000046414E2053544147454400006D
:1015480053544550202575580000000052554E4E02
:10155800494E47204343000052554E4E494E4720BE
:10156800435600004F5554505554205354414E444F
:10157800425900005600000056494E004100000044
:1015880049494E005700000050494E00564F5554E7
:1015980000000000494F555400000000504F5554BA
:1015A80000000000250000004546460043000000FA
:1015B80054454D500000000046414E004C4F4144F8
:1015C800000000004641554C542025303458000096
:1015D80053594E43454400004152524F57532053EC
:1015E800454C4543542020454E434F4445522041E5
:1015F800444A555354000000565345540000000017
:1016080049534554000000004F5650004F435000C6
:101618004F54500046414E20534554002D256C64CC
:1016280000000000256C64002D256C642E25302AEE
:101638006C640000256C642E25302A6C6400000060
:10164800504F574552204D455452494353000000CE
:101658004920505553482053544550005620505562
:101668005348204F55545055540000004D205041C8
:1016780047450000534554504F494E542054554E49
:1016880045000000562050555348204150504C59B1
:10169800000000004152524F57532053454C4543D8
:1016A8005400000053595354454D20535441544558
:1016B8000000000052494748542053455400000098
:1016C8004C45465420504F574552000044454D4F15
:1016D80020524541445900005245414459000000F8
:1016E80044454D4F20454E41424C454400000000C2
:1016F80044454D4F2044495341424C454400000065
:101708002D391700802A01082C170108205A1100CA
:1017180080500108B42A0108205A0B0068610108AA
:101728006C510108000000000000000000000000EB
:1017380000000000000000000000000000000000A1
:101748000000000000000000000000000000000091
:101758000000000000000000000000000000000081
:101768000000000000000000000000000000000071
:101778000000000000000000000000000000000061
:101788000000000000000000000000000000000051
:101798000000000101010101010101010000010136
:1017A8000101010101010100000101010101010123
:1017B800010100000000000000000000000000001F
:1017C8000000000000000000000000000000000011
:1017D8000000000000000000000000000000000001
:1017E80000000000000000000000000000000000F1
:1017F80000000000000000000000000000000000E1
:1018080000000000000000000000000000000000D0
:1018180000000000000000000000000000000000C0
:1018280000000000000000000000000000000000B0
:1018380000000000000000000000000000000000A0
:101848000000000000000000000000000000000090
:101858000000000000000000000000000000000080
:101868000000000000000000000000000000000070
:101878000000000000000000000000000000000060
:101888000000000000000000000000000000000050
:101898000000000000000000000000000000000040
:1018A8000000000000000000000000000000000030
:1018B800000000000000000000000000000101011D
:1018C8000100000000010101010100000000010108
:1018D80001010100000000010101010100000000F8
:1018E80001010101010000000000000000000000EB
:1018F80000000000000000000000000001010101DC
:1019080000000000000000000000000101010101CA
:1019180000000000000000000000000101010100BB
:1019280000000000000000000000010101010000AB
:10193800000000000000000000000101010100009B
:10194800000000000000000000010101010000008B
:10195800000000000000000001010101010000007A
:10196800000000000000000001010101000000006B
:10197800000000000000000101010101000000005A
:10198800000000000000000101010100000000004B
:10199800000000000000010101010100000000003A
:1019A800000000000000010101010000000000002B
:1019B800000000000001010101010000000000001A
:1019C800000000000001010101000000000000000B
:1019D80000000000010101010000000000000000FB
:1019E80000000000010101010000000000000000EB
:1019F80000000001010101000000000000000000DB
:101A080000000101010101000000000000000000C9
:101A180000000101010100000000000000000000BA
:101A280000010101010100000000000000000000A9
:101A3800000101010100000000000000000000009A
:101A48000101010101000000000000000000000089
:101A5800000000000000000000000000000000007E
:101A68000000000000010101010101010101000065
:101A78000000000000000001010101010101010155
:101A88000101000000000000000101010101010145
:101A98000101010101010000000000010101010133
:101AA8000101010101010101010100000000010122
:101AB8000101010000000000010101010100000016
:101AC8000001010101000000000000000101010106
:101AD80000000000010101010000000000000001F9
:101AE80001010100000000010101010000000000E7
:101AF80000000101010100000000010101010000D6
:101B080000000000000101010100000000010101C6
:101B180001000000000000000101010100000000B8
:101B280001010101000000000000000101010100A5
:101B38000000000101010100000000000000010197
:101B48000101000000000101010100000000000087
:101B58000001010101000000000101010100000075
:101B68000000000001010101000000000101010165
:101B78000000000000000001010101000000000158
:101B88000101010000000000000001010101000046
:101B98000000010101010000000000000001010136
:101BA8000100000000010101010000000000000028
:101BB8000101010100000000010101010101010111
:101BC8000101010101010100000000000101010102
:101BD80001010101010101010100000000000001F3
:101BE80001010101010101010101010100000000E1
:101BF80000000001010101010101010101010000D2
:101C080000000000000000000000000000000000CC
:101C180000000000000000010101010101010100B4
:101C280000000000000101010101010101000000A4
:101C38000000000101010101010101000000000094
:101C48000001010101010101010000000000000084
:101C58000000000101010100000000000000000078
:101C68000001010101000000000000000000000167
:101C78000101010000000000000000000001010156
:101C88000100000000000000000000010101010047
:101C98000000000000000000000101010100000038
:101CA8000000000000000001010101000000000028
:101CB8000000000000010101010000000000000018
:101CC8000000000101010100000000000000000008
:101CD80000010101010000000000000000000001F7
:101CE80001010100000000000000000000010101E6
:101CF80001000000000000000000000101010100D7
:101D080000000000000000000001010101000000C7
:101D180000000000000000010101010000000000B7
:101D280000000000000101010100000000000000A7
:101D38000000000101010100000000000000000097
:101D48000001010101000000000000000000000087
:101D58000000000000000000000000000101010177
:101D68000101010100000000000000000001010164
:101D78000101010101010100000000000000010152
:101D88000101010101010101010100000000000140
:101D9800010101010101010101010101010000002E
:101DA8000001010101000000000000010101010023
:101DB8000000000000010000000000000001010117
:101DC8000100000000000000000000000000000109
:101DD80001010100000000000000000000000000F8
:101DE80000010101010000000000000000000000E7
:101DF80000000101010101000000000000000000D6
:101E080000000101010101010100000000000000C3
:101E180000000101010101010101000000000000B2
:101E280000000101010101010101000000000000A2
:101E38000000000101010101010101000000000092
:101E48000000000001010101010101000000000083
:101E58000000000000010101010101000000000074
:101E68000000000000000001010101000000000066
:101E78000000000000000000000101010100000056
:101E88000000000000000000000000010101010046
:101E98000000000000000000000000000001010137
:101EA800010101010101010101010100000000011E
:101EB800010101010101010101010101010000000D
:101EC80000010101010101010101010101010100FC
:101ED80000000001010101010101010101010101ED
:101EE80001000000000000000000000000000000E9
:101EF80000000000000000000000010101010101D4
:101F080001010000000000000000000001010101C3
:101F180001010101010101000000000000000101B0
:101F2800010101010101010101010100000000009E
:101F3800010101010101010101010101010100008B
:101F48000000000101010100000000000001010182
:101F58000101000000000000010000000000000076
:101F68000001010101000000000000000000000065
:101F78000000000001010101000000000000000055
:101F88000000000000000001010101000000000045
:101F98000000000000000000000101010101000034
:101FA8000000000000000001010101010101010120
:101FB8000000000000000000000001010101010113
:101FC8000101000000000000000000000001010104
:101FD80001010101010000000000000000000000F4
:101FE80001010101010101010100000000000000E0
:101FF80000000000000000000101010100000000D5
:1020080000000000000000000000000001010101C4
:1020180000000000000000000000000000000001B7
:1020280001010100000000000000000000000000A5
:102038000000010101010000000001010101000090
:102048000000000001010101010000000001010180
:10205800010101010101010101010100000000006D
:10206800000101010101010101010101010100005B
:10207800000000000101010101010101010101014C
:102088000000000000000000000101010101010141
:102098000101000000000000000000000000000036
:1020A8000000000000000000000000000000000028
:1020B8000000000001010101010000000000000013
:1020C8000000000000000101010101010000000002
:1020D80000000000000000000101010101010100F1
:1020E80000000000000000000000000101010101E3
:1020F80001010000000000000000000000010101D3
:1021080001010101010000000000000000000000C2
:1021180001010101010101010000000000000000AF
:10212800000001010101000101010100000000009F
:10213800000000000001010101000101010100008F
:102148000000000000000001010101000001010180
:102158000100000000000000000101010101000071
:10216800010101010000000000000000010101015F
:102178000000000101010100000000000000010151
:102188000101010000000101010100000000000040
:10219800000101010100000000010101010000002F
:1021A800000000010101010000000000010101011F
:1021B800000000000001010101010101010101010C
:1021C80001010101010000000101010101010101FA
:1021D80001010101010101010100000101010101E9
:1021E80001010101010101010101010100000001DA
:1021F80001010101010101010101010101010000C9
:1022080000000000000000000000000101010100C2
:1022180000000000000000000000000000000101B4
:1022280001010000000000000000000000000000A4
:102238000001010101000000000000000000000092
:102248000000000001010101000000000000000082
:102258000000000000000000000000000000000076
:10226800000001010101010101010101010100005A
:102278000000000101010101010101010101010149
:10228800000000000001010101010101010101013B
:10229800010100000000000101010101010101012B
:1022A800010101010000000000010101010000001E
:1022B8000000000000000000000000010101010012
:1022C8000000000000000000000000000001010103
:1022D80001000000000000000000000000000001F4
:1022E80001010100000000000000000000000000E3
:1022F80000010101010101010101010000000000CC
:1023080000000001010101010101010101010100B9
:1023180000000000000101010101010101010101AA
:10232800010100000000000101010101010101019A
:102338000101010101000000000000000000000090
:102348000000010101010100000000000000000080
:102358000000000000010101010000000000000071
:102368000000000000000001010101000000000061
:102378000000000000000000000101010100000051
:102388000000000000000000000000010101010041
:10239800000000010101010000000000000101012E
:1023A8000100000000010101010101010101010119
:1023B8000101010000000001010101010101010109
:1023C80001010101010000000000010101010101FA
:1023D80001010101010100000000000000000101ED
:1023E80001010101010101000000000000000000DE
:1023F80000000000000000000000000000000000D5
:1024080000000101010101010101000000000000BC
:1024180000000001010101010101010101000000AA
:102428000000000001010101010101010101010198
:102438000000000000010101010101010101010189
:10244800010101000000000101010101000000007C
:10245800000101010100000000010101010000006C
:10246800000000000100000000000001010101005F
:102478000000000000000000000000000001010151
:102488000100000000000000000000000000000142
:10249800010101000101010101010100000000002A
:1024A8000001010101010101010101010101000017
:1024B8000000000101010101010101010101010107
:1024C80001000000000101010101010101010101F8
:1024D80001010100000000010101010100000000EC
:1024E80000010101010100000001010101000000DB
:1024F80000000000010101010000000101010100CC
:1025080000000000000001010101000000010101BC
:1025180001000000000000000101010100000001AD
:10252800010101000000000000000101010100009C
:10253800000101010100000000000000010101018B
:102548000000000101010101010101010101010176
:102558000101000000000101010101010101010167
:102568000101010000000000010101010101010158
:10257800010101010000000000000001010101014A
:10258800010101010100000000000000000000003E
:10259800000000000000000000000000010101012F
:1025A8000101010101010101010100000001010116
:1025B8000101010101010101010101010000010105
:1025C80001010101010101010101010101000001F5
:1025D80001010101010101010101010101010000E5
:1025E80000000000000000000000010101010000DF
:1025F80000000000000000000000000101010100CF
:1026080000000000000000000000000101010100BE
:1026180000000000000000000000000001010101AE
:10262800000000000000000000000000010101019E
:10263800010000000000000000000000000101018E
:10264800010000000000000000000000000101017E
:10265800010100000000000000000000000001016E
:10266800010100000000000000000000000001015E
:10267800010101000000000000000000000000014E
:10268800010101000000000000000000000000013E
:10269800010101010000000000000000000000002E
:1026A800010101010000000000000000000000001E
:1026B800010101010100000000000000000000000D
:1026C80000010101010000000000000000000000FE
:1026D80000010101010100000000000000000000ED
:1026E80000000101010101000000000000000000DD
:1026F80000000001010101000000000000000000CE
:1027080000000001010101010000000000000000BC
:1027180000000000000000000000000000000000B1
:102728000000000000000001010101010101010099
:10273800000000000000000000010101010101018A
:102748000101010100000000000000010101010178
:102758000101010101010101000000000001010166
:102768000101010101010101010101000000000056
:102778000101010101000000000001010101010047
:10278800000000010101010000000000000001013B
:10279800010100000000010101010000000000002B
:1027A8000001010101000000000101010100000019
:1027B8000000000001010101000000000101010109
:1027C80000000000000001010101010000000001FB
:1027D80001010101010101010101010101000000E4
:1027E80000000001010101010101010101010101D4
:1027F80000000000000001010101010101010101C7
:1028080001010000000000000001010101010101B7
:1028180001010101010100000000000101010101A5
:102828000000000000010101010100000000010199
:10283800010100000000000000010101010000008A
:102848000001010101000000000000000101010178
:10285800000000000101010100000000000000016B
:102868000101010000000001010101000000000059
:102878000001010101010000000001010101010145
:102888000101010101010101000000000000010136
:102898000101010101010101010101000000000025
:1028A8000001010101010101010101010100000014
:1028B8000000000000010101010101010101010006
:1028C8000000000000000000000000000000000000
:1028D80000000000000000000000000001010101EC
:1028E80001010101000000000000000000010101D9
:1028F80001010101010101000000000000000101C7
:1029080001010101010101010101000000000001B4
:1029180001010101010101010101010101000000A2
:102928000001010101000000000000010101010097
:102938000000000101010100000000000001010188
:102948000100000000010101010000000000000179
:102958000101010000000001010101000000000068
:102968000001010101000000000101010100000057
:102978000000000101010100000000010101010047
:102988000000000000010101010000000001010138
:102998000100000000000101010101000000000128
:1029A8000101010101010101010101010100000012
:1029B8000000010101010101010101010101010002
:1029C80000000000000101010101010101010101F4
:1029D80001000000000000000001010101000001E9
:1029E80001010100000000000000000000000000DC
:1029F80000010101010000000000000000000000CB
:102A080000000001010101000000000001010100B7
:102A180000000000000101010100000000010101A7
:102A28000101010101010101010101000000000093
:102A38000101010101010101010101010100000081
:102A48000000000101010101010101010101000073
:102A58000000000000000101010101010101010065
:102A6800000000000000000000000000000000005E
:102A7800000000000000000000000B0BFD00090929
:102A8800CC0110103C031313F1040E0E330612127E
:102A9800D1071313860913133B0B1212D90C121208
:102AA800770E1111FE0F1313B3111212000000005C
:102AB800000000000000000000000000000000000E
:102AC80000000000000000000000000000000000FE
:102AD80000000000000000000000000000000000EE
:102AE80000000000000000000000000000000000DE
:102AF80000000000000000000000000000000000CE
:102B080000000000000000000000000001010100BA
:102B180000010101000001010100000101010000A4
:102B28000101010000010101000001010100000193
:102B38000101000001010100000000000000010186
:102B48000100000101010000000000000000000079
:102B5800000000000000000000000000000000016C
:102B68000000010000010100010100000101000155
:102B78000100000101000101000000000000000048
:102B8800000000000000000000000000000000003D
:102B9800000000000000000000000000000000002D
:102BA800000000000000000000000000000000001D
:102BB800000000000000000000000000000000000D
:102BC80000000000000000000000000000000000FD
:102BD80000000000000000000000000000000000ED
:102BE80000000000000000000000000000000000DD
:102BF80000000000000000000000000001010000CB
:102C080001010000000000010101010101000000B4
:102C180001010101010101010100000000010100A1
:102C28000101000000000000010100010100000096
:102C38000001010101010101010000000101010180
:102C48000101010100000000010100010100000074
:102C58000000000101000001000000000000000069
:102C6800000000000000000000000000000000005C
:102C7800000000000000000000000000000000004C
:102C8800000000000000000000000000000000003C
:102C9800000000000000000001010000000000002A
:102CA8000001010101010100000000010101010111
:102CB8000101010000010101000100000101000003
:102CC80001010000010000000000000101010101F4
:102CD80000000000000000010101010101000000E6
:102CE80000000000010101010101000000000000D6
:102CF80001010101010000000000000100000101C4
:102D080000000101000001000001010000010101B3
:102D1800010101010101000000010101010101019E
:102D28000000000000000001010000000000000099
:102D3800000001000000000000000000000000008A
:102D4800000000000000000000000000000000007B
:102D5800000000000000000000000000000000006B
:102D68000000000000010101010000000001010055
:102D78000000000001010101010000000101000044
:102D88000000000001010000010000000101000036
:102D98000000000001010000010000010100000026
:102DA8000000000001010001010000010100000015
:102DB8000000000001010101010001010000010102
:102DC80000000000000001010000010100010101F4
:102DD80001010000000000000001010001010000E5
:102DE80001010000000000000101000001010000D5
:102DF80001010000000000000101000001010000C5
:102E080001010000000000010100000001010101B2
:102E180001010000000000010100000000010101A3
:102E28000100000000000000000000000000000099
:102E3800000000000000000000000000000000008A
:102E4800000000000000000000000000000000007A
:102E5800000000000000000000000000000000006A
:102E68000000000000000000000000010101010155
:102E78000100000000010101010101010000000042
:102E88000101000000010101000000010100000033
:102E98000000000000000101000000000000000028
:102EA8000001010101010100000000000001010111
:102EB80001010101010000010101000000010101FF
:102EC80000000101000000000101010000010100F3
:102ED80000000001010100000101010101010101DF
:102EE80000000000010101010101000000000000D4
:102EF80000000000000000000000000000000000CA
:102F080000000000000000000000000000000000B9
:102F180000000000010000010100000101000001A3
:102F28000100000000000000000000000000000098
:102F38000000000000000000000000000000000089
:102F48000000000000000000000000000000000079
:102F58000000000000000000000000010100000067
:102F68000101010000010101000000010101000050
:102F78000001010000000001010000000001010043
:102F88000000000101000000000101000000000134
:102F98000100000000010100000000010101000023
:102FA8000000010101000000010101000000000112
:102FB8000100000000000000000000000000000107
:102FC80001000000000101010000000001010000F3
:102FD80000000101010000000101010000000101E1
:102FE80001000000010101000000010101000000D2
:102FF80001010100000001010100000001010100C0
:1030080000000101010000010101000000010101AF
:1030180000000001010000000000000000000000A6
:103028000000000000000000000000010000000097
:103038000000000001000000000000010101010182
:103048000100000001010101010000000000010170
:103058000100000000000101000101000000000063
:103068000000000000000000000000000000000058
:103078000000000000000000000000000000000048
:103088000000000000000000000000000000000038
:103098000000000000000000000000000000000028
:1030A8000000000000000000000000000000000018
:1030B8000000000000000000000000000000000008
:1030C80000000000000000000000000000000000F8
:1030D80000000000000000000000000000000000E8
:1030E80000000000000000000000000000010100D6
:1030F80000000000000000010100000000000000C6
:1031080000010100000000000101010101010101AD
:10311800000001010101010101010000000000019E
:103128000100000000000000000101000000000094
:103138000000000101000000000000000000000085
:103148000000000000000000000000000000000077
:103158000000000000000000000000000000000067
:103168000000000000000000000000000000000057
:103178000000000000000000000000000000000047
:103188000000000000000000000000000000000037
:103198000000000000000000000000000000000126
:1031A800010000010101000001010000000101000F
:1031B8000000000000000000000000000000000007
:1031C80000000000000000000000000000000000F7
:1031D80000000000000000000000000000000000E7
:1031E80000010101010000010101010000000000CF
:1031F80000000000000000000000000000000000C7
:1032080000000000000000000000000000000000B6
:1032180000000000000000000000000000000000A6
:103228000000000000000000000000000000000096
:103238000000000000000000000000000000000086
:103248000000000000000000000000000000000076
:10325800000000000101010000010101000001015E
:103268000100000000000000000000000000000055
:103278000000000000000000000000000000000046
:103288000000000000000000000101010000000033
:103298000000010100000000000001010100000021
:1032A8000000000101000000000000010101000011
:1032B8000000000101010000000000000101000001
:1032C80000000000010101000000000000010100F1
:1032D80000000000000101010000000000000101E1
:1032E80000000000000001010100000000000000D3
:1032F80000000000000000000000000000000000C6
:1033080000000000000000000000000000000000B5
:1033180000000000000000000000000000000000A5
:10332800000001010101010100000000010101018B
:10333800010101010000000101010000000101007C
:10334800000001010000000001010100000101006E
:10335800000000010101000001010000000001015E
:10336800010000010100000000010101000001014D
:10337800000000000101010000010100000000013F
:10338800010100000101010000000101000000012D
:103398000101010101010100000000010101010119
:1033A8000100000000000000000000000000000014
:1033B8000000000000000000000000000000000005
:1033C80000000000000000000000000000000000F5
:1033D80000000000000001010101010000000101DE
:1033E80001010100000000000101010000000000CF
:1033F80001010100000000000101010000000000BF
:1034080001010100000000000101010000000000AE
:10341800010101000000000001010100000000009E
:10342800010101000000000001010100000000008E
:103438000101010000000000000000000000000081
:103448000000000000000000000000000000000074
:103458000000000000000000000000000000000064
:10346800000000010101010101000000010101014A
:10347800010101010000010100000001010100003B
:103488000000000000000101000000000000000131
:10349800010100000000000101010100000000011D
:1034A800010101010000000001010101000000000C
:1034B8000000010100000000000000000101000000
:1034C80000000000000001010101010101010000EC
:1034D80001010101010101010000000000000000DC
:1034E80000000000000000000000000000000000D4
:1034F80000000000000000000000000000000000C4
:1035080000000000000000000000000000010101B0
:103518000101010000000101010101010101000098
:10352800010100000000010100000000000000008F
:10353800010100000000000000000101000000007F
:103548000001010101010000000000010101010169
:103558000000000000000000010100000000000061
:10356800000001010000010100000000010100004D
:103578000101010101010101000000010101010136
:103588000100000000000000000000000000000032
:103598000000000000000000000000000000000023
:1035A8000000000000000000000000000000000013
:1035B8000000000000000000000000000101010000
:1035C80000000000000001010101000000000000EF
:1035D80000010101010000000000000101010101DA
:1035E80000000000000001010001010000000000CF
:1035F80001010100010100000000000101000001BB
:1036080001000000000101010000010101000000AB
:103618000101010101010101010000010101010194
:10362800010101010000000000000001010000008C
:103638000000000000000101000000000000000080
:103648000000000000000000000000000000000072
:103658000000000000000000000000000000000062
:103668000000000000000000000000000000000052
:103678000001010101010101000000010101010136
:10368800010100000001010100000000000000012C
:10369800010100000000000000010101010101001A
:1036A8000000000101010101010100000000010109
:1036B80001010101010000000000000000010100FB
:1036C80000000000000000010100000101000000EE
:1036D80000010100000101010101010101000000D8
:1036E80001010101010100000000000000000000CC
:1036F80000000000000000000000000000000000C2
:1037080000000000000000000000000000000000B1
:10371800000000000000000000000000010101019D
:103728000101000000010101010101010100000186
:10373800010100000001010000010100000000007B
:103748000000000101010101010100000001010167
:103758000101010101000001010100000101010056
:10376800000101000000000101000001010000004B
:103778000001010000010101000000010100000139
:103788000101010101010100000001010101010124
:103798000000000000000000000000000000000021
:1037A8000000000000000000000000000000000011
:1037B8000000000000000000000000000000000001
:1037C80000000001010101010101010001010101E5
:1037D80001010101000000000000010100000000DB
:1037E80000000001010000000000000101010000CC
:1037F80000000000010100000000000001010100BC
:1038080000000000000101000000000000010101AB
:10381800000000000000010100000000000001019C
:10382800010000000000000101000000000000008D
:103838000000000000000000000000000000000080
:103848000000000000000000000000000000000070
:10385800000000000000000000000000000000015F
:103868000101010101000000010101010101010143
:103878000000010101000000010100000101000039
:103888000000010100000101010000000101000029
:103898000001010101010101000000010101010114
:1038A8000101000001010100000001010000010107
:1038B80000000000010100000101010000000101F9
:1038C80000000101010101010101000000010101E5
:1038D80001010100000000000000000000000000DD
:1038E80000000000000000000000000000000000D0
:1038F80000000000000000000000000000000000C0
:1039080000000000000000000001010101010100A9
:103918000000010101010101010100000101000095
:103928000000010100000101000000000101000089
:103938000101000000000101000001010100000177
:103948000101000001010101010101010000000164
:103958000101010101010000000000000000010157
:103968000000010100000000010100000101010147
:103978000101010100000001010101010100000035
:10398800000000000000000000000000000000002F
:10399800000000000000000000000000000000001F
:1039A800000000000000000000000000000000000F
:1039B80000000000000000000000000000010000FE
:1039C80000010101000001010100000000000000E9
:1039D80000000000000001010000010101000001D9
:1039E80001010000000000000000000000000000CD
:1039F80000000000000000000000000000000000BF
:103A080000000000000000000000000000000000AE
:103A18000000010100000101010000010101000096
:103A2800000000000000000000000000000000008E
:103A38000101000001010100000101000000010175
:103A4800000000000000000000000000000000006E
:103A5800000000000000000000000000000000005E
:103A6800000000000000000000000000000000004E
:103A7800000000000000000100000000000000013C
:103A88000101000000000001010101000000000127
:103A98000101010100000000010101010000000016
:103AA8000000000101010100000000000000010108
:103AB80001010100000000000000010101010000F7
:103AC80000000000000001010000000000000000EC
:103AD80000000000000000000000000000000000DE
:103AE80000000000000000000000000000000000CE
:103AF80000000000000000000000000000000000BE
:103B080000000000000000000000000000000000AD
:103B1800000000000000000000000000000000009D
:103B2800000000000000000000000000000001018B
:103B3800010101010101000001010101010101016F
:103B48000000000000000000000000000101010169
:103B58000101010100000101010101010101000051
:103B68000001010101010100000000000000000047
:103B7800000000000000000000000000000000003D
:103B8800000000000000000000000000000000002D
:103B9800000000000000000000000000000000001D
:103BA800000000000000000000000000000000000D
:103BB80000000000000000000000000000000000FD
:103BC80000000000010000000000000000000101EA
:103BD80001000000000000000001010101000000D8
:103BE80000000000010101010100000000000000C8
:103BF80001010101000000000001010101000000B5
:103C080000010101010100000000010101010000A3
:103C1800000000000101000000000000000000009A
:103C2800000000000000000000000000000000008C
:103C3800000000000000000000000000000000007C
:103C4800000000000000000000000000000000006C
:103C58000000000000000000000101010101000057
:103C68000001010101010101000001010000000142
:103C78000101000000000000010101000000000037
:103C88000001010100000000010101010000000025
:103C98000001010100000000000101010000000016
:103CA8000000010101000000000000000000000009
:103CB80000000000010101000000000000010101F6
:103CC80000000000000000000000000000000000EC
:103CD80000000000000000000000000000000000DC
:103CE80000000000000000000000000000000000CC
:103CF80000000000000000000000000101010101B7
:103D0800010101000000000101010101010101019F
:103D18000000000101010000000000000101000096
:103D28000101000000000001000101000001010084
:103D38000000010101010101000001010000010171
:103D48000101010101000001010000010100000062
:103D58000101000001010000010100000001010053
:103D68000001010000010100000001010000010143
:103D78000000010100000001010000010100000134
:103D88000101010101010000010100000001010120
:103D98000101010000010100000000000000000016
:103DA8000000010101000000000000000000000008
:103DB80001000000000000000000000000000000FA
:103DC80000000000000000000000000000000000EB
:103DD80000000000000000000101010000000000D8
:103DE80000000000010101000000000000000001C7
:103DF80001010101000000000000000101010101B2
:103E080000000000000001010100010100000000A5
:103E18000000010101000101010000000000010192
:103E28000000000101000000000101010101010181
:103E38000100000000010101010101010101000070
:103E4800000101010101010101010000010101005E
:103E58000000000001010000010101000000000055
:103E68000101010000000000000000000000000047
:103E7800000000000000000000000000000000003A
:103E8800000000000000000000000000000000002A
:103E98000000000000000000000000000000010118
:103EA80001010101010100000001010101010101FD
:103EB80001000000010101000000010101000001F2
:103EC80001010000000001010000010101000000E3
:103ED80001010100000101010101010101000000CF
:103EE80001010101010101010000000101010000BF
:103EF80000010101000001010100000000010100B2
:103F0800000101010000000101010000010101019F
:103F1800010101010100000101010101010101008C
:103F28000000000000000000000000000000000089
:103F38000000000000000000000000000000000079
:103F48000000000000000000000000000000000069
:103F58000000000000000000000000010101010154
:103F6800010000000001010101010101010000013F
:103F78000101000000010101000001010000000032
:103F88000000000000010100000000000000000027
:103F98000101000000000000000000010100000015
:103FA8000000000000000101000000000000000007
:103FB80000010100000000000000000001010100F4
:103FC80000000101010000000101010101010101DE
:103FD80000000000010101010101000000000000D3
:103FE80000000000000000000000000000000000C9
:103FF80000000000000000000000000000000000B9
:1040080000000000000000000000000000000000A8
:10401800000000000101010101010101000000018F
:10402800010101010101010100000101010000007D
:104038000001010000010101000000000101000071
:104048000101010000000001010000010101000060
:104058000000010100000101010000000001010051
:104068000001010100000000010100000101010040
:104078000000000101000001010100000000010131
:10408800000001010101010101010100000101011C
:104098000101010101000000000000000000000013
:1040A8000000000000000000000000000000000008
:1040B80000000000000000000000000000000000F8
:1040C80000000000000000000000000000010101E5
:1040D80001010101010000010101010101010100CB
:1040E80000010101000000000000000101010000C2
:1040F80000000000000101010000000000000001B4
:104108000101010101010100000101010101010199
:104118000100000101010000000000000001010190
:104128000000000000000001010100000000000084
:10413800000101010101010101000001010101016A
:104148000101010000000000000000000000000064
:104158000000000000000000000000000000000057
:104168000000000000000000000000000000000047
:10417800000000000000000101010101010101002F
:10418800000101010101010101000001010100001C
:104198000000000000010101000000000000000113
:1041A80001010000000000000001010101010101FE
:1041B80001000001010101010101010000010101EB
:1041C80000000000000000010101000000000000E4
:1041D80000010101000000000000000101010000D1
:1041E80000000000000101010000000000000000C4
:1041F80000000000000000000000000000000000B7
:1042080000000000000000000000000000000000A6
:104218000000000000000000000000000000000096
:104228000000000000000001010101010100000080
:10423800000001010101010101010000000101016B
:104248000000000001010000000101000000000062
:104258000000000000010100000000000000000054
:10426800000101000001010101010000000101003D
:10427800000101010101000000010100000000002F
:104288000101000000010100000000000101000020
:10429800000101010000000001010000000001010F
:1042A80001010101010100000000000101010101FB
:1042B80001010100000000000000000000000000F3
:1042C80000000000000000000000000000000000E6
:1042D80000000000000000000000000000000000D6
:1042E80000000000000000000000000000000001C5
:1042F80001010000000001010000010101000000AF
:10430800000101000001010100000000010100009E
:10431800010101000000000101000001010100008D
:10432800000001010000010101010101010101007A
:104338000001010101010101010100000101010069
:10434800000000010100000101010000000001015E
:10435800000001010100000000010100000101014D
:10436800000000000101000001010100000000013F
:104378000100000000000000000000000000000034
:104388000000000000000000000000000000000025
:104398000000000000000000000000000000010113
:1043A80001000001010100000101010000010101FB
:1043B80000000101010000010101000001010100EC
:1043C80000010101000001010100000101010000DC
:1043D80001010100000101010000000000000000CF
:1043E80000000000000000000000000000000000C5
:1043F80000000000000000000000000000000000B5
:1044080001010000000000000001010000000000A0
:104418000000010100000000000000010100000090
:104428000000000001010000000000000001010080
:104438000000000000000101000000000000000171
:10444800010000000000000001010000010100005F
:10445800010101000001010101010100000000014A
:104468000101010000000000000000000000000041
:104478000000000000000000000000000000000034
:104488000000000000000000000000000000000024
:10449800000000000000000001010100000001010F
:1044A80001000001010100000001010000000101FC
:1044B80001000001010100000001010100010101EA
:1044C80000000000010101010101000000000001DD
:1044D80001010101000000000000010101010100CB
:1044E80000000000000101010101010000000000BE
:1044F80001010100010101000000000101010000AB
:10450800010101000000010101000000010100009B
:10451800000101010000000101010000000000008D
:104528000000000000000000000000000000000083
:104538000000000000000000000000000000000073
:104548000000000000000000000000000000000162
:10455800010100000000000001010100000000004E
:10456800000101010000000000000101010000003D
:10457800000000010101000000000000010101002D
:10458800000000000001010100000000000001011E
:10459800010000000000000101010000000000000F
:1045A80001010100000000000001010101010101F9
:1045B80001000101010101010101000000000000EA
:1045C80000000000000000000000000000000000E3
:1045D80000000000000000000000000000000000D3
:1045E80000000000000000000000000000000000C3
:1045F80001010100000000000101010000010101AA
:10460800010000000001010100000101010100009A
:104618000001010101000001010101000000010188
:104628000101000001010101010001010101010076
:104638000001010101010001010001010000010167
:104648000101010101010001010000010101000156
:104658000101000001010000010101000101010048
:10466800000101000001010100000000000001013B
:10467800000001010100000000000001010000012C
:10468800010100000000000001010000000000001E
:104698000000000000000000000000000000000012
:1046A8000000000000000000000000000000000002
:1046B80000000000000000000000000000000000F2
:1046C80000000000000000000001010100000000DF
:1046D80001010000010101000000000101000001CA
:1046E80001010100000001010000010101010000B9
:1046F80000010100000101010101000001010000A9
:104708000101010101000001010000010101000196
:104718000100010100000101010001010101010086
:104728000001010100000101010100000101010077
:104738000001010101000001010100000001010167
:10474800000001010100000001010100000000005B
:104758000000000000000000000000000000000051
:104768000000000000000000000000000000000041
:104778000000000000000000000000000000000031
:10478800000000000000000001010101010100001B
:104798000000000101010101010101000000010107
:1047A80001000000000101000000010100000000FC
:1047B80000010100000001010000000000010100EB
:1047C80000000101000000000001010000000101DB
:1047D80000000000000101000000010100000000CD
:1047E80000010100000001010000000000010100BB
:1047F80000000101010000000001010000000001AB
:104808000101010101010100000000000101010195
:10481800010100000000000000000000000000008E
:104828000000000000000000000000000000000080
:104838000000000000000000000000000000000070
:104848000000000000000000000000000000000060
:104858000101010101010101000000010101010143
:104868000101010000000101010000000101010037
:104878000001010100000000010100000101010028
:104888000000010101000001010101010101010114
:104898000000010101010101010100000001010105
:1048A80000000000000000000101010000000000FD
:1048B80000000001010100000000000000000101EB
:1048C80001000000000000000001010100000000DC
:1048D80000000000000000000000000000000000D0
:1048E80000000000000000000000000000000000C0
:1048F80000000000000000000000000000000000B0
:10490800000000000000000000000000000000019E
:104918000101010101000000000001010101010184
:104928000101000000010101000000000101000078
:104938000001010000000000010100000001010069
:10494800000000000101000000010100000000005B
:104958000101000000010100000000000101000049
:104968000001010000000000010100000001010039
:104978000000000001010000000101010001010028
:104988000101000000000101010101010101000015
:104998000000000101010101010000000000000009
:1049A80000000101000000000000000000000101FB
:1049B80000000000000000000000000000000000EF
:1049C80000000000000000000000000000000000DF
:1049D80000000000000000010101010101010100C7
:1049E80000000101010101010101000000010101B4
:1049F80000000001010100000101010000000001A8
:104A08000100000101010000000101010000010195
:104A18000101010101010100000101010101010180
:104A28000100000001010100010101000000000176
:104A38000101000001010100000001010100000066
:104A48000101000000010101000000010101000056
:104A58000101010000000001010000000000000049
:104A6800000000000000000000000000000000003E
:104A7800000000000000000000000000000000002E
:104A8800000000000000000000000000000000001E
:104A98000000000001010101010100000000010106
:104AA80001010101010100000101010000000001F4
:104AB80001000001010000000000000000000101E9
:104AC80001010000000000000000010101010101D6
:104AD80000000000000000010101010101000000C8
:104AE80000000000000101010000000000000000BB
:104AF80000010100000101000000000001010000A8
:104B08000101010101010101010000000101010190
:104B1800010101000000000000000000000000008A
:104B2800000000000000000000000000000000007D
:104B3800000000000000000000000000000000006D
:104B48000000000000000000000000010101010158
:104B58000101010000010101010101010100000042
:104B68000000010100000000000000000101000039
:104B7800000000000000010100000000000000002B
:104B88000101000000000000000001010000000019
:104B98000000000001010000000000000000010109
:104BA80000000000000000000101000000000000FB
:104BB80000000101000000000000000001010000E9
:104BC80000000000000000000000000000000000DD
:104BD80000000000000000000000000000000000CD
:104BE80000000000000000000000000000000000BD
:104BF80000000000000000010101000000000101A8
:104C08000000010101000000000101000001010194
:104C18000000000001010000010101000000000186
:104C28000100000101010000000001010000010174
:104C38000100000000010100000101010000000066
:104C48000101000001010100000000010100000154
:104C58000101000000000101000001010100000045
:104C68000101010000000101010101010100000032
:104C78000000010101010101000000000000000026
:104C8800000000000000000000000000000000001C
:104C9800000000000000000000000000000000000C
:104CA80000000000000000000000000000000000FC
:104CB80000010101000000000001010001010100E4
:104CC80000000000010100000101000000000101D6
:104CD80001000001010100000001010000000101C4
:104CE80001000000010100000000010100000101B5
:104CF80001000000000101000001010000000000A7
:104D08000101010001010000000000000101010192
:104D18000100000000000001010101000000000086
:104D28000000010101010000000000000000010175
:104D3800010000000000000000000000000000006A
:104D4800000000000000000000000000000000005B
:104D5800000000000000000000000000000000004B
:104D6800000000000000000000000000000000003B
:104D78000000000001010100000001010100000025
:104D88000101000101010000000101010000000112
:104D98000100000101000001010101000001010101
:104DA80000000101000001010101000001010100F2
:104DB80000010100000101010100000101000000E3
:104DC80001010100010100010100010100000001D1
:104DD80001010101010001010001010000000001C1
:104DE80001010100000101010101000000000101B1
:104DF80001010000010101010000000000010101A2
:104E08000100000101010100000000000101010191
:104E18000000000101010000000000000101010084
:104E28000000010101000000000000000000000077
:104E3800000000000000000000000000000000006A
:104E4800000000000000000000000000000000005A
:104E5800000000000000000000000000000000004A
:104E68000000000000000000000000000101000038
:104E78000000010101000001010100000001010022
:104E88000000000101000001010100000000010113
:104E98000101010100000000000001010101000002
:104EA80000000000000001010100000000000000F7
:104EB80001010101000000000000000101010101E1
:104EC80000000000000101010001010000000000D5
:104ED80001010000010101000000010101000000C2
:104EE80001010000010101000000000101010000B2
:104EF80000000000000000000000000000000000AA
:104F08000000000000000000000000000000000099
:104F18000000000000000000000000000000000089
:104F28000000000000000101010000000001010173
:104F38000000010100000000010100000001010162
:104F48000000010101000000000101000001010052
:104F58000000000001010101010100000000000043
:104F68000101010100000000000000000101000033
:104F78000000000000000001010000000000000027
:104F88000000010100000000000000000001010015
:104F98000000000000000000010100000000000007
:104FA80000000001010000000000000000000000F7
:104FB80000000000000000000000000000000000E9
:104FC80000000000000000000000000000000000D9
:104FD80000000000000000000000000000000000C9
:104FE80001010101010101010000010101010101AB
:104FF80001010000000000000001010100000000A4
:105008000000010101000000000000000101000093
:105018000000000000010101000000000000010183
:105028000100000000000000010100000000000075
:105038000001010100000000000001010100000062
:10504800000000000101010101010101000001014E
:105058000101010101010000000000000000000042
:105068000000000000000000000000000000000038
:1050780000000000000000000000050555000505BF
:10508800AA00070721010B0BDC010B0B970210107C
:10509800A7030B0B62040404A60406060C05060607
:1050A800720509090B060A0AB50605050A07060668
:1050B80070070505C50709095E080B0B19090808DB
:1050C800A1090A0A4B0A0A0AF50A0B0BB00B0A0ACD
:1050D8005A0C0A0A040D09099D0D0A0A470E0A0A04
:1050E800F10E0505460F05059B0F0A0A45100A0A29
:1050F800EF100A0A9911090932120D0D0F130C0B42
:10510800DB130B0B96140B0B51150B0B0C160A0A21
:10511800B6160A0A60170C0C2C180B0BE7180505B5
:105128003C190909D5190B0B901A0909291B0D0DF2
:10513800061C0B0BC11C0C0C8D1D0B0B481E0C0CFC
:10514800141F0B0BCF1F0B0B8A200A0A34210B0BE1
:10515800EF210B0AAA220F0EA9230B0A64240B0ABB
:105168001F250A0A000000000000000000000000DF
:105178000000000000000000000000000000000027
:105188000000000000000000000000000000000017
:105198000000000001000001000001000001000003
:1051A80001000001000001000001000000000000F3
:1051B80000000000010001010001010001000000E1
:1051C80000000000000000000000000000000000D7
:1051D80000000000000000000000000000000001C6
:1051E80000000100000000010000010100000101B1
:1051F800010101010101000001000000010000009F
:10520800000100000100000001010101010101018C
:105218000000010000010100000000010000010081
:105228000000000000000000000000000000000076
:10523800000000000000010101010100010100005F
:105248000000000100000000000000010100000053
:105258000000000101000000000000000101000042
:105268000000000001000000000000010000010132
:105278000101000000000001000000000000000023
:105288000000000101000000000100010000010011
:105298000001000001000001000100000000010100
:1052A80000010100000000000000010000000000F3
:1052B80000000100010100000000010001010001DF
:1052C80000000101000101000100000100000001CF
:1052D80001010000000000000000000000000000C4
:1052E80000000000000000010101000000000100B2
:1052F80000000100000001000000010000000001A2
:105308000000000000000001010000000000010092
:10531800010100000001000000010101000100007E
:10532800000101000000010101010001000000006E
:105338000000000000000000000000000000000164
:105348000001000100000000000000000000000053
:10535800000000000101000100010000010000013F
:105368000000010000010000010000010000000130
:10537800000001010101000001000000010000011E
:105388000000010000010000010000010000010010
:105398000100010100000000000000000100000001
:1053A80001010100000101010000000100000000EE
:1053B80000000000000000000000000000000000E5
:1053C80000000000000000000000000000000000D5
:1053D80000000000000000000000010000000000C4
:1053E80001000000010101010100000001000000AE
:1053F80000000100000000000000000000000000A4
:105408000000000000000000000000000000000094
:105418000000000000000000000000000000010083
:105428000100010000000000000000000000000072
:105438000000000000000000000000000101010160
:105448000100000000000000000000000000000053
:105458000000000000000000000000000000000044
:105468000000000000000000000000000000000034
:105478000000000000000100000000000000000023
:105488000001000000000001010000000000010010
:105498000000000001000000000001010000000001
:1054A80000010000000000010000000000000100F1
:1054B80000000000010000000000000000000000E3
:1054C80000000000000000000000000101010100D0
:1054D80000010000000101000100000101010001BC
:1054E80000000100010001000100000100010001AD
:1054F800000001000101000000010001010000019D
:10550800010001010101010000000000000000008D
:105518000000000000000000000000000101000081
:10552800010101000000000100000000010000006E
:10553800000100000000010000000001000000015F
:10554800010100000000000000000000000001014F
:105558000101000000000000000100000000000040
:10556800010000000000000100000000000101002F
:10557800000000010000000001010000000001001F
:10558800000000000001010101010100000000000D
:1055980000000000000000000000010101010101FD
:1055A80000000000010100000001010000000101ED
:1055B80000000000010101000000000000010000DF
:1055C80000000001000000000001010101010100CC
:1055D80000000000000000000000000000000000C3
:1055E80000000000000000010100000000010101AE
:1055F800000000010100010000010100000100019C
:105608000100000001000101010101010100000089
:105618000000010000000000000100000000000080
:10562800000000000000000000000101010101006D
:10563800000100000000000001000000000000015F
:10564800000000000000010101010100000000004D
:10565800000100000000000001000000000000013F
:10566800000001010101010000000000000000002D
:10567800000000000000000001010101000001001D
:105688000000000000010000000000000100000010
:1056980000000001010101010000010000000101FA
:1056A80000010000000001000100000001010001EC
:1056B80001010101000000000000000000000000DE
:1056C80000000001010101010100000000000100CB
:1056D80000000001010000000001000000000100BE
:1056E80000000000010000000001000000000001AF
:1056F80000000000000100000000000000000000A1
:10570800000000000000000101010100000100008C
:10571800000100000100000000010001000000017C
:105728000100010101010100000100000001010068
:10573800010000000001000100000001010001015A
:10574800010101000000000000000000000000004E
:10575800000000010101010000010100000001003A
:10576800010000000001000100000000010001012B
:10577800000000010000010101010100000000001B
:10578800000100000000000001000001010101010A
:105798000000000000000000000000000000000001
:1057A80000000000000101000000000000000001EE
:1057B80001000000000000000000000101000000DE
:1057C80000000000000100010001000000000000CE
:1057D80000000000000000000000000000010000C0
:1057E80000010000010100000001010000000000AC
:1057F800010000000000010000000000000000009F
:105808000000000000000000000000000000000090
:10581800000000000101010101000000000000007B
:10582800010101010100000000000000000000006B
:105838000000000000000000000000000000000060
:105848000000000000000000000000000000000050
:105858000100000000010100000001010000010139
:10586800000101000100000000000000000000002D
:10587800000101010100000100000000010000001A
:10588800000000010000000000000100000000000E
:1058980001000000000001000000000000010000FD
:1058A80000000000000000000000010100000000EE
:1058B80000000000000000000000000000000001DF
:1058C80001010101010000000001000000000000CA
:1058D80001000000010000000000000001000001BC
:1058E80000010101010000010000010000000001A9
:1058F8000000010000010001010101000001000099
:105908000100010000010000010000010001010187
:10591800010101000000010000000000000000007B
:105928000000010101010101000000000000000069
:10593800000000000000000000000000000000005F
:105948000100000000000101010000000001000149
:10595800000000000100010000000100000001003B
:105968000001010101010000010000000100010027
:10597800000000000100000000000000000000001E
:105988000000000001010101010000010000000108
:1059980001000100000000010001000000000100FA
:1059A80001010101010000010000000001000100E7
:1059B80000000001000100000000010001010101D8
:1059C80001000000000000000000000000000000CE
:1059D80000000101010100000100000001010001B7
:1059E80000000000010001000000000000010000AC
:1059F800000000000100000000000001000000009D
:105A08000000010000000000000101010101000088
:105A1800000000000000000000000000000001017C
:105A28000101010000000100000000010000010068
:105A3800000000010000010000000001000001005A
:105A4800000000010000010000000001000001004A
:105A58000000000100000100000000010000010139
:105A6800010101000000000000000000000000002B
:105A78000000000000000101010101000001000018
:105A8800000000000100000000000001000000000C
:105A980000000101010101000001000000000000F8
:105AA80001000000000000010000000000000101EA
:105AB80001010100000000000000000000000000DB
:105AC80000000001010101010000010000000000C8
:105AD80000010000000000000100000000000001BB
:105AE80001010101000001000000000000010000A8
:105AF800000000000100000000000001000000009C
:105B0800000000000000000000000000000000008D
:105B18000001010101000001000000010100010075
:105B2800000000010001000000000000010000006A
:105B38000000000100000101010001000000000157
:105B48000001000000000100010101010100000046
:105B5800000000000000000000000000000000003D
:105B6800000000000001000000000100000100002A
:105B78000000010000010000000001000001010117
:105B88000101010000010000000001000001000007
:105B980000000100000100000000010000010000F9
:105BA80000000100000000000000000000000000EC
:105BB80000000000010101010000010000000100D7
:105BC80000000100000001000000010000000100C9
:105BD80000000100010101010000000000000000B8
:105BE80000000001010000000000000100000000AA
:105BF800000100000000000100000000000100009A
:105C08000000000100000000000101000000010187
:105C18000001010101000000000000000000000078
:105C28000000000100000000010001000000010068
:105C38000001000001000000010001000000000157
:105C48000101000000000100000100000001000047
:105C58000101000001000000010000010000000037
:105C6800010000000000000000000000000000002B
:105C7800000000000000000100000000000001001A
:105C8800000000000001000000000000010000000A
:105C980000000001000000000000010000000000FA
:105CA80000010000000000000101010101000000E6
:105CB80000000000000000000000000000000000DC
:105CC80000000000000000010000000000000100CA
:105CD80000010100000000010100000101000000B6
:105CE80001010100000100010000010001000001A4
:105CF8000000010100000100000100000101000096
:105D08000100000100000000000001000001000087
:105D1800000000000100000000000000000000007A
:105D2800000000000000000000000000000000006B
:105D38000000000100000000010000010100000057
:105D48000100000101010000010000010001000044
:105D58000100000100000100010000010000010035
:105D68000100000100000001010000010000000125
:105D7800010000000000000000000000000000001A
:105D88000000000001010101000000010000000006
:105D980001000001000000000100000100000000F7
:105DA80001000001000000000100000100000000E7
:105DB80001000001000000000100000100000000D7
:105DC80001000001010101010000000000000000C5
:105DD80000000000000000000000000101010101B6
:105DE80000000100000000010001000000000100A7
:105DF8000100000000010001000000000100010195
:105E08000101010000010000000000000100000085
:105E18000000000100000000000000000000000079
:105E28000000000000000000000101010100000066
:105E38000100000000010000010000000001000056
:105E48000100000000010000010000000001000046
:105E58000100000000010000010000000001000036
:105E68000100000000010000010101010100000023
:105E78000000010000000000000001000000000018
:105E88000101010101000001000000000100010002
:105E980000000001000100000000010001000000F6
:105EA80000010001010101010000010001010000E1
:105EB80000010000010100000100000000010000D5
:105EC80000000000000000000000000000010101C7
:105ED80001010001010000000000010000000000B5
:105EE80000000101000000000000010100000000A6
:105EF8000000000101000000000000010000000097
:105F08000000010000010101010000000000000084
:105F18000000000000000000000101010101010073
:105F28000000000100000000000001000000000067
:105F38000001000000000000010000000000000156
:105F48000000000000000100000000000001000047
:105F58000000000001000000000000000000000038
:105F68000000000000000000000000000000000128
:105F78000000000001000001000000000100000115
:105F88000000000001000001000000000100000105
:105F980000000000010000010000000001000001F5
:105FA80000000000010000010101010100000000E3
:105FB80000000000000000000000000000000100D8
:105FC80000000000010101000000010100010000C3
:105FD80000010000010000000100000101000101B2
:105FE80000000001000100000000010001000000A5
:105FF8000001010100000000000100000000000095
:106008000000000000000000000000010000000087
:106018000100000000010101000000010000000172
:106028000000010000010101000001000001000062
:106038000100010000010000010000010001000052
:106048000100000001010100010001000000000141
:106058000100000001010000000001010000000132
:106068000100000000010100000001010000000023
:106078000000000000000000000000000000000018
:106088000000000001000000000100000100000005
:1060980001000001010001000000000101000000F2
:1060A80000000101000000000001010000000001E3
:1060B80001000100000001000000010001000000D3
:1060C80000010000000000000000000000000000C7
:1060D80000010000000001000001000000010000B4
:1060E80001000001010000000100010000000001A2
:1060F8000100000000000001000000000000010095
:106108000000000000010000000000000100000085
:106118000000000000000000000000000000010175
:106128000101010100000000010100000000010060
:106138000000000100000000000100000000010054
:106148000000000101000000000100000000010142
:106158000101010100000000000000000000000033
:10616800000004042C0003034D0003036E0009091A
:10617800D10007071E01090881010807D901020299
:10618800EF01030310020303310205056802060646
:10619800AA020202C0020605020302021803070649
:1061A80065030707B2030504E90307073604060673
:1061B80078040707C5040707120507075F050606E1
:1061C800A1050707EE0507073B0602025106020272
:1061D800670605049E060605E00604040C07070783
:1061E80059070B0BD20707071F0807076C08070793
:1061F800B9080808110907065E090706AB09070769
:10620800F8090808500A04047C0A0606BE0A0707AB
:106218000B0B0706580B0A0AC60B08081E0C0808C1
:10622800760C0707C30C08081B0D0707680D07073E
:10623800B50D0706020E08085A0E0707A70E0B0B26
:10624800200F07076D0F0707BA0F0606504F57456F
:1062580052000000535441544500000054620108A4
:10626800201601085C620108494E4600696E660006
:106278004E414E006E616E00303132333435363760
:1062880038396162636465660030313233343536DB
:1062980037383941424344454600300030303030C9
:1062A8003030303030303030303030302020202026
:1062B800202020202020202020202020496E6669D0
:1062C8006E697479004E614E0042616C6C6F632098
:1062D800737563636565646564002F6275696C64D2
:1062E8002F676E752D746F6F6C732D666F722D73BB
:1062F800746D33325F31322E332E72656C312E322B
:10630800303234303631322D313331352F737263B8
:106318002F6E65776C69622F6E65776C69622F6C7A
:106328006962632F7374646C69622F64746F612E81
:1063380063002F6275696C642F676E752D746F6FBB
:106348006C732D666F722D73746D33325F31322E1C
:10635800332E72656C312E32303234303631322D74
:10636800313331352F7372632F6E65776C69622F05
:106378006E65776C69622F6C6962632F7374646CE5
:1063880069622F6D707265632E630000050000005E
:10639800190000007D0000000080E03779C3414308
:1063A800176E05B5B5B89346F5F93FE9034F384D73
:1063B800321D30F94877825A3CBF737FDD4F15751F
:1063C800000000000000F03F000000000000244032
:1063D80000000000000059400000000000408F400D
:1063E800000000000088C34000000000006AF84078
:1063F8000000000080842E4100000000D01263419C
:106408000000000084D797410000000065CDCD4111
:10641800000000205FA00242000000E876483742F2
:10642800000000A2941A6D42000040E59C30A24290
:106438000000901EC4BCD64200003426F56B0C4305
:106448000080E03779C3414300A0D88557347643AC
:1064580000C84E676DC1AB43003D9160E458E1430D
:10646800408CB5781DAF154450EFE2D6E41A4B4482
:1064780092D54D06CFF08044F64AE1C7022DB544C7
:10648800B49DD9794378EA444300504F53495800A2
:106498002E002C2066756E6374696F6E3A20006159
:1064A8007373657274696F6E20222573222066618A
:1064B800696C65643A2066696C6520222573222C14
:1064C800206C696E65202564257325730A000020F9
:1064D800202020202020202028282828282020208C
:1064E800202020202020202020202020202020883C
:1064F80010101010101010101010101010101004A0
:1065080004040404040404040410101010101010EF
:1065180041414141414101010101010101010101E3
:1065280001010101010101010101101010101010F9
:1065380042424242424202020202020202020202B3
:1065480002020202020202020202101010102000CF
:106558000000000000000000000000000000000033
:106568000000000000000000000000000000000023
:106578000000000000000000000000000000000013
:106588000000000000000000000000000000000003
:1065980000000000000000000000000000000000F3
:1065A80000000000000000000000000000000000E3
:1065B80000000000000000000000000000000000D3
:1065C8000000000000000000000000000000003093
:1065D80030303030303030303030303030303020C3
:1065E80020202020202020202020202020202000C3
:0865F800B89DFE7F01000000C8
:086600000DC90008C5020008E5
:04660800A1020008E3
:10660C00FFFF0000000020C0000000C08002E0017D
:10661C0001770100020000000090D0030090D0032D
:10662C00010000001000000000000000000000004D
:10663C00000000000000000000000000000000004E
:10664C00000000000000000000000000000000003E
:10665C00000000000000000000000000000000002E
:10666C00000000000000000000000000000000001E
:10667C00000000000000000000000000000000000E
:10668C0000000000000000000001010000000000FC
:10669C0000000000000000000000000000000000EE
:1066AC0000000000000000000000000000000000DE
:1066BC0000000000000000000000000003000000CB
:1066CC00F00C0024C800002400000000F00C002492
:1066DC00580D0024C00D0024000000000000000034
:1066EC00000000000000000000000000000000009E
:1066FC00000000000000000000000000000000008E
:10670C00000000000000000000000000000000007D
:10671C00000000000000000000000000000000006D
:10672C00000000000000000000000000000000005D
:10673C00000000000000000000000000000000004D
:10674C00000000000000000000000000000000003D
:10675C00000000000000000000000000000000002D
:10676C0001000000000000000E33CDAB34126DE6CA
:10677C00ECDE05000B000000000000000000000033
:10678C0000000000000000000000000000000000FD
:10679C0000000000000000000000000000000000ED
:1067AC0000000000000000000000000000000000DD
:1067BC0000000000000000000000000000000000CD
:1067CC0000000000000000000000000000000000BD
:1067DC0000000000000000000000000000000000AD
:1067EC000000000000000000310E0024FFFFFFFF3E
:1067FC00000002000000000000000000F401002472
:10680C00F4010024FC010024FC01002404020024F7
:10681C00040200240C0200240C02002414020024A4
:10682C00140200241C0200241C0200242402002454
:10683C00240200242C0200242C0200243402002404
:10684C00340200243C0200243C02002444020024B4
:10685C00440200244C0200244C0200245402002464
:10686C00540200245C0200245C0200246402002414
:10687C00640200246C0200246C02002474020024C4
:10688C00740200247C0200247C0200248402002474
:10689C00840200248C0200248C0200249402002424
:1068AC00940200249C0200249C020024A4020024D4
:1068BC00A4020024AC020024AC020024B402002484
:1068CC00B4020024BC020024BC020024C402002434
:1068DC00C4020024CC020024CC020024D4020024E4
:1068EC00D4020024DC020024DC020024E402002494
:1068FC00E4020024EC020024EC020024F402002444
:10690C00F4020024FC020024FC02002404030024F2
:10691C00040300240C0300240C030024140300249F
:10692C00140300241C0300241C030024240300244F
:10693C00240300242C0300242C03002434030024FF
:10694C00340300243C0300243C03002444030024AF
:10695C00440300244C0300244C030024540300245F
:10696C00540300245C0300245C030024640300240F
:10697C00640300246C0300246C03002474030024BF
:10698C00740300247C0300247C030024840300246F
:10699C00840300248C0300248C030024940300241F
:1069AC00940300249C0300249C030024A4030024CF
:1069BC00A4030024AC030024AC030024B40300247F
:1069CC00B4030024BC030024BC030024C40300242F
:1069DC00C4030024CC030024CC030024D4030024DF
:1069EC00D4030024DC030024DC030024E40300248F
:1069FC00E4030024EC030024EC030024F40300243F
:106A0C00F4030024FC030024FC03002404040024ED
:106A1C00040400240C0400240C040024140400249A
:106A2C00140400241C0400241C040024240400244A
:106A3C00240400242C0400242C04002434040024FA
:106A4C00340400243C0400243C04002444040024AA
:106A5C00440400244C0400244C040024540400245A
:106A6C00540400245C0400245C040024640400240A
:106A7C00640400246C0400246C04002474040024BA
:106A8C00740400247C0400247C040024840400246A
:106A9C00840400248C0400248C040024940400241A
:106AAC00940400249C0400249C040024A4040024CA
:106ABC00A4040024AC040024AC040024B40400247A
:106ACC00B4040024BC040024BC040024C40400242A
:106ADC00C4040024CC040024CC040024D4040024DA
:106AEC00D4040024DC040024DC040024E40400248A
:106AFC00E4040024EC040024EC040024F40400243A
:106B0C00F4040024FC040024FC04002404050024E8
:106B1C00040500240C0500240C0500241405002495
:106B2C00140500241C0500241C0500242405002445
:106B3C00240500242C0500242C05002434050024F5
:106B4C00340500243C0500243C05002444050024A5
:106B5C00440500244C0500244C0500245405002455
:106B6C00540500245C0500245C0500246405002405
:106B7C00640500246C0500246C05002474050024B5
:106B8C00740500247C0500247C0500248405002465
:106B9C00840500248C0500248C0500249405002415
:106BAC00940500249C0500249C050024A4050024C5
:106BBC00A4050024AC050024AC050024B405002475
:106BCC00B4050024BC050024BC050024C405002425
:106BDC00C4050024CC050024CC050024D4050024D5
:106BEC00D4050024DC050024DC050024E405002485
:106BFC00E4050024EC050024EC050024430000000F
:106C0C000000000000000000000000000000000078
:106C1C000000000000000000000000004300000025
:106C2C000000000000000000000000000000000058
:106C3C000000000000000000000000004300000005
:106C4C000000000000000000000000000000000038
:106C5C0000000000000000000000000043000000E5
:106C6C000000000000000000000000000000000018
:106C7C0000000000000000000000000043000000C5
:106C8C0000000000000000000000000000000000F8
:106C9C0000000000000000000000000043000000A5
:106CAC0000000000000000000000000000000000D8
:106CBC000000000000000000000000004300000085
:106CCC0000000000000000000000000000000000B8
:106CDC0000000000000000000000000051FF000850
:106CEC00DBFB000800000000D66401089864010872
:106CFC00D5640108D5640108D5640108D564010880
:106D0C00D5640108D5640108D5640108D56401086F
:106D1C00D5640108FFFFFFFFFFFFFFFFFFFFFFFF31
:106D2C00FFFF0000010041534349490000000000EF
:106D3C000000000000000000000000000000000047
:106D4C0000000000000041534349490000000000CE
:106D5C000000000000000000000000000000000027
:086D6C0000000000000000001F
:04000005080033318B
:00000001FF
